antecedent_product_id,antecedent_label_en,consequent_product_id,consequent_label_en,pair_count,antecedent_count,consequent_count,support,confidence,lift,chi_square,p_value,q_bh,phi,retained
P0072,"French fries, 180 g",P0535,"Grilled minced-meat rolls with mustard, 40/20/30 g",3191,5580,5898,0.10241679237410534,0.5718637992831541,3.0209495412453764,6482.459103435359,0.0,0.0,0.4561336114951643,True
P0535,"Grilled minced-meat rolls with mustard, 40/20/30 g",P0072,"French fries, 180 g",3191,5898,5580,0.10241679237410534,0.5410308579179383,3.0209495412453764,6482.459103435359,0.0,0.0,0.4561336114951643,True
P0070,"Caru' cu Flori potatoes, 180 g",P0535,"Grilled minced-meat rolls with mustard, 40/20/30 g",1767,4003,5898,0.05671277722502167,0.4414189357981514,2.331856524697016,1902.4397486920932,0.0,0.0,0.2471027840412338,True
P0535,"Grilled minced-meat rolls with mustard, 40/20/30 g",P0070,"Caru' cu Flori potatoes, 180 g",1767,5898,4003,0.05671277722502167,0.29959308240081384,2.331856524697016,1902.4397486920932,0.0,0.0,0.2471027840412338,True
P0612,"Sour cream, 50 g",P0018,"Hot pepper, 1 pc.",1664,2147,2461,0.05340693905061463,0.7750349324639031,9.812175290848367,15356.648896150462,0.0,0.0,0.7020538257782671,True
P0018,"Hot pepper, 1 pc.",P0612,"Sour cream, 50 g",1664,2461,2147,0.05340693905061463,0.6761479073547338,9.812175290848367,15356.648896150462,0.0,0.0,0.7020538257782671,True
P0082,"Tripe soup, 300/100 g",P0018,"Hot pepper, 1 pc.",1490,2454,2461,0.04782231922200469,0.6071719641401793,7.686979637023799,10215.347695758552,0.0,0.0,0.572596592754255,True
P0018,"Hot pepper, 1 pc.",P0082,"Tripe soup, 300/100 g",1490,2461,2454,0.04782231922200469,0.6054449410808614,7.686979637023799,10215.347695758552,0.0,0.0,0.572596592754255,True
P0612,"Sour cream, 50 g",P0082,"Tripe soup, 300/100 g",1455,2147,2454,0.046698976153031424,0.6776897997205403,8.604230272979983,11399.813251655858,0.0,0.0,0.6048825435885922,True
P0082,"Tripe soup, 300/100 g",P0612,"Sour cream, 50 g",1455,2454,2147,0.046698976153031424,0.5929095354523227,8.604230272979983,11399.813251655858,0.0,0.0,0.6048825435885922,True
P0149,"Beck's draught beer, 0.4 L",P0535,"Grilled minced-meat rolls with mustard, 40/20/30 g",1327,5044,5898,0.04259075007221491,0.26308485329103887,1.3897820912154792,213.50415015025953,2.3625930549003504e-48,1.0875903050195284e-47,0.0827799850323255,True
P0535,"Grilled minced-meat rolls with mustard, 40/20/30 g",P0149,"Beck's draught beer, 0.4 L",1327,5898,5044,0.04259075007221491,0.22499152255001695,1.3897820912154792,213.50415015025953,2.3625930549003504e-48,1.0875903050195284e-47,0.0827799850323255,True
P0599,Product P0599,P0072,"French fries, 180 g",1216,2260,5580,0.03902814776775684,0.5380530973451327,3.0043226440828494,2135.6553940859403,0.0,0.0,0.2618109287614036,True
P0072,"French fries, 180 g",P0599,Product P0599,1216,5580,2260,0.03902814776775684,0.21792114695340503,3.0043226440828494,2135.6553940859403,0.0,0.0,0.2618109287614036,True
P0076,"Grilled pork neck, 150 g",P0072,"French fries, 180 g",1205,2088,5580,0.038675097088936676,0.5771072796934866,3.2223891601093118,2411.464385937679,0.0,0.0,0.27820351255967585,True
P0072,"French fries, 180 g",P0076,"Grilled pork neck, 150 g",1205,5580,2088,0.038675097088936676,0.21594982078853048,3.2223891601093118,2411.464385937679,0.0,0.0,0.27820351255967585,True
P0095,Product P0095,P0072,"French fries, 180 g",1175,3929,5580,0.03771223160124531,0.29905828455077627,1.6698492780911358,440.1094602868384,1.0247630263856854e-97,1.1180164617867828e-96,0.1188509164340873,True
P0072,"French fries, 180 g",P0095,Product P0095,1175,5580,3929,0.03771223160124531,0.21057347670250895,1.6698492780911358,440.1094602868384,1.0247630263856854e-97,1.1180164617867828e-96,0.1188509164340873,True
P0165,"Honey lemonade, 500 ml",P0072,"French fries, 180 g",1161,3686,5580,0.037262894373656,0.3149755832881172,1.7587265678329513,525.0391343402869,3.390170546245261e-116,4.566266748090839e-115,0.12981295032258464,True
P0072,"French fries, 180 g",P0165,"Honey lemonade, 500 ml",1161,5580,3686,0.037262894373656,0.20806451612903226,1.7587265678329513,525.0391343402869,3.390170546245261e-116,4.566266748090839e-115,0.12981295032258464,True
P0149,"Beck's draught beer, 0.4 L",P0072,"French fries, 180 g",1114,5044,5580,0.03575440510960619,0.22085646312450435,1.2331944124677745,71.39944225062767,2.917546119362785e-17,5.305071360374664e-17,0.047870679538224784,True
P0072,"French fries, 180 g",P0149,"Beck's draught beer, 0.4 L",1114,5580,5044,0.03575440510960619,0.1996415770609319,1.2331944124677745,71.39944225062767,2.917546119362785e-17,5.305071360374664e-17,0.047870679538224784,True
P0165,"Honey lemonade, 500 ml",P0535,"Grilled minced-meat rolls with mustard, 40/20/30 g",1094,3686,5898,0.03511249478447861,0.29679869777536627,1.5678801333650536,314.8027103889848,1.963414691199337e-70,1.4376412269117292e-69,0.10051743882949778,True
P0535,"Grilled minced-meat rolls with mustard, 40/20/30 g",P0165,"Honey lemonade, 500 ml",1094,5898,3686,0.03511249478447861,0.1854866056290268,1.5678801333650536,314.8027103889848,1.963414691199337e-70,1.4376412269117292e-69,0.10051743882949778,True
P0095,Product P0095,P0535,"Grilled minced-meat rolls with mustard, 40/20/30 g",1053,3929,5898,0.03379657861796707,0.2680071264952914,1.4157846795886393,181.48782759645007,2.2938996480831719e-41,8.512396313124968e-41,0.07632133070745536,True
P0535,"Grilled minced-meat rolls with mustard, 40/20/30 g",P0095,Product P0095,1053,5898,3929,0.03379657861796707,0.1785350966429298,1.4157846795886393,181.48782759645007,2.2938996480831719e-41,8.512396313124968e-41,0.07632133070745536,True
P0613,Product P0613,P0072,"French fries, 180 g",989,1844,5580,0.03174246557755882,0.5363340563991323,2.9947240493239726,1701.4003820416924,0.0,0.0,0.23368209948652155,True
P0072,"French fries, 180 g",P0613,Product P0613,989,5580,1844,0.03174246557755882,0.17724014336917562,2.9947240493239726,1701.4003820416924,0.0,0.0,0.23368209948652155,True
P0567,"Fried Romanian cheese doughnuts, 180 g",P0072,"French fries, 180 g",947,2807,5580,0.030394453894790896,0.337370858567866,1.8837748817919358,525.6696306270608,2.472016664028445e-116,3.3712127255687916e-115,0.12989087025374635,True
P0070,"Caru' cu Flori potatoes, 180 g",P0072,"French fries, 180 g",947,4003,5580,0.030394453894790896,0.23657257057207096,1.320948312063443,103.21960627570967,2.9998263309301324e-24,6.762005221166889e-24,0.05755768021036878,True
P0072,"French fries, 180 g",P0567,"Fried Romanian cheese doughnuts, 180 g",947,5580,2807,0.030394453894790896,0.1697132616487455,1.8837748817919358,525.6696306270608,2.472016664028445e-116,3.3712127255687916e-115,0.12989087025374635,True
P0072,"French fries, 180 g",P0070,"Caru' cu Flori potatoes, 180 g",947,5580,4003,0.030394453894790896,0.1697132616487455,1.320948312063443,103.21960627570967,2.9998263309301324e-24,6.762005221166889e-24,0.05755768021036878,True
P0152,"Stella Artois draught beer, 0.4 L",P0535,"Grilled minced-meat rolls with mustard, 40/20/30 g",935,2832,5898,0.03000930769971435,0.3301553672316384,1.7440913490736107,402.7356648205719,1.397718841998007e-89,1.3615279076962728e-88,0.11369260783917425,True
P0535,"Grilled minced-meat rolls with mustard, 40/20/30 g",P0152,"Stella Artois draught beer, 0.4 L",935,5898,2832,0.03000930769971435,0.15852831468294337,1.7440913490736107,402.7356648205719,1.397718841998007e-89,1.3615279076962728e-88,0.11369260783917425,True
P0076,"Grilled pork neck, 150 g",P0070,"Caru' cu Flori potatoes, 180 g",907,2088,4003,0.02911063324453574,0.43438697318007663,3.3810129711145755,1870.3863993421637,0.0,0.0,0.24501227945920703,True
P0070,"Caru' cu Flori potatoes, 180 g",P0076,"Grilled pork neck, 150 g",907,4003,2088,0.02911063324453574,0.22658006495128655,3.3810129711145755,1870.3863993421637,0.0,0.0,0.24501227945920703,True
P0567,"Fried Romanian cheese doughnuts, 180 g",P0535,"Grilled minced-meat rolls with mustard, 40/20/30 g",878,2807,5898,0.028179863273100746,0.3127894549340933,1.6523535176977866,306.5487970172512,1.2332735405329362e-68,8.737022290398918e-68,0.09919093657205082,True
P0535,"Grilled minced-meat rolls with mustard, 40/20/30 g",P0567,"Fried Romanian cheese doughnuts, 180 g",878,5898,2807,0.028179863273100746,0.14886402170227195,1.6523535176977866,306.5487970172512,1.2332735405329362e-68,8.737022290398918e-68,0.09919093657205082,True
P0613,Product P0613,P0070,"Caru' cu Flori potatoes, 180 g",873,1844,4003,0.028019385691818853,0.4734273318872017,3.6848801847638133,2082.8494445946767,0.0,0.0,0.2585539174110081,True
P0070,"Caru' cu Flori potatoes, 180 g",P0613,Product P0613,873,4003,1844,0.028019385691818853,0.21808643517361978,3.6848801847638133,2082.8494445946767,0.0,0.0,0.2585539174110081,True
P0095,Product P0095,P0070,"Caru' cu Flori potatoes, 180 g",858,3929,4003,0.02753795294797317,0.21837617714431154,1.6997118539308806,324.49810164732105,1.5175335961088901e-72,1.1497424676074994e-71,0.10205358443771445,True
P0070,"Caru' cu Flori potatoes, 180 g",P0095,Product P0095,858,4003,3929,0.02753795294797317,0.21433924556582562,1.6997118539308806,324.49810164732105,1.5175335961088901e-72,1.1497424676074994e-71,0.10205358443771445,True
P0599,Product P0599,P0535,"Grilled minced-meat rolls with mustard, 40/20/30 g",854,2260,5898,0.027409570882947654,0.37787610619469025,1.9961827468138293,564.6482186662012,8.193746490402958e-125,1.1919169894706169e-123,0.1346204890844499,True
P0535,"Grilled minced-meat rolls with mustard, 40/20/30 g",P0599,Product P0599,854,5898,2260,0.027409570882947654,0.14479484571041032,1.9961827468138293,564.6482186662012,8.193746490402958e-125,1.1919169894706169e-123,0.1346204890844499,True
P0165,"Honey lemonade, 500 ml",P0070,"Caru' cu Flori potatoes, 180 g",847,3686,4003,0.027184902269153,0.22978838849701574,1.7885378017490678,383.20688941954154,2.4933235578178558e-85,2.2858957996464544e-84,0.11090186179195242,True
P0070,"Caru' cu Flori potatoes, 180 g",P0165,"Honey lemonade, 500 ml",847,4003,3686,0.027184902269153,0.2115913065201099,1.7885378017490678,383.20688941954154,2.4933235578178558e-85,2.2858957996464544e-84,0.11090186179195242,True
P0076,"Grilled pork neck, 150 g",P0599,Product P0599,837,2088,2260,0.02686394710658921,0.40086206896551724,5.526398001220628,3586.0570516324756,0.0,0.0,0.3392585332706793,True
P0599,Product P0599,P0076,"Grilled pork neck, 150 g",837,2260,2088,0.02686394710658921,0.37035398230088495,5.526398001220628,3586.0570516324756,0.0,0.0,0.3392585332706793,True
P0537,Product P0537,P0082,"Tripe soup, 300/100 g",834,1610,2454,0.026767660557820074,0.5180124223602485,6.576900180716488,4514.41133862562,0.0,0.0,0.3806472941015609,True
P0082,"Tripe soup, 300/100 g",P0537,Product P0537,834,2454,1610,0.026767660557820074,0.33985330073349634,6.576900180716488,4514.41133862562,0.0,0.0,0.3806472941015609,True
P0009,"Borsec sparkling mineral water, 750 ml",P0535,"Grilled minced-meat rolls with mustard, 40/20/30 g",817,3139,5898,0.02622203678146163,0.2602739726027397,1.3749332255652018,114.57933322190956,9.729484816585975e-27,2.3907360213728152e-26,0.060642253025995525,True
P0535,"Grilled minced-meat rolls with mustard, 40/20/30 g",P0009,"Borsec sparkling mineral water, 750 ml",817,5898,3139,0.02622203678146163,0.13852153272295695,1.3749332255652018,114.57933322190956,9.729484816585975e-27,2.3907360213728152e-26,0.060642253025995525,True
P0070,"Caru' cu Flori potatoes, 180 g",P0149,"Beck's draught beer, 0.4 L",815,4003,5044,0.02615784574894887,0.2035973020234824,1.2576290918211022,58.88647055434344,1.6703682077013973e-14,2.732191476165254e-14,0.04347403446837793,True
P0149,"Beck's draught beer, 0.4 L",P0070,"Caru' cu Flori potatoes, 180 g",815,5044,4003,0.02615784574894887,0.16157811260904045,1.2576290918211022,58.88647055434344,1.6703682077013973e-14,2.732191476165254e-14,0.04347403446837793,True
P0599,Product P0599,P0070,"Caru' cu Flori potatoes, 180 g",808,2260,4003,0.02593317713515422,0.35752212389380533,2.782742146929625,1141.6688614399932,2.9009955834935275e-250,8.791628282198441e-249,0.1914221813211546,True
P0070,"Caru' cu Flori potatoes, 180 g",P0599,Product P0599,808,4003,2260,0.02593317713515422,0.20184861353984512,2.782742146929625,1141.6688614399932,2.9009955834935275e-250,8.791628282198441e-249,0.1914221813211546,True
P0082,"Tripe soup, 300/100 g",P0072,"French fries, 180 g",804,2454,5580,0.025804795070128703,0.3276283618581907,1.8293757832286108,399.7515881694503,6.237503847995333e-89,6.022227166515849e-88,0.11327062106568458,True
P0072,"French fries, 180 g",P0082,"Tripe soup, 300/100 g",804,5580,2454,0.025804795070128703,0.14408602150537633,1.8293757832286108,399.7515881694503,6.237503847995333e-89,6.022227166515849e-88,0.11327062106568458,True
P0009,"Borsec sparkling mineral water, 750 ml",P0072,"French fries, 180 g",799,3139,5580,0.025644317488846807,0.2545396623128385,1.421271014100557,135.15047326503958,3.0607147615042084e-31,8.475227930967237e-31,0.06586140153181824,True
P0072,"French fries, 180 g",P0009,"Borsec sparkling mineral water, 750 ml",799,5580,3139,0.025644317488846807,0.1431899641577061,1.421271014100557,135.15047326503958,3.0607147615042084e-31,8.475227930967237e-31,0.06586140153181824,True
P0152,"Stella Artois draught beer, 0.4 L",P0072,"French fries, 180 g",786,2832,5580,0.02522707577751388,0.2775423728813559,1.549711059473908,205.36787493715642,1.407721730197865e-46,6.046552786007365e-46,0.08118736335528769,True
P0072,"French fries, 180 g",P0152,"Stella Artois draught beer, 0.4 L",786,5580,2832,0.02522707577751388,0.14086021505376345,1.549711059473908,205.36787493715642,1.407721730197865e-46,6.046552786007365e-46,0.08118736335528769,True
P0082,"Tripe soup, 300/100 g",P0535,"Grilled minced-meat rolls with mustard, 40/20/30 g",773,2454,5898,0.024809834066180956,0.3149959250203749,1.664009500823978,274.24587491195905,1.3476140106820138e-61,8.259813964348748e-61,0.09381931004053301,True
P0535,"Grilled minced-meat rolls with mustard, 40/20/30 g",P0082,"Tripe soup, 300/100 g",773,5898,2454,0.024809834066180956,0.13106137673787724,1.664009500823978,274.24587491195905,1.3476140106820138e-61,8.259813964348748e-61,0.09381931004053301,True
P0537,Product P0537,P0612,"Sour cream, 50 g",742,1610,2147,0.023814873062233205,0.4608695652173913,6.688082460865515,4065.2213837470667,0.0,0.0,0.36121375805447037,True
P0612,"Sour cream, 50 g",P0537,Product P0537,742,2147,1610,0.023814873062233205,0.3455985095482068,6.688082460865515,4065.2213837470667,0.0,0.0,0.36121375805447037,True
P0567,"Fried Romanian cheese doughnuts, 180 g",P0165,"Honey lemonade, 500 ml",735,2807,3686,0.023590204448438554,0.26184538653366585,2.213325205705216,609.3688993982382,1.5346696264592049e-134,2.5758839422569114e-133,0.13984995322404625,True
P0165,"Honey lemonade, 500 ml",P0567,"Fried Romanian cheese doughnuts, 180 g",735,3686,2807,0.023590204448438554,0.19940314704286488,2.213325205705216,609.3688993982382,1.5346696264592049e-134,2.5758839422569114e-133,0.13984995322404625,True
P0537,Product P0537,P0018,"Hot pepper, 1 pc.",732,1610,2461,0.023493917899669415,0.4546583850931677,5.756111866862181,3293.536570662518,0.0,0.0,0.3251272928326343,True
P0018,"Hot pepper, 1 pc.",P0537,Product P0537,732,2461,1610,0.023493917899669415,0.2974400650142219,5.756111866862181,3293.536570662518,0.0,0.0,0.3251272928326343,True
P0018,"Hot pepper, 1 pc.",P0072,"French fries, 180 g",727,2461,5580,0.02333344031838752,0.2954083705810646,1.6494692835473532,245.89387553676403,2.0400508174637652e-55,1.1128477209264839e-54,0.08883744075351473,True
P0072,"French fries, 180 g",P0018,"Hot pepper, 1 pc.",727,5580,2461,0.02333344031838752,0.13028673835125448,1.6494692835473532,245.89387553676403,2.0400508174637652e-55,1.1128477209264839e-54,0.08883744075351473,True
P0567,"Fried Romanian cheese doughnuts, 180 g",P0070,"Caru' cu Flori potatoes, 180 g",726,2807,4003,0.02330134480213114,0.25863911649447807,2.013094916966888,466.763656000055,1.6219070518391252e-103,1.9233702103874845e-102,0.12239697916630399,True
P0070,"Caru' cu Flori potatoes, 180 g",P0567,"Fried Romanian cheese doughnuts, 180 g",726,4003,2807,0.02330134480213114,0.18136397701723708,2.013094916966888,466.763656000055,1.6219070518391252e-103,1.9233702103874845e-102,0.12239697916630399,True
P0685,Product P0685,P0009,"Borsec sparkling mineral water, 750 ml",722,1242,3139,0.023172962737105625,0.5813204508856683,5.770054567774694,3297.5326337865354,0.0,0.0,0.32532447226367084,True
P0009,"Borsec sparkling mineral water, 750 ml",P0685,Product P0685,722,3139,1242,0.023172962737105625,0.2300095571838165,5.770054567774694,3297.5326337865354,0.0,0.0,0.32532447226367084,True
P0537,Product P0537,P0072,"French fries, 180 g",716,1610,5580,0.02298038963956735,0.44472049689440996,2.4831821723546827,814.7825269502881,3.2969329269038877e-179,7.653093240962003e-178,0.1617122934076025,True
P0072,"French fries, 180 g",P0537,Product P0537,716,5580,1610,0.02298038963956735,0.12831541218637993,2.4831821723546827,814.7825269502881,3.2969329269038877e-179,7.653093240962003e-178,0.1617122934076025,True
P0018,"Hot pepper, 1 pc.",P0535,"Grilled minced-meat rolls with mustard, 40/20/30 g",699,2461,5898,0.02243476586320891,0.284030881755384,1.5004323809515936,156.25189977311385,7.457996162756411e-36,2.372208108911733e-35,0.0708165615464213,True
P0535,"Grilled minced-meat rolls with mustard, 40/20/30 g",P0018,"Hot pepper, 1 pc.",699,5898,2461,0.02243476586320891,0.1185147507629705,1.5004323809515936,156.25189977311385,7.457996162756411e-36,2.372208108911733e-35,0.0708165615464213,True
P0007,Product P0007,P0072,"French fries, 180 g",697,2157,5580,0.02237057483069615,0.3231339823829393,1.8042805536030895,327.04499961441235,4.23057148403799e-73,3.227659782577236e-72,0.10245329717335519,True
P0072,"French fries, 180 g",P0007,Product P0007,697,5580,2157,0.02237057483069615,0.12491039426523297,1.8042805536030895,327.04499961441235,4.23057148403799e-73,3.227659782577236e-72,0.10245329717335519,True
P0627,"Chicken breast strips, 200 g",P0072,"French fries, 180 g",694,1085,5580,0.022274288281927016,0.6396313364055299,3.5715042201410574,1621.743395690954,0.0,0.0,0.2281462064555847,True
P0072,"French fries, 180 g",P0627,"Chicken breast strips, 200 g",694,5580,1085,0.022274288281927016,0.12437275985663082,3.5715042201410574,1621.743395690954,0.0,0.0,0.2281462064555847,True
P0612,"Sour cream, 50 g",P0072,"French fries, 180 g",692,2147,5580,0.022210097249414258,0.3223102002794597,1.7996808082629259,321.7050602610842,6.158929541481517e-72,4.63406353776299e-71,0.101613434108729,True
P0072,"French fries, 180 g",P0612,"Sour cream, 50 g",692,5580,2147,0.022210097249414258,0.12401433691756272,1.7996808082629259,321.7050602610842,6.158929541481517e-72,4.63406353776299e-71,0.101613434108729,True
P0011,Product P0011,P0072,"French fries, 180 g",686,1889,5580,0.022017524151875984,0.36315510852302807,2.027746185708241,463.39451466786204,8.773887987128028e-103,1.018331041910285e-101,0.12195444304591455,True
P0072,"French fries, 180 g",P0011,Product P0011,686,5580,1889,0.022017524151875984,0.12293906810035843,2.027746185708241,463.39451466786204,8.773887987128028e-103,1.018331041910285e-101,0.12195444304591455,True
P0165,"Honey lemonade, 500 ml",P0149,"Beck's draught beer, 0.4 L",672,3686,5044,0.021568186924286678,0.18231144872490504,1.1261454813485066,12.849854259394718,0.0003375055291285665,0.0003946608063014642,0.020308193082460683,True
P0149,"Beck's draught beer, 0.4 L",P0165,"Honey lemonade, 500 ml",672,5044,3686,0.021568186924286678,0.13322759714512292,1.1261454813485066,12.849854259394718,0.0003375055291285665,0.0003946608063014642,0.020308193082460683,True
P0165,"Honey lemonade, 500 ml",P0095,Product P0095,654,3686,3929,0.020990467631671856,0.17742810634834508,1.4070062381001243,99.9320771048777,1.5771412399248272e-23,3.4760830156727e-23,0.05663366141486281,True
P0095,Product P0095,P0165,"Honey lemonade, 500 ml",654,3929,3686,0.020990467631671856,0.16645456859251717,1.4070062381001243,99.9320771048777,1.5771412399248272e-23,3.4760830156727e-23,0.05663366141486281,True
P0612,"Sour cream, 50 g",P0535,"Grilled minced-meat rolls with mustard, 40/20/30 g",650,2147,5898,0.02086208556664634,0.30274802049371213,1.5993082527166143,193.38780386744526,5.792687178594943e-44,2.2897904753069144e-43,0.07878376357354998,True
P0535,"Grilled minced-meat rolls with mustard, 40/20/30 g",P0612,"Sour cream, 50 g",650,5898,2147,0.02086208556664634,0.1102068497795863,1.5993082527166143,193.38780386744526,5.792687178594943e-44,2.2897904753069144e-43,0.07878376357354998,True
P0009,"Borsec sparkling mineral water, 750 ml",P0070,"Caru' cu Flori potatoes, 180 g",639,3139,4003,0.02050903488782617,0.2035680152914941,1.5844538227422134,175.7769816119833,4.050754835365923e-40,1.4585391172885222e-39,0.07511093775759053,True
P0070,"Caru' cu Flori potatoes, 180 g",P0009,"Borsec sparkling mineral water, 750 ml",639,4003,3139,0.02050903488782617,0.15963027729203097,1.5844538227422134,175.7769816119833,4.050754835365923e-40,1.4585391172885222e-39,0.07511093775759053,True
P0076,"Grilled pork neck, 150 g",P0535,"Grilled minced-meat rolls with mustard, 40/20/30 g",630,2088,5898,0.02022017524151876,0.3017241379310345,1.5938994515966838,184.31916764183833,5.526256373990878e-42,2.1007476320641285e-41,0.07691436043685773,True
P0535,"Grilled minced-meat rolls with mustard, 40/20/30 g",P0076,"Grilled pork neck, 150 g",630,5898,2088,0.02022017524151876,0.10681586978636826,1.5938994515966838,184.31916764183833,5.526256373990878e-42,2.1007476320641285e-41,0.07691436043685773,True
P0570,Product P0570,P0072,"French fries, 180 g",619,1256,5580,0.019867124562698592,0.4928343949044586,2.751835348035523,876.2554386304561,1.424556279610385e-192,3.532252047852114e-191,0.16770173128296648,True
P0072,"French fries, 180 g",P0570,Product P0570,619,5580,1256,0.019867124562698592,0.11093189964157706,2.751835348035523,876.2554386304561,1.424556279610385e-192,3.532252047852114e-191,0.16770173128296648,True
P0159,Product P0159,P0072,"French fries, 180 g",616,1626,5580,0.019770838013929454,0.37884378843788435,2.115346938415621,465.588855559854,2.9219685797830105e-103,3.4278147532723274e-102,0.12224285125278361,True
P0072,"French fries, 180 g",P0159,Product P0159,616,5580,1626,0.019770838013929454,0.11039426523297491,2.115346938415621,465.588855559854,2.9219685797830105e-103,3.4278147532723274e-102,0.12224285125278361,True
P0011,Product P0011,P0535,"Grilled minced-meat rolls with mustard, 40/20/30 g",609,1889,5898,0.019546169400134802,0.3223928004235045,1.7030845172592624,232.11234002290598,2.0638845671943286e-52,1.0424528068560242e-51,0.08631202339483963,True
P0535,"Grilled minced-meat rolls with mustard, 40/20/30 g",P0011,Product P0011,609,5898,1889,0.019546169400134802,0.10325534079348932,1.7030845172592624,232.11234002290598,2.0638845671943286e-52,1.0424528068560242e-51,0.08631202339483963,True
P0007,Product P0007,P0535,"Grilled minced-meat rolls with mustard, 40/20/30 g",602,2157,5898,0.019321500786340148,0.27909133055169216,1.4743385191588798,121.75118129346251,2.616819351314393e-28,6.670443720289726e-28,0.06251133511962187,True
P0567,"Fried Romanian cheese doughnuts, 180 g",P0095,Product P0095,602,2807,3929,0.019321500786340148,0.2144638403990025,1.7006998919093206,218.56236005685028,1.8619760674244646e-49,8.794008179913814e-49,0.08375483138444728,True
P0095,Product P0095,P0567,"Fried Romanian cheese doughnuts, 180 g",602,3929,2807,0.019321500786340148,0.15321964876558922,1.7006998919093206,218.56236005685028,1.8619760674244646e-49,8.794008179913814e-49,0.08375483138444728,True
P0535,"Grilled minced-meat rolls with mustard, 40/20/30 g",P0007,Product P0007,602,5898,2157,0.019321500786340148,0.10206849779586301,1.4743385191588798,121.75118129346251,2.616819351314393e-28,6.670443720289726e-28,0.06251133511962187,True
P0572,"Medium Capricciosa pizza, 550 g",P0159,Product P0159,587,1605,1626,0.018840068042494464,0.36573208722741435,7.00806558532875,3363.2218072615037,0.0,0.0,0.32854883988346373,True
P0159,Product P0159,P0572,"Medium Capricciosa pizza, 550 g",587,1626,1605,0.018840068042494464,0.36100861008610086,7.00806558532875,3363.2218072615037,0.0,0.0,0.32854883988346373,True
P0627,"Chicken breast strips, 200 g",P0070,"Caru' cu Flori potatoes, 180 g",584,1085,4003,0.018743781493725326,0.5382488479262673,4.189412779125333,1685.7621410930847,0.0,0.0,0.23260568824480915,True
P0070,"Caru' cu Flori potatoes, 180 g",P0627,"Chicken breast strips, 200 g",584,4003,1085,0.018743781493725326,0.1458905820634524,4.189412779125333,1685.7621410930847,0.0,0.0,0.23260568824480915,True
P0089,Product P0089,P0612,"Sour cream, 50 g",581,1128,2147,0.01864749494495619,0.5150709219858156,7.474645885566865,3631.116819475838,0.0,0.0,0.34138331668126065,True
P0612,"Sour cream, 50 g",P0089,Product P0089,581,2147,1128,0.01864749494495619,0.2706101537028412,7.474645885566865,3631.116819475838,0.0,0.0,0.34138331668126065,True
P0058,Product P0058,P0095,Product P0095,574,2522,3929,0.018422826331161535,0.22759714512291832,1.804847098649724,256.50544088645563,9.914391540065468e-58,5.723069402228267e-57,0.09073408702257876,True
P0095,Product P0095,P0058,Product P0058,574,3929,2522,0.018422826331161535,0.14609315347416646,1.804847098649724,256.50544088645563,9.914391540065468e-58,5.723069402228267e-57,0.09073408702257876,True
P0058,Product P0058,P0072,"French fries, 180 g",571,2522,5580,0.0183265397823924,0.22640761300555115,1.2641903222964082,41.785146957837945,1.0187438400830629e-10,1.4643603814632697e-10,0.03662124879711876,True
P0072,"French fries, 180 g",P0058,Product P0058,571,5580,2522,0.0183265397823924,0.10232974910394266,1.2641903222964082,41.785146957837945,1.0187438400830629e-10,1.4643603814632697e-10,0.03662124879711876,True
P0537,Product P0537,P0535,"Grilled minced-meat rolls with mustard, 40/20/30 g",566,1610,5898,0.018166062201110503,0.3515527950310559,1.857126218172704,291.2368283922797,2.6734037188321543e-65,1.767686943785382e-64,0.09668193399038244,True
P0089,Product P0089,P0018,"Hot pepper, 1 pc.",563,1128,2461,0.018069775652341368,0.499113475177305,6.318926674562898,2839.6323856728495,0.0,0.0,0.30189313903516124,True
P0018,"Hot pepper, 1 pc.",P0089,Product P0089,563,2461,1128,0.018069775652341368,0.2287687931735067,6.318926674562898,2839.6323856728495,0.0,0.0,0.30189313903516124,True
P0011,Product P0011,P0070,"Caru' cu Flori potatoes, 180 g",559,1889,4003,0.017941393587315852,0.29592376919004765,2.3032967466036256,503.53880462580184,1.6143704843903104e-111,1.9789642679436278e-110,0.12712725077490294,True
P0070,"Caru' cu Flori potatoes, 180 g",P0011,Product P0011,559,4003,1889,0.017941393587315852,0.13964526605046215,2.3032967466036256,503.53880462580184,1.6143704843903104e-111,1.9789642679436278e-110,0.12712725077490294,True
P0152,"Stella Artois draught beer, 0.4 L",P0070,"Caru' cu Flori potatoes, 180 g",550,2832,4003,0.017652533941008443,0.1942090395480226,1.5116090545085537,120.20075217542833,5.717207181117297e-28,1.4438594987497617e-27,0.0621120374442462,True
P0070,"Caru' cu Flori potatoes, 180 g",P0152,"Stella Artois draught beer, 0.4 L",550,4003,2832,0.017652533941008443,0.13739695228578566,1.5116090545085537,120.20075217542833,5.717207181117297e-28,1.4438594987497617e-27,0.0621120374442462,True
P0613,Product P0613,P0535,"Grilled minced-meat rolls with mustard, 40/20/30 g",536,1844,5898,0.017203196713419137,0.29067245119305857,1.5355173892543448,131.24780647092442,2.185479783352805e-30,5.931239909547041e-30,0.06490351382014412,True
P0007,Product P0007,P0095,Product P0095,528,2157,3929,0.016946432583368105,0.24478442280945759,1.9411423419379665,296.1997542485895,2.216839551704871e-66,1.511607469318759e-65,0.09750222575726702,True
P0095,Product P0095,P0007,Product P0007,528,3929,2157,0.016946432583368105,0.13438533978111478,1.9411423419379665,296.1997542485895,2.216839551704871e-66,1.511607469318759e-65,0.09750222575726702,True
P0058,Product P0058,P0535,"Grilled minced-meat rolls with mustard, 40/20/30 g",524,2522,5898,0.01681805051834259,0.20777160983346551,1.0975822393321948,6.101459103973259,0.013507031146186566,0.014930264417922536,0.013993908669817924,True
P0018,"Hot pepper, 1 pc.",P0070,"Caru' cu Flori potatoes, 180 g",507,2461,4003,0.016272426741984144,0.20601381552214548,1.603490494684858,143.46254437415715,4.656921290750778e-33,1.3476660817530767e-32,0.06785649876866807,True
P0070,"Caru' cu Flori potatoes, 180 g",P0018,"Hot pepper, 1 pc.",507,4003,2461,0.016272426741984144,0.1266550087434424,1.603490494684858,143.46254437415715,4.656921290750778e-33,1.3476660817530767e-32,0.06785649876866807,True
P0570,Product P0570,P0070,"Caru' cu Flori potatoes, 180 g",506,1256,4003,0.016240331225727767,0.4028662420382166,3.1356741202060237,879.9972340305148,2.188950140430259e-193,5.553824658626541e-192,0.16805941071655264,True
P0070,"Caru' cu Flori potatoes, 180 g",P0570,Product P0570,506,4003,1256,0.016240331225727767,0.1264051961029228,3.1356741202060237,879.9972340305148,2.188950140430259e-193,5.553824658626541e-192,0.16805941071655264,True
P0009,"Borsec sparkling mineral water, 750 ml",P0095,Product P0095,504,3139,3929,0.01617614019321501,0.16056068811723478,1.2732474827357303,37.608710717655875,8.645752329361721e-10,1.200638261926307e-09,0.034742927139490974,True
P0095,Product P0095,P0009,"Borsec sparkling mineral water, 750 ml",504,3929,3139,0.01617614019321501,0.12827691524560958,1.2732474827357303,37.608710717655875,8.645752329361721e-10,1.200638261926307e-09,0.034742927139490974,True
P0613,Product P0613,P0599,Product P0599,502,1844,2260,0.01611194916070225,0.272234273318872,3.753098784865529,1161.8646909200806,1.1837971830571946e-254,3.798596255045292e-253,0.19310786383557296,True
P0599,Product P0599,P0613,Product P0613,502,2260,1844,0.01611194916070225,0.22212389380530972,3.753098784865529,1161.8646909200806,1.1837971830571946e-254,3.798596255045292e-253,0.19310786383557296,True
P0599,Product P0599,P0165,"Honey lemonade, 500 ml",501,2260,3686,0.01607985364444587,0.22168141592920354,1.8738274216240356,249.65686684768613,3.0849348894768344e-56,1.7348783321748587e-55,0.08951461349090747,True
P0018,"Hot pepper, 1 pc.",P0095,Product P0095,501,2461,3929,0.01607985364444587,0.20357578220235675,1.6143575072738177,145.53066384508656,1.6441675499061936e-33,4.835004843524682e-33,0.06834384966653255,True
P0165,"Honey lemonade, 500 ml",P0599,Product P0599,501,3686,2260,0.01607985364444587,0.13591969614758545,1.8738274216240356,249.65686684768613,3.0849348894768344e-56,1.7348783321748587e-55,0.08951461349090747,True
P0095,Product P0095,P0018,"Hot pepper, 1 pc.",501,3929,2461,0.01607985364444587,0.12751336217867143,1.6143575072738177,145.53066384508656,1.6441675499061936e-33,4.835004843524682e-33,0.06834384966653255,True
P0597,"Assorted pickled vegetables, 180 g",P0072,"French fries, 180 g",498,971,5580,0.015983567095676735,0.5128733264675592,2.8637265650089145,759.4833949856323,3.478461425669382e-167,7.74490084776591e-166,0.15612818979995657,True
P0082,"Tripe soup, 300/100 g",P0095,Product P0095,493,2454,3929,0.015823089514394838,0.20089649551752242,1.5931107434053058,135.21994971685578,2.955467798028907e-31,8.204619256105694e-31,0.06587832795634763,True
P0082,"Tripe soup, 300/100 g",P0070,"Caru' cu Flori potatoes, 180 g",493,2454,4003,0.015823089514394838,0.20089649551752242,1.5636602824979877,124.76407355756074,5.732012902542798e-29,1.4925121901370387e-28,0.0632800707259304,True
P0095,Product P0095,P0082,"Tripe soup, 300/100 g",493,3929,2454,0.015823089514394838,0.12547722066683634,1.5931107434053058,135.21994971685578,2.955467798028907e-31,8.204619256105694e-31,0.06587832795634763,True
P0070,"Caru' cu Flori potatoes, 180 g",P0082,"Tripe soup, 300/100 g",493,4003,2454,0.015823089514394838,0.12315763177616787,1.5636602824979877,124.76407355756074,5.732012902542798e-29,1.4925121901370387e-28,0.0632800707259304,True
P0570,Product P0570,P0599,Product P0599,488,1256,2260,0.015662611933112944,0.3885350318471338,5.356453976664224,1942.5915826582418,0.0,0.0,0.24969677555129258,True
P0599,Product P0599,P0570,Product P0570,488,2260,1256,0.015662611933112944,0.215929203539823,5.356453976664224,1942.5915826582418,0.0,0.0,0.24969677555129258,True
P0076,"Grilled pork neck, 150 g",P0095,Product P0095,482,2088,3929,0.01547003883557467,0.23084291187739464,1.830586053795873,222.78789647060742,2.2299199409723006e-50,1.0812634024892356e-49,0.08456058510261656,True
P0095,Product P0095,P0076,"Grilled pork neck, 150 g",482,3929,2088,0.01547003883557467,0.12267752608806312,1.830586053795873,222.78789647060742,2.2299199409723006e-50,1.0812634024892356e-49,0.08456058510261656,True
P0007,Product P0007,P0070,"Caru' cu Flori potatoes, 180 g",474,2157,4003,0.015213274705523638,0.21974965229485396,1.7104021775045628,172.41225253076087,2.1995186341843464e-39,7.791152045114032e-39,0.07438857609808078,True
P0070,"Caru' cu Flori potatoes, 180 g",P0007,Product P0007,474,4003,2157,0.015213274705523638,0.11841119160629528,1.7104021775045628,172.41225253076087,2.1995186341843464e-39,7.791152045114032e-39,0.07438857609808078,True
P0074,Product P0074,P0072,"French fries, 180 g",470,805,5580,0.015084892640498122,0.5838509316770186,3.26004363409693,920.8363286638319,2.899414756629646e-202,8.110926921751139e-201,0.1719148549605134,True
P0071,Product P0071,P0599,Product P0599,469,1212,2260,0.015052797124241743,0.38696369636963696,5.334791100791495,1853.2156715291646,0.0,0.0,0.24388504200163774,True
P0599,Product P0599,P0071,Product P0071,469,2260,1212,0.015052797124241743,0.2075221238938053,5.334791100791495,1853.2156715291646,0.0,0.0,0.24388504200163774,True
P0159,Product P0159,P0095,Product P0095,468,1626,3929,0.015020701607985364,0.2878228782287823,2.282437622034658,407.133472246088,1.5420598117192362e-90,1.5294429587142606e-89,0.11431167471868452,True
P0599,Product P0599,P0009,"Borsec sparkling mineral water, 750 ml",468,2260,3139,0.015020701607985364,0.20707964601769913,2.05542546383353,304.102952225528,4.206260251121927e-68,2.960664473531627e-67,0.09879443935144971,True
P0599,Product P0599,P0095,Product P0095,468,2260,3929,0.015020701607985364,0.20707964601769913,1.6421431740833423,144.99109949078274,2.157281532019813e-33,6.326865998477463e-33,0.0682170373934304,True
P0009,"Borsec sparkling mineral water, 750 ml",P0599,Product P0599,468,3139,2260,0.015020701607985364,0.14909206753743232,2.05542546383353,304.102952225528,4.206260251121927e-68,2.960664473531627e-67,0.09879443935144971,True
P0095,Product P0095,P0159,Product P0159,468,3929,1626,0.015020701607985364,0.11911427844235174,2.282437622034658,407.133472246088,1.5420598117192362e-90,1.5294429587142606e-89,0.11431167471868452,True
P0095,Product P0095,P0599,Product P0599,468,3929,2260,0.015020701607985364,0.11911427844235174,1.6421431740833423,144.99109949078274,2.157281532019813e-33,6.326865998477463e-33,0.0682170373934304,True
P0050,Product P0050,P0535,"Grilled minced-meat rolls with mustard, 40/20/30 g",467,1560,5898,0.014988606091728985,0.29935897435897435,1.5814051482032152,129.62205474102495,4.957250635459821e-30,1.3353976403176948e-29,0.06450028500034564,True
P0009,"Borsec sparkling mineral water, 750 ml",P0165,"Honey lemonade, 500 ml",467,3139,3686,0.014988606091728985,0.1487734947435489,1.2575517568433947,31.068459120160053,2.4908619281800294e-08,3.301981000783004e-08,0.03157781238071667,True
P0165,"Honey lemonade, 500 ml",P0009,"Borsec sparkling mineral water, 750 ml",467,3686,3139,0.014988606091728985,0.12669560499186108,1.2575517568433947,31.068459120160053,2.4908619281800294e-08,3.301981000783004e-08,0.03157781238071667,True
P0071,Product P0071,P0613,Product P0613,466,1212,1844,0.014956510575472606,0.3844884488448845,6.496478633763593,2396.644802047121,0.0,0.0,0.27734734937415495,True
P0613,Product P0613,P0071,Product P0071,466,1844,1212,0.014956510575472606,0.2527114967462039,6.496478633763593,2396.644802047121,0.0,0.0,0.27734734937415495,True
P0612,"Sour cream, 50 g",P0070,"Caru' cu Flori potatoes, 180 g",464,2147,4003,0.014892319542959848,0.21611551001397297,1.6821161492643908,158.16427309879862,2.849355304729529e-36,9.224470734302422e-36,0.07124860699284483,True
P0070,"Caru' cu Flori potatoes, 180 g",P0612,"Sour cream, 50 g",464,4003,2147,0.014892319542959848,0.11591306520109917,1.6821161492643908,158.16427309879862,2.849355304729529e-36,9.224470734302422e-36,0.07124860699284483,True
P0612,"Sour cream, 50 g",P0095,Product P0095,461,2147,3929,0.014796032994190711,0.21471821145784817,1.7027170563482248,164.31122236941502,1.2935219109220291e-37,4.396362631825339e-37,0.07261992501141172,True
P0095,Product P0095,P0612,"Sour cream, 50 g",461,3929,2147,0.014796032994190711,0.11733265461949606,1.7027170563482248,164.31122236941502,1.2935219109220291e-37,4.396362631825339e-37,0.07261992501141172,True
P0152,"Stella Artois draught beer, 0.4 L",P0165,"Honey lemonade, 500 ml",459,2832,3686,0.014731841961677953,0.1620762711864407,1.3699973904926566,57.221224729270816,3.894455686310512e-14,6.275998750021815e-14,0.04285492677053861,True
P0165,"Honey lemonade, 500 ml",P0152,"Stella Artois draught beer, 0.4 L",459,3686,2832,0.014731841961677953,0.1245252306022789,1.3699973904926566,57.221224729270816,3.894455686310512e-14,6.275998750021815e-14,0.04285492677053861,True
P0071,Product P0071,P0072,"French fries, 180 g",456,1212,5580,0.014635555412908816,0.37623762376237624,2.1007949182014976,333.37372224209565,1.7700979164703026e-74,1.3794120191922142e-73,0.1034398459089666,True
P0058,Product P0058,P0009,"Borsec sparkling mineral water, 750 ml",455,2522,3139,0.014603459896652437,0.18041237113402062,1.7907321591024783,192.22794257283098,1.037609229934881e-43,4.086756930898755e-43,0.07854715179926375,True
P0009,"Borsec sparkling mineral water, 750 ml",P0058,Product P0058,455,3139,2522,0.014603459896652437,0.14495062121694807,1.7907321591024783,192.22794257283098,1.037609229934881e-43,4.086756930898755e-43,0.07854715179926375,True
P0076,"Grilled pork neck, 150 g",P0165,"Honey lemonade, 500 ml",451,2088,3686,0.014475077831626921,0.21599616858237547,1.8257711949324669,204.76529794826996,1.9054464340863624e-46,8.120476795266489e-46,0.08106816853143399,True
P0165,"Honey lemonade, 500 ml",P0076,"Grilled pork neck, 150 g",451,3686,2088,0.014475077831626921,0.12235485621269669,1.8257711949324669,204.76529794826996,1.9054464340863624e-46,8.120476795266489e-46,0.08106816853143399,True
P0613,Product P0613,P0165,"Honey lemonade, 500 ml",450,1844,3686,0.014442982315370542,0.2440347071583514,2.062775195586749,297.0434391317945,1.451833714422929e-66,9.961953348650412e-66,0.09764098795846564,True
P0613,Product P0613,P0095,Product P0095,450,1844,3929,0.014442982315370542,0.2440347071583514,1.9351970911002176,247.3596538431087,9.773968933255446e-56,5.440510258255965e-55,0.0891018282140932,True
P0165,"Honey lemonade, 500 ml",P0613,Product P0613,450,3686,1844,0.014442982315370542,0.12208355941399891,2.062775195586749,297.0434391317945,1.451833714422929e-66,9.961953348650412e-66,0.09764098795846564,True
P0095,Product P0095,P0613,Product P0613,450,3929,1844,0.014442982315370542,0.11453296004072283,1.9351970911002176,247.3596538431087,9.773968933255446e-56,5.440510258255965e-55,0.0891018282140932,True
P0076,"Grilled pork neck, 150 g",P0082,"Tripe soup, 300/100 g",448,2088,2454,0.014378791282857784,0.21455938697318008,2.7241348084447314,568.7818688751713,1.0334594371337754e-125,1.5659781193235405e-124,0.1351123522066605,True
P0082,"Tripe soup, 300/100 g",P0076,"Grilled pork neck, 150 g",448,2454,2088,0.014378791282857784,0.18255908720456399,2.7241348084447314,568.7818688751713,1.0334594371337754e-125,1.5659781193235405e-124,0.1351123522066605,True
P0594,Product P0594,P0072,"French fries, 180 g",446,850,5580,0.014314600250345026,0.5247058823529411,2.9297959097617534,709.968319102717,2.0325879658629473e-156,4.184063152370709e-155,0.15095297190607185,True
P0076,"Grilled pork neck, 150 g",P0009,"Borsec sparkling mineral water, 750 ml",446,2088,3139,0.014314600250345026,0.2136015325670498,2.1201602262477124,314.6085474043898,2.1642485097968318e-70,1.574130082792229e-69,0.10048643563990799,True
P0009,"Borsec sparkling mineral water, 750 ml",P0076,"Grilled pork neck, 150 g",446,3139,2088,0.014314600250345026,0.14208346607199746,2.1201602262477124,314.6085474043898,2.1642485097968318e-70,1.574130082792229e-69,0.10048643563990799,True
P0599,Product P0599,P0567,"Fried Romanian cheese doughnuts, 180 g",445,2260,2807,0.014282504734088647,0.19690265486725664,2.1855703661200976,339.12150869189514,9.912680183517281e-76,7.83676382624446e-75,0.10432775227670002,True
P0567,"Fried Romanian cheese doughnuts, 180 g",P0599,Product P0599,445,2807,2260,0.014282504734088647,0.15853224082650516,2.1855703661200976,339.12150869189514,9.912680183517281e-76,7.83676382624446e-75,0.10432775227670002,True
P0082,"Tripe soup, 300/100 g",P0567,"Fried Romanian cheese doughnuts, 180 g",444,2454,2807,0.014250409217832268,0.18092909535452323,2.008267838960057,268.12918014946416,2.901692876601918e-60,1.739421389215765e-59,0.09276715183887396,True
P0567,"Fried Romanian cheese doughnuts, 180 g",P0082,"Tripe soup, 300/100 g",444,2807,2454,0.014250409217832268,0.15817598859992876,2.008267838960057,268.12918014946416,2.901692876601918e-60,1.739421389215765e-59,0.09276715183887396,True
P0082,"Tripe soup, 300/100 g",P0165,"Honey lemonade, 500 ml",441,2454,3686,0.014154122669063131,0.17970660146699266,1.5190229468006216,96.28461138032961,9.950041820930825e-23,2.116081018837335e-22,0.055590505572413185,True
P0165,"Honey lemonade, 500 ml",P0082,"Tripe soup, 300/100 g",441,3686,2454,0.014154122669063131,0.11964188822571893,1.5190229468006216,96.28461138032961,9.950041820930825e-23,2.116081018837335e-22,0.055590505572413185,True
P0011,Product P0011,P0095,Product P0095,436,1889,3929,0.013993645087781236,0.23080995235574378,1.8303246845375183,200.0583723208973,2.0281205233678863e-45,8.256266757441657e-45,0.08013099737960384,True
P0095,Product P0095,P0011,Product P0011,436,3929,1889,0.013993645087781236,0.11096971239501145,1.8303246845375183,200.0583723208973,2.0281205233678863e-45,8.256266757441657e-45,0.08013099737960384,True
P0018,"Hot pepper, 1 pc.",P0165,"Honey lemonade, 500 ml",435,2461,3686,0.013961549571524857,0.17675741568468104,1.4940940858620746,87.5278090222634,8.310312069913541e-21,1.6727952893497553e-20,0.053002360488560225,True
P0165,"Honey lemonade, 500 ml",P0018,"Hot pepper, 1 pc.",435,3686,2461,0.013961549571524857,0.11801410743353229,1.4940940858620746,87.5278090222634,8.310312069913541e-21,1.6727952893497553e-20,0.053002360488560225,True
P0058,Product P0058,P0070,"Caru' cu Flori potatoes, 180 g",434,2522,4003,0.013929454055268478,0.17208564631245044,1.3394135603689776,46.6029795780358,8.692797637071937e-12,1.3027255799513026e-11,0.03867488446838007,True
P0070,"Caru' cu Flori potatoes, 180 g",P0058,Product P0058,434,4003,2522,0.013929454055268478,0.10841868598551087,1.3394135603689776,46.6029795780358,8.692797637071937e-12,1.3027255799513026e-11,0.03867488446838007,True
P0007,Product P0007,P0165,"Honey lemonade, 500 ml",433,2157,3686,0.0138973585390121,0.20074177097821047,1.6968289089441413,150.9874890849389,1.0546847963719944e-34,3.2141371867090668e-34,0.06961337091705516,True
P0165,"Honey lemonade, 500 ml",P0007,Product P0007,433,3686,2157,0.0138973585390121,0.11747151383613673,1.6968289089441413,150.9874890849389,1.0546847963719944e-34,3.2141371867090668e-34,0.06961337091705516,True
P0612,"Sour cream, 50 g",P0165,"Honey lemonade, 500 ml",431,2147,3686,0.013833167506499343,0.2007452258965999,1.6968581126588074,150.24828816742033,1.5299954426046734e-34,4.585783043631041e-34,0.06944275610436666,True
P0165,"Honey lemonade, 500 ml",P0612,"Sour cream, 50 g",431,3686,2147,0.013833167506499343,0.11692892023874119,1.6968581126588074,150.24828816742033,1.5299954426046734e-34,4.585783043631041e-34,0.06944275610436666,True
P0076,"Grilled pork neck, 150 g",P0567,"Fried Romanian cheese doughnuts, 180 g",429,2088,2807,0.013768976473986585,0.20545977011494254,2.280552211425459,363.36238467983685,5.217274444494964e-81,4.4124390844527176e-80,0.10799214473492198,True
P0567,"Fried Romanian cheese doughnuts, 180 g",P0076,"Grilled pork neck, 150 g",429,2807,2088,0.013768976473986585,0.15283220520128252,2.280552211425459,363.36238467983685,5.217274444494964e-81,4.4124390844527176e-80,0.10799214473492198,True
P0159,Product P0159,P0535,"Grilled minced-meat rolls with mustard, 40/20/30 g",425,1626,5898,0.013640594408961069,0.2613776137761378,1.3807633625675018,58.07603311405682,2.521800232530354e-14,4.094172698944369e-14,0.04317383773673838,True
P0159,Product P0159,P0165,"Honey lemonade, 500 ml",424,1626,3686,0.01360849889270469,0.2607626076260763,2.2041726982652357,333.7770229231503,1.4459746373388475e-74,1.1349340498825056e-73,0.10350239545650984,True
P0165,"Honey lemonade, 500 ml",P0159,Product P0159,424,3686,1626,0.01360849889270469,0.11502984264785676,2.2041726982652357,333.7770229231503,1.4459746373388475e-74,1.1349340498825056e-73,0.10350239545650984,True
P0599,Product P0599,P0018,"Hot pepper, 1 pc.",423,2260,2461,0.01357640337644831,0.18716814159292036,2.36960495230013,392.00553656334966,3.028812285555252e-87,2.8734210465572e-86,0.11216782101547465,True
P0018,"Hot pepper, 1 pc.",P0599,Product P0599,423,2461,2260,0.01357640337644831,0.1718813490451036,2.36960495230013,392.00553656334966,3.028812285555252e-87,2.8734210465572e-86,0.11216782101547465,True
P0071,Product P0071,P0076,"Grilled pork neck, 150 g",421,1212,2088,0.013512212343935553,0.34735973597359737,5.183279355234374,1585.1416369305173,0.0,0.0,0.22555695328844688,True
P0011,Product P0011,P0009,"Borsec sparkling mineral water, 750 ml",421,1889,3139,0.013512212343935553,0.22286924298570673,2.212149411820855,331.0251879186138,5.747792677875822e-74,4.416085782790509e-73,0.10307484804797327,True
P0076,"Grilled pork neck, 150 g",P0071,Product P0071,421,2088,1212,0.013512212343935553,0.20162835249042146,5.183279355234374,1585.1416369305173,0.0,0.0,0.22555695328844688,True
P0009,"Borsec sparkling mineral water, 750 ml",P0011,Product P0011,421,3139,1889,0.013512212343935553,0.1341191462249124,2.212149411820855,331.0251879186138,5.747792677875822e-74,4.416085782790509e-73,0.10307484804797327,True
P0058,Product P0058,P0165,"Honey lemonade, 500 ml",414,2522,3686,0.0132875437301409,0.1641554321966693,1.387572110947267,55.30818767287406,1.0303849957336122e-13,1.6410949348107604e-13,0.04213246772461339,True
P0165,"Honey lemonade, 500 ml",P0058,Product P0058,414,3686,2522,0.0132875437301409,0.112316874660879,1.387572110947267,55.30818767287406,1.0303849957336122e-13,1.6410949348107604e-13,0.04213246772461339,True
P0011,Product P0011,P0165,"Honey lemonade, 500 ml",411,1889,3686,0.013191257181371763,0.21757543673901536,1.8391204238951442,189.98704653360136,3.2000628279891806e-43,1.2424443221836996e-42,0.07808797820740804,True
P0165,"Honey lemonade, 500 ml",P0011,Product P0011,411,3686,1889,0.013191257181371763,0.11150298426478568,1.8391204238951442,189.98704653360136,3.2000628279891806e-43,1.2424443221836996e-42,0.07808797820740804,True
P0152,"Stella Artois draught beer, 0.4 L",P0095,Product P0095,410,2832,3929,0.013159161665115384,0.14477401129943504,1.1480590150309231,9.854054580272509,0.001694578617726336,0.0019379300544438496,0.017784008799266327,True
P0095,Product P0095,P0152,"Stella Artois draught beer, 0.4 L",410,3929,2832,0.013159161665115384,0.10435225248154746,1.1480590150309231,9.854054580272509,0.001694578617726336,0.0019379300544438496,0.017784008799266327,True
P0567,"Fried Romanian cheese doughnuts, 180 g",P0009,"Borsec sparkling mineral water, 750 ml",408,2807,3139,0.013094970632602626,0.14535090844317777,1.4427200555476551,67.7419292643289,1.8635806956016181e-16,3.2952456059989716e-16,0.0466284483115377,True
P0009,"Borsec sparkling mineral water, 750 ml",P0567,"Fried Romanian cheese doughnuts, 180 g",408,3139,2807,0.013094970632602626,0.12997769990442817,1.4427200555476551,67.7419292643289,1.8635806956016181e-16,3.2952456059989716e-16,0.0466284483115377,True
P0537,Product P0537,P0070,"Caru' cu Flori potatoes, 180 g",406,1610,4003,0.013030779600089868,0.25217391304347825,1.9627735719949169,231.98943942726706,2.195265061784092e-52,1.1037023882057346e-51,0.08628916979810443,True
P0070,"Caru' cu Flori potatoes, 180 g",P0537,Product P0537,406,4003,1610,0.013030779600089868,0.10142393205096178,1.9627735719949169,231.98943942726706,2.195265061784092e-52,1.1037023882057346e-51,0.08628916979810443,True
P0050,Product P0050,P0072,"French fries, 180 g",404,1560,5580,0.01296658856757711,0.258974358974359,1.4460329932910578,71.27727787974752,3.103898288118755e-17,5.634530835836209e-17,0.04782970866417522,True
P0094,Product P0094,P0072,"French fries, 180 g",403,1003,5580,0.01293449305132073,0.4017946161515454,2.2434972859200175,349.6116658041105,5.148787998753939e-78,4.160983486400406e-77,0.10592906543171031,True
P0150,Product P0150,P0535,"Grilled minced-meat rolls with mustard, 40/20/30 g",403,1131,5898,0.01293449305132073,0.3563218390804598,1.8823193523617978,213.33444588277592,2.5728284151763248e-48,1.1793931936795674e-47,0.08274707956101071,True
P0076,"Grilled pork neck, 150 g",P0018,"Hot pepper, 1 pc.",400,2088,2461,0.012838206502551594,0.19157088122605365,2.4253449599187946,389.92964606190117,8.574195897835397e-87,7.927498071642727e-86,0.11187043082970519,True
P0018,"Hot pepper, 1 pc.",P0076,"Grilled pork neck, 150 g",400,2461,2088,0.012838206502551594,0.16253555465258024,2.4253449599187946,389.92964606190117,8.574195897835397e-87,7.927498071642727e-86,0.11187043082970519,True
P0048,Product P0048,P0535,"Grilled minced-meat rolls with mustard, 40/20/30 g",399,1234,5898,0.012806110986295215,0.3233387358184765,1.708081551694858,150.42528245335012,1.3996000779718831e-34,4.206511529111087e-34,0.06948364626551991,True
P0613,Product P0613,P0567,"Fried Romanian cheese doughnuts, 180 g",399,1844,2807,0.012806110986295215,0.21637744034707157,2.4017356283910614,381.30970291871637,6.453861097833461e-85,5.867635381446922e-84,0.11062699385205539,True
P0567,"Fried Romanian cheese doughnuts, 180 g",P0613,Product P0613,399,2807,1844,0.012806110986295215,0.14214463840399003,2.4017356283910614,381.30970291871637,6.453861097833461e-85,5.867635381446922e-84,0.11062699385205539,True
P0011,Product P0011,P0567,"Fried Romanian cheese doughnuts, 180 g",395,1889,2807,0.012677728921269699,0.20910534674430917,2.321017202890075,347.456820920061,1.516905662915253e-77,1.207988378277767e-76,0.10560211193072598,True
P0567,"Fried Romanian cheese doughnuts, 180 g",P0011,Product P0011,395,2807,1889,0.012677728921269699,0.14071962949768435,2.321017202890075,347.456820920061,1.516905662915253e-77,1.207988378277767e-76,0.10560211193072598,True
P0597,"Assorted pickled vegetables, 180 g",P0070,"Caru' cu Flori potatoes, 180 g",394,971,4003,0.01264563340501332,0.4057672502574665,3.1582538636702187,688.2181582238528,1.0908725183898189e-151,2.1638943955696225e-150,0.1486227340793086,True
P0071,Product P0071,P0535,"Grilled minced-meat rolls with mustard, 40/20/30 g",393,1212,5898,0.01261353788875694,0.32425742574257427,1.7129346581657148,149.66560566494965,2.0514026012551696e-34,6.114973327785219e-34,0.06930797125612752,True
P0572,"Medium Capricciosa pizza, 550 g",P0095,Product P0095,393,1605,3929,0.01261353788875694,0.24485981308411214,1.941740187391622,216.55703030239818,5.098113136307792e-49,2.3871422453698717e-48,0.08336971684313062,True
P0095,Product P0095,P0572,"Medium Capricciosa pizza, 550 g",393,3929,1605,0.01261353788875694,0.10002545176889793,1.941740187391622,216.55703030239818,5.098113136307792e-49,2.3871422453698717e-48,0.08336971684313062,True
P0076,"Grilled pork neck, 150 g",P0149,"Beck's draught beer, 0.4 L",392,2088,5044,0.012581442372500562,0.18773946360153257,1.1596745573816316,11.021628992435893,0.0009005489694217998,0.001039681402792787,0.018808106563354646,True
P0015,Product P0015,P0072,"French fries, 180 g",391,1453,5580,0.012549346856244183,0.2690984170681349,1.5025626130092975,83.97910890619818,5.000308250931174e-20,9.811755938427898e-20,0.051916787796387254,True
P0018,"Hot pepper, 1 pc.",P0567,"Fried Romanian cheese doughnuts, 180 g",384,2461,2807,0.01232467824244953,0.15603413246647704,1.731939959122916,141.73795048162165,1.1096353617324395e-32,3.1858215253949775e-32,0.06744740687253088,True
P0567,"Fried Romanian cheese doughnuts, 180 g",P0018,"Hot pepper, 1 pc.",384,2807,2461,0.01232467824244953,0.13680085500534378,1.731939959122916,141.73795048162165,1.1096353617324395e-32,3.1858215253949775e-32,0.06744740687253088,True
P0015,Product P0015,P0535,"Grilled minced-meat rolls with mustard, 40/20/30 g",382,1453,5898,0.012260487209936772,0.2629043358568479,1.388828482925027,53.80356706356409,2.2157008492135003e-13,3.4932509053351574e-13,0.0415554239701606,True
P0007,Product P0007,P0567,"Fried Romanian cheese doughnuts, 180 g",381,2157,2807,0.012228391693680393,0.17663421418636996,1.960595729036241,211.72806751179613,5.765774274570644e-48,2.6101492670359225e-47,0.0824349539501088,True
P0567,"Fried Romanian cheese doughnuts, 180 g",P0007,Product P0007,381,2807,2157,0.012228391693680393,0.13573209832561453,1.960595729036241,211.72806751179613,5.765774274570644e-48,2.6101492670359225e-47,0.0824349539501088,True
P0612,"Sour cream, 50 g",P0599,Product P0599,380,2147,2260,0.012196296177424014,0.17699115044247787,2.440050121387736,373.98212704384423,2.5419908134329133e-83,2.2919933697977755e-82,0.1095588857105205,True
P0599,Product P0599,P0612,"Sour cream, 50 g",380,2260,2147,0.012196296177424014,0.168141592920354,2.440050121387736,373.98212704384423,2.5419908134329133e-83,2.2919933697977755e-82,0.1095588857105205,True
P0614,Product P0614,P0072,"French fries, 180 g",378,845,5580,0.012132105144911256,0.44733727810650886,2.497793472036648,425.0952119221766,1.8985797455603667e-94,1.9541042475531696e-93,0.11680603702188122,True
P0599,Product P0599,P0152,"Stella Artois draught beer, 0.4 L",378,2260,2832,0.012132105144911256,0.1672566371681416,1.8401183065846705,171.95529065846324,2.7677409515034582e-39,9.740662509968622e-39,0.07428993085673913,True
P0152,"Stella Artois draught beer, 0.4 L",P0599,Product P0599,378,2832,2260,0.012132105144911256,0.13347457627118645,1.8401183065846705,171.95529065846324,2.7677409515034582e-39,9.740662509968622e-39,0.07428993085673913,True
P0011,Product P0011,P0058,Product P0058,373,1889,2522,0.01197162756362936,0.19745897300158813,2.439424750916131,366.961390585088,8.586196867757742e-82,7.376016364349368e-81,0.10852564340738612,True
P0058,Product P0058,P0011,Product P0011,373,2522,1889,0.01197162756362936,0.147898493259318,2.439424750916131,366.961390585088,8.586196867757742e-82,7.376016364349368e-81,0.10852564340738612,True
P0089,Product P0089,P0072,"French fries, 180 g",371,1128,5580,0.011907436531116602,0.32890070921985815,1.8364801787030682,178.65688937990927,9.520983191359838e-41,3.4857022354944908e-40,0.07572374196648618,True
P0576,Product P0576,P0159,Product P0159,371,1175,1626,0.011907436531116602,0.31574468085106383,6.050219570280809,1714.7302513119716,0.0,0.0,0.23459572173483514,True
P0572,"Medium Capricciosa pizza, 550 g",P0165,"Honey lemonade, 500 ml",371,1605,3686,0.011907436531116602,0.23115264797507787,1.9538857984154914,206.5938651549184,7.603546753896154e-47,3.2797074219441306e-46,0.08142933597634118,True
P0537,Product P0537,P0095,Product P0095,371,1610,3929,0.011907436531116602,0.23043478260869565,1.8273495855788067,167.69206487205145,2.361904184797546e-38,8.180436398774992e-38,0.0733632291694326,True
P0159,Product P0159,P0576,Product P0576,371,1626,1175,0.011907436531116602,0.22816728167281672,6.050219570280809,1714.7302513119716,0.0,0.0,0.23459572173483514,True
P0165,"Honey lemonade, 500 ml",P0572,"Medium Capricciosa pizza, 550 g",371,3686,1605,0.011907436531116602,0.10065111231687467,1.9538857984154914,206.5938651549184,7.603546753896154e-47,3.2797074219441306e-46,0.08142933597634118,True
P0011,Product P0011,P0599,Product P0599,370,1889,2260,0.011875341014860223,0.19587083112758072,2.7003307457708106,454.6917170187241,6.871946359331739e-101,7.809680706282216e-100,0.12080383021748661,True
P0599,Product P0599,P0011,Product P0011,370,2260,1889,0.011875341014860223,0.16371681415929204,2.7003307457708106,454.6917170187241,6.871946359331739e-101,7.809680706282216e-100,0.12080383021748661,True
P0007,Product P0007,P0058,Product P0058,369,2157,2522,0.011843245498603844,0.17107093184979139,2.113424672340979,253.03311238328277,5.665124272566516e-57,3.2359427127591983e-56,0.09011785822965292,True
P0058,Product P0058,P0007,Product P0007,369,2522,2157,0.011843245498603844,0.14631245043616178,2.113424672340979,253.03311238328277,5.665124272566516e-57,3.2359427127591983e-56,0.09011785822965292,True
P0612,"Sour cream, 50 g",P0567,"Fried Romanian cheese doughnuts, 180 g",365,2147,2807,0.011714863433578328,0.17000465766185374,1.8870093048701022,179.63280464722962,5.829004652193357e-41,2.1412269614622735e-40,0.0759302811909327,True
P0567,"Fried Romanian cheese doughnuts, 180 g",P0612,"Sour cream, 50 g",365,2807,2147,0.011714863433578328,0.1300320627003919,1.8870093048701022,179.63280464722962,5.829004652193357e-41,2.1412269614622735e-40,0.0759302811909327,True
P0570,Product P0570,P0535,"Grilled minced-meat rolls with mustard, 40/20/30 g",364,1256,5898,0.01168276791732195,0.2898089171974522,1.5309556515973242,86.1518626926928,1.666348907659456e-20,3.3235587902312e-20,0.05258410890726068,True
P0599,Product P0599,P0082,"Tripe soup, 300/100 g",364,2260,2454,0.01168276791732195,0.16106194690265488,2.0449091604099503,227.46556284535762,2.1285022679868963e-51,1.0507674092188705e-50,0.08544369298005308,True
P0082,"Tripe soup, 300/100 g",P0599,Product P0599,364,2454,2260,0.01168276791732195,0.14832925835370822,2.0449091604099503,227.46556284535762,2.1285022679868963e-51,1.0507674092188705e-50,0.08544369298005308,True
P0018,"Hot pepper, 1 pc.",P0009,"Borsec sparkling mineral water, 750 ml",364,2461,3139,0.01168276791732195,0.14790735473384803,1.4680947599370828,65.59453051714983,5.53922763545653e-16,9.577333360195046e-16,0.045883442771251705,True
P0009,"Borsec sparkling mineral water, 750 ml",P0018,"Hot pepper, 1 pc.",364,3139,2461,0.01168276791732195,0.11596049697355845,1.4680947599370828,65.59453051714983,5.53922763545653e-16,9.577333360195046e-16,0.045883442771251705,True
P0094,Product P0094,P0567,"Fried Romanian cheese doughnuts, 180 g",360,1003,2807,0.011554385852296433,0.3589232303090728,3.9839583493907305,913.663972081064,1.050659708701656e-200,2.865674355483767e-199,0.17124402724999077,True
P0572,"Medium Capricciosa pizza, 550 g",P0072,"French fries, 180 g",360,1605,5580,0.011554385852296433,0.22429906542056074,1.2524168425283888,23.521501855176158,1.2352554059152102e-06,1.5490386756936716e-06,0.027476075869149415,True
P0567,"Fried Romanian cheese doughnuts, 180 g",P0094,Product P0094,360,2807,1003,0.011554385852296433,0.1282508015675098,3.9839583493907305,913.663972081064,1.050659708701656e-200,2.865674355483767e-199,0.17124402724999077,True
P0613,Product P0613,P0076,"Grilled pork neck, 150 g",359,1844,2088,0.011522290336040054,0.19468546637744036,2.9050838486216035,510.95761451574384,3.925233942017323e-113,4.979570035745232e-112,0.12806033118421442,True
P0076,"Grilled pork neck, 150 g",P0613,Product P0613,359,2088,1844,0.011522290336040054,0.17193486590038315,2.9050838486216035,510.95761451574384,3.925233942017323e-113,4.979570035745232e-112,0.12806033118421442,True
P0076,"Grilled pork neck, 150 g",P0612,"Sour cream, 50 g",359,2088,2147,0.011522290336040054,0.17193486590038315,2.4950976324444514,370.2366945052665,1.6621048600241953e-82,1.439171747846347e-81,0.10900888884490934,True
P0612,"Sour cream, 50 g",P0076,"Grilled pork neck, 150 g",359,2147,2088,0.011522290336040054,0.1672100605496041,2.4950976324444514,370.2366945052665,1.6621048600241953e-82,1.439171747846347e-81,0.10900888884490934,True
P0594,Product P0594,P0070,"Caru' cu Flori potatoes, 180 g",357,850,4003,0.011458099303527296,0.42,3.2690332250811887,663.2314285527405,2.9619677397597194e-146,5.38584467346309e-145,0.14589981184654055,True
P0627,"Chicken breast strips, 200 g",P0535,"Grilled minced-meat rolls with mustard, 40/20/30 g",357,1085,5898,0.011458099303527296,0.32903225806451614,1.7381583697043284,143.02460990942987,5.805639643271379e-33,1.675648902330443e-32,0.06775285006854227,True
P0166,Product P0166,P0072,"French fries, 180 g",352,995,5580,0.011297621722245403,0.35376884422110555,1.9753361791034025,213.31030827223776,2.6042134907855897e-48,1.188785321525974e-47,0.08274239824180116,True
P0071,Product P0071,P0570,Product P0570,352,1212,1256,0.011297621722245403,0.29042904290429045,7.2045363772046,2039.1845568594033,0.0,0.0,0.25582939841706615,True
P0570,Product P0570,P0071,Product P0071,352,1256,1212,0.011297621722245403,0.2802547770700637,7.2045363772046,2039.1845568594033,0.0,0.0,0.25582939841706615,True
P0601,Cornflake-crusted pike-perch with potatoes and sauce,P0072,"French fries, 180 g",351,952,5580,0.011265526205989024,0.36869747899159666,2.058693074003795,240.12561044016405,3.692469119773786e-54,1.9461274442865703e-53,0.08778926718827998,True
P0160,Product P0160,P0572,"Medium Capricciosa pizza, 550 g",348,735,1605,0.011169239657219887,0.47346938775510206,9.191206052514463,2743.0837778898613,0.0,0.0,0.2967165145149045,True
P0048,Product P0048,P0072,"French fries, 180 g",348,1234,5580,0.011169239657219887,0.2820097244732577,1.5746553737299802,92.5689209601063,6.5020532882704475e-22,1.3384415353779355e-21,0.05450731425699264,True
P0572,"Medium Capricciosa pizza, 550 g",P0160,Product P0160,348,1605,735,0.011169239657219887,0.21682242990654205,9.191206052514463,2743.0837778898613,0.0,0.0,0.2967165145149045,True
P0166,Product P0166,P0535,"Grilled minced-meat rolls with mustard, 40/20/30 g",345,995,5898,0.01107295310845075,0.34673366834170855,1.8316685155175676,165.9998578524457,5.532190370216087e-38,1.8920437911930256e-37,0.07299213064611672,True
P0027,Product P0027,P0535,"Grilled minced-meat rolls with mustard, 40/20/30 g",345,1375,5898,0.01107295310845075,0.2509090909090909,1.3254619439563486,35.57898191725559,2.449158998910183e-09,3.331711306497518e-09,0.03379239252421602,True
P0537,Product P0537,P0076,"Grilled pork neck, 150 g",345,1610,2088,0.01107295310845075,0.21428571428571427,3.197557471264368,588.9101018066468,4.324913578179859e-130,6.93894222616798e-129,0.1374822670240822,True
P0076,"Grilled pork neck, 150 g",P0537,Product P0537,345,2088,1610,0.01107295310845075,0.16522988505747127,3.197557471264368,588.9101018066468,4.324913578179859e-130,6.93894222616798e-129,0.1374822670240822,True
P0569,Product P0569,P0072,"French fries, 180 g",343,998,5580,0.011008762075937992,0.343687374749499,1.9190443611236814,189.9882678570645,3.198099094689515e-43,1.2424443221836996e-42,0.07808822919958999,True
P0597,"Assorted pickled vegetables, 180 g",P0535,"Grilled minced-meat rolls with mustard, 40/20/30 g",342,971,5898,0.010976666559681613,0.35221421215242016,1.8606202455125394,173.33291011021774,1.3844138936177481e-39,4.9359331958724294e-39,0.07458692401626421,True
P0150,Product P0150,P0072,"French fries, 180 g",342,1131,5580,0.010976666559681613,0.30238726790450926,1.6884372950001425,121.3484220676744,3.2058259701845446e-28,8.133851473189158e-28,0.06240785409833431,True
P0537,Product P0537,P0149,"Beck's draught beer, 0.4 L",340,1610,5044,0.010912475527168855,0.2111801242236025,1.3044685032582837,30.39983118227813,3.515587515815411e-08,4.621091541873028e-08,0.031236169353843383,True
P0029,Product P0029,P0535,"Grilled minced-meat rolls with mustard, 40/20/30 g",337,906,5898,0.010816188978399718,0.3719646799116998,1.9649548206186556,202.8834735657857,4.904732804096698e-46,2.0423906447593503e-45,0.08069479428055636,True
P0567,"Fried Romanian cheese doughnuts, 180 g",P0152,"Stella Artois draught beer, 0.4 L",336,2807,2832,0.010784093462143339,0.11970074812967581,1.316919565493047,30.978930321602004,2.6084477777365924e-08,3.453660831930367e-08,0.031532281264478934,True
P0152,"Stella Artois draught beer, 0.4 L",P0567,"Fried Romanian cheese doughnuts, 180 g",336,2832,2807,0.010784093462143339,0.11864406779661017,1.316919565493047,30.978930321602004,2.6084477777365924e-08,3.453660831930367e-08,0.031532281264478934,True
P0597,"Assorted pickled vegetables, 180 g",P0076,"Grilled pork neck, 150 g",335,971,2088,0.01075199794588696,0.345005149330587,5.1481443667112545,1238.7321920474412,2.332510874556627e-271,8.208933432713807e-270,0.19939345327055907,True
P0076,"Grilled pork neck, 150 g",P0597,"Assorted pickled vegetables, 180 g",335,2088,971,0.01075199794588696,0.16044061302681992,5.1481443667112545,1238.7321920474412,2.332510874556627e-271,8.208933432713807e-270,0.19939345327055907,True
P0082,"Tripe soup, 300/100 g",P0009,"Borsec sparkling mineral water, 750 ml",335,2454,3139,0.01075199794588696,0.13651181744091279,1.3549852488074292,37.60778017263537,8.64987785402454e-10,1.200638261926307e-09,0.034742497318085035,True
P0009,"Borsec sparkling mineral water, 750 ml",P0082,"Tripe soup, 300/100 g",335,3139,2454,0.01075199794588696,0.10672188595093979,1.3549852488074292,37.60778017263537,8.64987785402454e-10,1.200638261926307e-09,0.034742497318085035,True
P0613,Product P0613,P0149,"Beck's draught beer, 0.4 L",334,1844,5044,0.010719902429630581,0.18112798264642083,1.1188351616404706,5.346437750878065,0.02076465245578064,0.022699635099455592,0.013099491583531983,True
P0049,Product P0049,P0535,"Grilled minced-meat rolls with mustard, 40/20/30 g",330,831,5898,0.010591520364605065,0.3971119133574007,2.0977985562015147,240.25666995351872,3.457324479792955e-54,1.839971223148348e-53,0.08781322142022031,True
P0011,Product P0011,P0076,"Grilled pork neck, 150 g",330,1889,2088,0.010591520364605065,0.17469560614081525,2.606796456192232,372.9208614068774,4.327516223029252e-83,3.838471706768223e-82,0.1094033252219844,True
P0076,"Grilled pork neck, 150 g",P0011,Product P0011,330,2088,1889,0.010591520364605065,0.15804597701149425,2.606796456192232,372.9208614068774,4.327516223029252e-83,3.838471706768223e-82,0.1094033252219844,True
P0078,Product P0078,P0084,Product P0084,328,412,661,0.010527329332092307,0.7961165048543689,37.525872831690734,12073.637682029987,0.0,0.0,0.6225027184657296,True
P0084,Product P0084,P0078,Product P0078,328,661,412,0.010527329332092307,0.4962178517397882,37.525872831690734,12073.637682029987,0.0,0.0,0.6225027184657296,True
P0537,Product P0537,P0567,"Fried Romanian cheese doughnuts, 180 g",328,1610,2807,0.010527329332092307,0.20372670807453416,2.2613156549619737,267.42686899386734,4.1278291840570434e-60,2.4609079998941173e-59,0.09264557960952699,True
P0567,"Fried Romanian cheese doughnuts, 180 g",P0537,Product P0537,328,2807,1610,0.010527329332092307,0.11685073031706449,2.2613156549619737,267.42686899386734,4.1278291840570434e-60,2.4609079998941173e-59,0.09264557960952699,True
P0156,Product P0156,P0165,"Honey lemonade, 500 ml",327,1346,3686,0.010495233815835928,0.24294205052005943,2.0535391937204266,209.5107952457038,1.7562931010571859e-47,7.726273279247539e-47,0.0820021776216667,True
P0688,Product P0688,P0149,"Beck's draught beer, 0.4 L",327,1468,5044,0.010495233815835928,0.22275204359673023,1.3759487355954252,42.059265717129804,8.854862401425959e-11,1.2812539628588487e-10,0.03674117372316109,True
P0094,Product P0094,P0535,"Grilled minced-meat rolls with mustard, 40/20/30 g",325,1003,5898,0.01043104278332317,0.3240279162512463,1.7117222425635943,122.58048324687886,1.7228292606831237e-28,4.412222355411474e-28,0.06272387019919125,True
P0089,Product P0089,P0535,"Grilled minced-meat rolls with mustard, 40/20/30 g",325,1128,5898,0.01043104278332317,0.28812056737588654,1.5220367103646146,74.47569554537203,6.138941643096305e-18,1.1448863816441144e-17,0.048891061525411984,True
P0594,Product P0594,P0535,"Grilled minced-meat rolls with mustard, 40/20/30 g",322,850,5898,0.010334756234554033,0.3788235294117647,2.0011876408752713,204.527253294902,2.147522188021875e-46,9.081188787332813e-46,0.08102103296674926,True
P0537,Product P0537,P0165,"Honey lemonade, 500 ml",321,1610,3686,0.010302660718297654,0.19937888198757764,1.6853086885748663,106.98464652235374,4.486316021481613e-25,1.0391870020034903e-24,0.058598015850719415,True
P0613,Product P0613,P0011,Product P0011,320,1844,1889,0.010270565202041275,0.1735357917570499,2.862284099404131,438.7196280698286,2.0563896404510576e-97,2.2213080175565384e-96,0.11866310696550855,True
P0011,Product P0011,P0613,Product P0613,320,1889,1844,0.010270565202041275,0.16940179989412388,2.862284099404131,438.7196280698286,2.0563896404510576e-97,2.2213080175565384e-96,0.11866310696550855,True
P0018,"Hot pepper, 1 pc.",P0058,Product P0058,319,2461,2522,0.010238469685784896,0.12962210483543274,1.6013623792060183,85.10719754131955,2.826199022416811e-20,5.5858390098854e-20,0.052264322842855995,True
P0058,Product P0058,P0018,"Hot pepper, 1 pc.",319,2522,2461,0.010238469685784896,0.12648691514670896,1.6013623792060183,85.10719754131955,2.826199022416811e-20,5.5858390098854e-20,0.052264322842855995,True
P0074,Product P0074,P0070,"Caru' cu Flori potatoes, 180 g",316,805,4003,0.010142183137015759,0.39254658385093166,3.055351964287654,514.6220403701279,6.260367415598186e-114,8.131024821925738e-113,0.1285187148340286,True
P0156,Product P0156,P0072,"French fries, 180 g",316,1346,5580,0.010142183137015759,0.23476968796433878,1.3108815713091224,29.661881926251645,5.143637578448132e-08,6.728667383797257e-08,0.030854714608286423,True
P0613,Product P0613,P0009,"Borsec sparkling mineral water, 750 ml",315,1844,3139,0.01011008762075938,0.17082429501084598,1.695563096416989,106.23889185407688,6.536121985291466e-25,1.5044111995681413e-24,0.058393424977151435,True
P0009,"Borsec sparkling mineral water, 750 ml",P0613,Product P0613,315,3139,1844,0.01011008762075938,0.10035043007327174,1.695563096416989,106.23889185407688,6.536121985291466e-25,1.5044111995681413e-24,0.058393424977151435,True
P0011,Product P0011,P0018,"Hot pepper, 1 pc.",313,1889,2461,0.010045896588246622,0.1656961355214399,2.0977628990010175,207.82696414481626,4.0923439045468814e-47,1.7787837449644013e-46,0.08167198850416121,True
P0612,"Sour cream, 50 g",P0009,"Borsec sparkling mineral water, 750 ml",313,2147,3139,0.010045896588246622,0.14578481602235677,1.4470269234815452,51.62517011906117,6.717484180073306e-13,1.0395425872992874e-12,0.04070548472619701,True
P0018,"Hot pepper, 1 pc.",P0011,Product P0011,313,2461,1889,0.010045896588246622,0.12718407151564404,2.0977628990010175,207.82696414481626,4.0923439045468814e-47,1.7787837449644013e-46,0.08167198850416121,True
P0049,Product P0049,P0072,"French fries, 180 g",312,831,5580,0.010013801071990243,0.37545126353790614,2.0964041250986636,223.90688321507338,1.2712354407151857e-50,6.191597615269052e-50,0.08477267844149163,True
P0056,Product P0056,P0072,"French fries, 180 g",312,937,5580,0.010013801071990243,0.3329775880469584,1.859244213401269,155.60322460703577,1.0336471296811366e-35,3.2544237420621723e-35,0.07066941222990401,True
P0058,Product P0058,P0567,"Fried Romanian cheese doughnuts, 180 g",311,2522,2807,0.009981705555733864,0.12331482950039652,1.3687638556265955,36.94788410675221,1.2132928971774438e-09,1.6755728491399887e-09,0.034436338582768525,True
P0567,"Fried Romanian cheese doughnuts, 180 g",P0058,Product P0058,311,2807,2522,0.009981705555733864,0.1107944424652654,1.3687638556265955,36.94788410675221,1.2132928971774438e-09,1.6755728491399887e-09,0.034436338582768525,True
P0020,Product P0020,P0070,"Caru' cu Flori potatoes, 180 g",309,572,4003,0.009917514523221106,0.5402097902097902,4.204675601690341,882.1919744805837,7.296496175836159e-194,1.8953517447231546e-192,0.16826885290566596,True
P0029,Product P0029,P0072,"French fries, 180 g",309,906,5580,0.009917514523221106,0.34105960264900664,1.9043716917087992,166.50321027995884,4.2948278349078046e-38,1.4734770968189984e-37,0.0731027119351923,True
P0576,Product P0576,P0095,Product P0095,308,1175,3929,0.009885419006964727,0.2621276595744681,2.078674341909316,205.01228436091853,1.6830811564789879e-46,7.200947222425787e-46,0.08111704571459227,True
P0159,Product P0159,P0070,"Caru' cu Flori potatoes, 180 g",307,1626,4003,0.009853323490708348,0.18880688806888068,1.4695618814794194,55.76163080116767,8.18128163199297e-14,1.3087651408364122e-13,0.042304826295129494,True
P0159,Product P0159,P0149,"Beck's draught beer, 0.4 L",307,1626,5044,0.009853323490708348,0.18880688806888068,1.1662680831804353,9.160814967049772,0.0024725243201621917,0.002815787091124166,0.017147043059858043,True
P0094,Product P0094,P0070,"Caru' cu Flori potatoes, 180 g",306,1003,4003,0.009821227974451969,0.3050847457627119,2.3746004056279824,288.67976874119705,9.643284539893523e-65,6.262394900609424e-64,0.09625656450611987,True
P0594,Product P0594,P0076,"Grilled pork neck, 150 g",302,850,2088,0.009692845909426453,0.3552941176470588,5.301675681766959,1161.4682492506433,1.4435688286861148e-254,4.499810263133003e-253,0.19307491570655175,True
P0076,"Grilled pork neck, 150 g",P0594,Product P0594,302,2088,850,0.009692845909426453,0.1446360153256705,5.301675681766959,1161.4682492506433,1.4435688286861148e-254,4.499810263133003e-253,0.19307491570655175,True
P0118,Product P0118,P0072,"French fries, 180 g",301,936,5580,0.009660750393170074,0.3215811965811966,1.7956102763226416,133.26251816169093,7.921327354452552e-31,2.171399031082345e-30,0.06539976542790159,True
P0027,Product P0027,P0072,"French fries, 180 g",301,1375,5580,0.009660750393170074,0.21890909090909091,1.2223208862821764,15.511350049116079,8.201134302461026e-05,9.789318954031706e-05,0.022312435717773846,True
P0082,"Tripe soup, 300/100 g",P0058,Product P0058,300,2454,2522,0.009628654876913695,0.12224938875305623,1.510279224971837,61.08950005314544,5.453823430711612e-15,9.084154752528808e-15,0.04427978141375355,True
P0058,Product P0058,P0082,"Tripe soup, 300/100 g",300,2522,2454,0.009628654876913695,0.11895321173671689,1.510279224971837,61.08950005314544,5.453823430711612e-15,9.084154752528808e-15,0.04427978141375355,True
P0071,Product P0071,P0070,"Caru' cu Flori potatoes, 180 g",299,1212,4003,0.009596559360657316,0.2466996699669967,1.9201652803301814,157.40459201794818,4.175821281704607e-36,1.3399473583352136e-35,0.07107729343426603,True
P0056,Product P0056,P0535,"Grilled minced-meat rolls with mustard, 40/20/30 g",298,937,5898,0.009564463844400937,0.31803628601921025,1.6800706279248105,104.32716761653509,1.715209882296741e-24,3.914840965660553e-24,0.05786565738171889,True
P0089,Product P0089,P0082,"Tripe soup, 300/100 g",298,1128,2454,0.009564463844400937,0.2641843971631206,3.354194483460207,554.5692778758638,1.2764209678783534e-122,1.832335889414847e-121,0.13341359478461384,True
P0082,"Tripe soup, 300/100 g",P0089,Product P0089,298,2454,1128,0.009564463844400937,0.12143439282803586,3.354194483460207,554.5692778758638,1.2764209678783534e-122,1.832335889414847e-121,0.13341359478461384,True
P0156,Product P0156,P0095,Product P0095,296,1346,3929,0.009500272811888179,0.2199108469539376,1.7438946954807417,112.33455268289721,3.01829445070253e-26,7.33398495705225e-26,0.060045278430422726,True
P0537,Product P0537,P0599,Product P0599,296,1610,2260,0.009500272811888179,0.18385093167701863,2.534621008080031,312.6987013883145,5.640775823942174e-70,4.048741068369021e-69,0.10018096752256511,True
P0599,Product P0599,P0537,Product P0537,296,2260,1610,0.009500272811888179,0.13097345132743363,2.534621008080031,312.6987013883145,5.640775823942174e-70,4.048741068369021e-69,0.10018096752256511,True
P0627,"Chicken breast strips, 200 g",P0095,Product P0095,294,1085,3929,0.00943608177937542,0.2709677419354839,2.1487762625308915,214.07219036955223,1.7761059387263256e-48,8.210727030298396e-48,0.08289003236846165,True
P0570,Product P0570,P0076,"Grilled pork neck, 150 g",294,1256,2088,0.00943608177937542,0.2340764331210191,3.492873288674134,584.1984110275596,4.5797999203658126e-129,7.241393787129133e-128,0.13693118563017634,True
P0156,Product P0156,P0535,"Grilled minced-meat rolls with mustard, 40/20/30 g",294,1346,5898,0.00943608177937542,0.21842496285289748,1.1538600487636024,7.776147618819241,0.005294057314473282,0.005979106138809887,0.0157980844507116,True
P0076,"Grilled pork neck, 150 g",P0570,Product P0570,294,2088,1256,0.00943608177937542,0.14080459770114942,3.492873288674134,584.1984110275596,4.5797999203658126e-129,7.241393787129133e-128,0.13693118563017634,True
P0031,Product P0031,P0009,"Borsec sparkling mineral water, 750 ml",293,2093,3139,0.009403986263119042,0.13999044433827043,1.3895133081387356,38.138908810885056,6.588317231042347e-10,9.227027084810272e-10,0.03498696854173446,True
P0140,Product P0140,P0072,"French fries, 180 g",292,931,5580,0.009371890746862663,0.31364124597207305,1.7512760395612685,118.17029207361159,1.5912285074797467e-27,3.945523412864554e-27,0.06158519733076816,True
P0118,Product P0118,P0535,"Grilled minced-meat rolls with mustard, 40/20/30 g",292,936,5898,0.009371890746862663,0.31196581196581197,1.6480025099048494,94.61601301288847,2.311409450699275e-22,4.840206738412493e-22,0.05510671269245633,True
P0613,Product P0613,P0082,"Tripe soup, 300/100 g",291,1844,2454,0.009339795230606284,0.15780911062906725,2.0036098043479416,168.78480295595352,1.3632738075724684e-38,4.751858543327678e-38,0.0736018708125176,True
P0082,"Tripe soup, 300/100 g",P0613,Product P0613,291,2454,1844,0.009339795230606284,0.11858190709046455,2.0036098043479416,168.78480295595352,1.3632738075724684e-38,4.751858543327678e-38,0.0736018708125176,True
P0074,Product P0074,P0535,"Grilled minced-meat rolls with mustard, 40/20/30 g",289,805,5898,0.009275604198093526,0.3590062111801242,1.8964999189113478,155.07911919059924,1.345562388326401e-35,4.20632826837852e-35,0.07055029688815499,True
P0688,Product P0688,P0031,Product P0031,289,1468,2093,0.009275604198093526,0.19686648501362397,2.930611119717861,413.5133834685002,6.300296375365306e-92,6.364466060669952e-91,0.11520384334449751,True
P0031,Product P0031,P0688,Product P0688,289,2093,1468,0.009275604198093526,0.13807931199235546,2.930611119717861,413.5133834685002,6.300296375365306e-92,6.364466060669952e-91,0.11520384334449751,True
P0011,Product P0011,P0612,"Sour cream, 50 g",288,1889,2147,0.009243508681837147,0.1524616199047115,2.2125042810298536,218.7990453609094,1.6532769472505723e-49,7.842283258479889e-49,0.08380016895723581,True
P0612,"Sour cream, 50 g",P0011,Product P0011,288,2147,1889,0.009243508681837147,0.13414066138798322,2.2125042810298536,218.7990453609094,1.6532769472505723e-49,7.842283258479889e-49,0.08380016895723581,True
P0612,"Sour cream, 50 g",P0058,Product P0058,288,2147,2522,0.009243508681837147,0.13414066138798322,1.6571850066873088,87.71283295209587,7.568176841207788e-21,1.526225680916395e-20,0.05305835142470078,True
P0058,Product P0058,P0612,"Sour cream, 50 g",288,2522,2147,0.009243508681837147,0.11419508326724821,1.6571850066873088,87.71283295209587,7.568176841207788e-21,1.526225680916395e-20,0.05305835142470078,True
P0570,Product P0570,P0095,Product P0095,287,1256,3929,0.009211413165580768,0.2285031847133758,1.812031999520145,124.52946864152352,6.451391026289219e-29,1.6718450379291065e-28,0.06322054717559991,True
P0050,Product P0050,P0070,"Caru' cu Flori potatoes, 180 g",287,1560,4003,0.009211413165580768,0.183974358974359,1.4319483144052216,45.16977047842593,1.8067251178987488e-11,2.681819188608891e-11,0.03807554468011228,True
P0011,Product P0011,P0082,"Tripe soup, 300/100 g",287,1889,2454,0.009211413165580768,0.15193223928004235,1.928994612570611,148.37755285789888,3.922839435921801e-34,1.1661628949838378e-33,0.06900908751630053,True
P0082,"Tripe soup, 300/100 g",P0011,Product P0011,287,2454,1889,0.009211413165580768,0.1169519152404238,1.928994612570611,148.37755285789888,3.922839435921801e-34,1.1661628949838378e-33,0.06900908751630053,True
P0576,Product P0576,P0165,"Honey lemonade, 500 ml",286,1175,3686,0.009179317649324389,0.24340425531914894,2.0574461158379607,183.20201905659272,9.689980259554e-42,3.6454374010942804e-41,0.07668091927482562,True
P0599,Product P0599,P0058,Product P0058,286,2260,2522,0.009179317649324389,0.12654867256637167,1.5633929386004923,68.12115596726281,1.5375217261899978e-16,2.7319807870900446e-16,0.04675878172868292,True
P0058,Product P0058,P0599,Product P0599,286,2522,2260,0.009179317649324389,0.1134020618556701,1.5633929386004923,68.12115596726281,1.5375217261899978e-16,2.7319807870900446e-16,0.04675878172868292,True
P0569,Product P0569,P0165,"Honey lemonade, 500 ml",284,998,3686,0.00911512661681163,0.2845691382765531,2.4054044062079667,273.2453134325638,2.226499887660514e-61,1.357045462255654e-60,0.09364800798337476,True
P0020,Product P0020,P0072,"French fries, 180 g",282,572,5580,0.009050935584298873,0.493006993006993,2.752799082637792,390.56385454666895,6.2391534717377835e-87,5.8178772971503604e-86,0.1119613707613329,True
P0071,Product P0071,P0165,"Honey lemonade, 500 ml",282,1212,3686,0.009050935584298873,0.23267326732673269,1.9667392810903446,158.13701237741304,2.8887048401165377e-36,9.324192250198646e-36,0.07124246662977402,True
P0537,Product P0537,P0009,"Borsec sparkling mineral water, 750 ml",282,1610,3139,0.009050935584298873,0.17515527950310558,1.7385514633572032,103.74897837632649,2.2964347258196894e-24,5.2087531930754284e-24,0.05770508662206564,True
P0076,"Grilled pork neck, 150 g",P0007,Product P0007,282,2088,2157,0.009050935584298873,0.13505747126436782,1.950851011675432,150.49883210031777,1.3487394924682838e-34,4.076107441226863e-34,0.06950063102045764,True
P0076,"Grilled pork neck, 150 g",P0058,Product P0058,282,2088,2522,0.009050935584298873,0.13505747126436782,1.6685113529674493,88.08896466149965,6.257576322650622e-21,1.266607749167315e-20,0.05317199260231608,True
P0007,Product P0007,P0076,"Grilled pork neck, 150 g",282,2157,2088,0.009050935584298873,0.13073713490959665,1.950851011675432,150.49883210031777,1.3487394924682838e-34,4.076107441226863e-34,0.06950063102045764,True
P0058,Product P0058,P0076,"Grilled pork neck, 150 g",282,2522,2088,0.009050935584298873,0.11181601903251388,1.6685113529674493,88.08896466149965,6.257576322650622e-21,1.266607749167315e-20,0.05317199260231608,True
P0601,Cornflake-crusted pike-perch with potatoes and sauce,P0165,"Honey lemonade, 500 ml",281,952,3686,0.009018840068042494,0.29516806722689076,2.4949949730299066,294.49238500061057,5.220736027556172e-66,3.4943699423704196e-65,0.0972208060559411,True
P0015,Product P0015,P0095,Product P0095,280,1453,3929,0.008986744551786115,0.19270474879559532,1.5281501293520903,61.346159611623975,4.787241345379495e-15,8.022857615682072e-15,0.04437270177802223,True
P0569,Product P0569,P0535,"Grilled minced-meat rolls with mustard, 40/20/30 g",279,998,5898,0.008954649035529736,0.27955911823647295,1.4768096722437754,54.73283789568055,1.3807974236394623e-13,2.186429592439265e-13,0.041912750905166926,True
P0007,Product P0007,P0599,Product P0599,278,2157,2260,0.008922553519273357,0.12888270746407046,1.7768135028575411,109.3696934312315,1.346729666998738e-25,3.194091449338311e-25,0.05924758875665132,True
P0599,Product P0599,P0007,Product P0007,278,2260,2157,0.008922553519273357,0.12300884955752213,1.7768135028575411,109.3696934312315,1.346729666998738e-25,3.194091449338311e-25,0.05924758875665132,True
P0601,Cornflake-crusted pike-perch with potatoes and sauce,P0535,"Grilled minced-meat rolls with mustard, 40/20/30 g",277,952,5898,0.008890458003016978,0.29096638655462187,1.5370701434185066,66.14002850949181,4.1999906496951436e-16,7.29648057136529e-16,0.04607383596167964,True
P0576,Product P0576,P0072,"French fries, 180 g",276,1175,5580,0.0088583624867606,0.2348936170212766,1.3115735529627088,25.860604352270975,3.6698301657854717e-07,4.699277829661913e-07,0.02880988454312336,True
P0015,Product P0015,P0165,"Honey lemonade, 500 ml",276,1453,3686,0.0088583624867606,0.1899518238128011,1.6056237044317538,75.00546451703924,4.69413029726609e-18,8.769342729995384e-18,0.049064642113480154,True
P0613,Product P0613,P0612,"Sour cream, 50 g",273,1844,2147,0.008762075937991463,0.1480477223427332,2.1484503423533017,191.32205709025618,1.635910985283146e-43,6.420067931452922e-43,0.0783618541992479,True
P0613,Product P0613,P0018,"Hot pepper, 1 pc.",273,1844,2461,0.008762075937991463,0.1480477223427332,1.8743286814435347,128.4978861699589,8.734020419666758e-30,2.3412325007018262e-29,0.06421998127123872,True
P0612,"Sour cream, 50 g",P0613,Product P0613,273,2147,1844,0.008762075937991463,0.12715416860735912,2.1484503423533017,191.32205709025618,1.635910985283146e-43,6.420067931452922e-43,0.0783618541992479,True
P0018,"Hot pepper, 1 pc.",P0613,Product P0613,273,2461,1844,0.008762075937991463,0.11093051605038602,1.8743286814435347,128.4978861699589,8.734020419666758e-30,2.3412325007018262e-29,0.06421998127123872,True
P0605,Product P0605,P0070,"Caru' cu Flori potatoes, 180 g",272,480,4003,0.008729980421735084,0.5666666666666667,4.410600383046049,835.9829783833917,8.108231661909249e-184,1.9230610311180417e-182,0.16380264122644747,True
P0056,Product P0056,P0070,"Caru' cu Flori potatoes, 180 g",272,937,4003,0.008729980421735084,0.2902881536819637,2.2594324267471753,225.8927453091403,4.689221876037069e-51,2.3044779579983974e-50,0.08514777906244878,True
P0094,Product P0094,P0165,"Honey lemonade, 500 ml",272,1003,3686,0.008729980421735084,0.2711864406779661,2.292283215464838,232.2244302559274,1.9509285531139746e-52,9.899828146266728e-52,0.08633286150943606,True
P0627,"Chicken breast strips, 200 g",P0165,"Honey lemonade, 500 ml",272,1085,3686,0.008729980421735084,0.25069124423963135,2.11904153466473,188.88450580238163,5.569587194479635e-43,2.1471447452923257e-42,0.0778610668213482,True
P0018,"Hot pepper, 1 pc.",P0152,"Stella Artois draught beer, 0.4 L",272,2461,2832,0.008729980421735084,0.11052417716375457,1.2159610832948804,12.460062174121397,0.00041574610621074814,0.00048459295072214337,0.019997803080963824,True
P0482,Product P0482,P0072,"French fries, 180 g",271,713,5580,0.008697884905478705,0.3800841514726508,2.122272743267631,200.5048475667811,1.6205541100671503e-45,6.646708774749101e-45,0.08022036271771908,True
P0048,Product P0048,P0070,"Caru' cu Flori potatoes, 180 g",271,1234,4003,0.008697884905478705,0.21961102106969205,1.7093231535019722,95.3028109294035,1.6338099580416228e-22,3.4477498340878347e-22,0.055306355127266185,True
P0015,Product P0015,P0070,"Caru' cu Flori potatoes, 180 g",271,1453,4003,0.008697884905478705,0.18651066758430832,1.4516894503932787,45.83930068603291,1.2836229810130104e-11,1.9131593883677518e-11,0.038356694596245036,True
P0601,Cornflake-crusted pike-perch with potatoes and sauce,P0070,"Caru' cu Flori potatoes, 180 g",267,952,4003,0.00856950284045319,0.2804621848739496,2.182952858885248,202.581785891238,5.7075013862733716e-46,2.3676365066251896e-45,0.08063477539076125,True
P0612,"Sour cream, 50 g",P0007,Product P0007,267,2147,2157,0.00856950284045319,0.12435957149510946,1.7963241395795668,108.76066621077251,1.831134712588071e-25,4.314833631606016e-25,0.05908239780528933,True
P0007,Product P0007,P0612,"Sour cream, 50 g",267,2157,2147,0.00856950284045319,0.12378303198887343,1.7963241395795668,108.76066621077251,1.831134712588071e-25,4.314833631606016e-25,0.05908239780528933,True
P0007,Product P0007,P0018,"Hot pepper, 1 pc.",266,2157,2461,0.00853740732419681,0.12331942512749189,1.561261003127698,62.60770263340713,2.522649295298301e-15,4.286932057897892e-15,0.044826627551546414,True
P0018,"Hot pepper, 1 pc.",P0007,Product P0007,266,2461,2157,0.00853740732419681,0.10808614384396587,1.561261003127698,62.60770263340713,2.522649295298301e-15,4.286932057897892e-15,0.044826627551546414,True
P0118,Product P0118,P0165,"Honey lemonade, 500 ml",265,936,3686,0.008505311807940431,0.2831196581196581,2.393152248517143,251.30473679632954,1.3489572781698065e-56,7.6254528004313925e-56,0.0898095499663128,True
P0159,Product P0159,P0011,Product P0011,265,1626,1889,0.008505311807940431,0.16297662976629768,2.688122209438082,315.5329376103589,1.3612730110328682e-70,1.003478956105986e-69,0.10063395315943963,True
P0011,Product P0011,P0159,Product P0159,265,1889,1626,0.008505311807940431,0.14028586553732134,2.688122209438082,315.5329376103589,1.3612730110328682e-70,1.003478956105986e-69,0.10063395315943963,True
P0007,Product P0007,P0082,"Tripe soup, 300/100 g",265,2157,2454,0.008505311807940431,0.12285581826611033,1.559828333218093,62.09616766489647,3.270873404143244e-15,5.524029232074736e-15,0.04464312442860065,True
P0082,"Tripe soup, 300/100 g",P0007,Product P0007,265,2454,2157,0.008505311807940431,0.10798696006519967,1.559828333218093,62.09616766489647,3.270873404143244e-15,5.524029232074736e-15,0.04464312442860065,True
P0160,Product P0160,P0159,Product P0159,263,735,1626,0.008441120775427673,0.3578231292517007,6.8565161365899385,1421.5963100368492,4.26118592497e-311,1.603087532462804e-309,0.21360446502542046,True
P0159,Product P0159,P0160,Product P0160,263,1626,735,0.008441120775427673,0.16174661746617466,6.8565161365899385,1421.5963100368492,4.26118592497e-311,1.603087532462804e-309,0.21360446502542046,True
P0613,Product P0613,P0007,Product P0007,263,1844,2157,0.008441120775427673,0.14262472885032537,2.060157012883444,163.85089247428374,1.6305538823660475e-37,5.5246406386998695e-37,0.07251812865091445,True
P0007,Product P0007,P0613,Product P0613,263,2157,1844,0.008441120775427673,0.12192860454334724,2.060157012883444,163.85089247428374,1.6305538823660475e-37,5.5246406386998695e-37,0.07251812865091445,True
P0140,Product P0140,P0070,"Caru' cu Flori potatoes, 180 g",262,931,4003,0.008409025259171294,0.2814178302900107,2.190391041305487,200.4729186641351,1.6467628268944795e-45,6.728907281430252e-45,0.0802139752159715,True
P0056,Product P0056,P0165,"Honey lemonade, 500 ml",261,937,3686,0.008376929742914915,0.27854855923159016,2.3545136896306715,237.82002722255325,1.1750213485956393e-53,6.133723881903553e-53,0.08736679317574814,True
P0056,Product P0056,P0095,Product P0095,261,937,3929,0.008376929742914915,0.27854855923159016,2.2088922015725774,203.72400439544555,3.215194562064235e-46,1.343975964449073e-45,0.08086177771288884,True
P0071,Product P0071,P0567,"Fried Romanian cheese doughnuts, 180 g",261,1212,2807,0.008376929742914915,0.21534653465346534,2.390292832275746,241.3436372325336,2.0032537879245376e-54,1.0713479816792503e-53,0.08801163918579413,True
P0572,"Medium Capricciosa pizza, 550 g",P0567,"Fried Romanian cheese doughnuts, 180 g",261,1605,2807,0.008376929742914915,0.16261682242990655,1.805006176148414,108.57543226654067,2.0105133579923853e-25,4.727306193038131e-25,0.05903206375652245,True
P0159,Product P0159,P0567,"Fried Romanian cheese doughnuts, 180 g",260,1626,2807,0.008344834226658536,0.15990159901599016,1.774867873367013,101.98649851986325,5.5901474233691586e-24,1.2497645161671623e-23,0.05721284227492497,True
P0570,Product P0570,P0165,"Honey lemonade, 500 ml",259,1256,3686,0.008312738710402157,0.20621019108280256,1.7430523395460877,96.95701456754402,7.084888306230475e-23,1.5156104200191077e-22,0.05578427589583451,True
P0015,Product P0015,P0007,Product P0007,259,1453,2157,0.008312738710402157,0.17825189263592567,2.574777106563531,281.1231721780525,4.274045895399596e-63,2.6645623267891195e-62,0.09498838530412818,True
P0007,Product P0007,P0015,Product P0015,259,2157,1453,0.008312738710402157,0.12007417709782105,2.574777106563531,281.1231721780525,4.274045895399596e-63,2.6645623267891195e-62,0.09498838530412818,True
P0063,Product P0063,P0058,Product P0058,258,1031,2522,0.008280643194145778,0.2502424830261882,3.0915166707561244,410.81224844751824,2.4396148431782743e-91,2.441853021933484e-90,0.11482696198352947,True
P0058,Product P0058,P0063,Product P0063,258,2522,1031,0.008280643194145778,0.10229976209357652,3.0915166707561244,410.81224844751824,2.4396148431782743e-91,2.441853021933484e-90,0.11482696198352947,True
P0101,Product P0101,P0070,"Caru' cu Flori potatoes, 180 g",257,500,4003,0.0082485476778894,0.514,4.000673994504122,674.5053366222684,1.046725995075178e-148,1.9355560349610495e-147,0.1471346220186615,True
P0156,Product P0156,P0070,"Caru' cu Flori potatoes, 180 g",257,1346,4003,0.0082485476778894,0.19093610698365526,1.4861344704695847,49.01045785354732,2.546014349831052e-12,3.879471586125249e-12,0.03966126506770939,True
P0007,Product P0007,P0152,"Stella Artois draught beer, 0.4 L",257,2157,2832,0.0082485476778894,0.11914696337505795,1.3108269554649297,22.385585662110323,2.2304171443338273e-06,2.7778368772468103e-06,0.026804419943860493,True
P0071,Product P0071,P0018,"Hot pepper, 1 pc.",256,1212,2461,0.00821645216163302,0.21122112211221122,2.6741229181837327,303.10902691186305,6.925171848538744e-68,4.8431810812536985e-67,0.09863285811890941,True
P0018,"Hot pepper, 1 pc.",P0071,Product P0071,256,2461,1212,0.00821645216163302,0.10402275497765136,2.6741229181837327,303.10902691186305,6.925171848538744e-68,4.8431810812536985e-67,0.09863285811890941,True
P0071,Product P0071,P0095,Product P0095,255,1212,3929,0.008184356645376641,0.2103960396039604,1.6684422005448194,81.30700130905274,1.9324075679028443e-19,3.738043717343977e-19,0.051084148052719144,True
P0140,Product P0140,P0165,"Honey lemonade, 500 ml",254,931,3686,0.008152261129120262,0.2728249194414608,2.3061329395110133,219.67481203516846,1.064916635149424e-49,5.0957195129299194e-49,0.08396771106081044,True
P0537,Product P0537,P0613,Product P0613,252,1610,1844,0.008088070096607504,0.1565217391304348,2.64465717249835,288.8813690605256,8.71560356914045e-65,5.693846403552234e-64,0.09629016915992576,True
P0613,Product P0613,P0537,Product P0537,252,1844,1610,0.008088070096607504,0.13665943600867678,2.64465717249835,288.8813690605256,8.71560356914045e-65,5.693846403552234e-64,0.09629016915992576,True
P0569,Product P0569,P0095,Product P0095,250,998,3929,0.008023879064094746,0.250501002004008,1.9864748585998673,144.7796651009021,2.399561455256969e-33,6.987837807676423e-33,0.06816728023648227,True
P0063,Product P0063,P0072,"French fries, 180 g",250,1031,5580,0.008023879064094746,0.24248302618816683,1.353950474362852,29.143547870273032,6.72091918352124e-08,8.760481277445248e-08,0.030583937196491023,True
P0071,Product P0071,P0009,"Borsec sparkling mineral water, 750 ml",250,1212,3139,0.008023879064094746,0.20627062706270627,2.0473953257065114,154.99203636002147,1.405834125153732e-35,4.369700941717155e-35,0.07053048576752008,True
P0076,"Grilled pork neck, 150 g",P0152,"Stella Artois draught beer, 0.4 L",250,2088,2832,0.008023879064094746,0.11973180076628352,1.317261199320302,22.522328597261293,2.0771509744229346e-06,2.5928738136103224e-06,0.026886163051371037,True
P0140,Product P0140,P0535,"Grilled minced-meat rolls with mustard, 40/20/30 g",247,931,5898,0.00792759251532561,0.2653061224489796,1.4015162524826819,36.125969510850545,1.8496536739117848e-09,2.5351409023087404e-09,0.034051162119859514,True
P0597,"Assorted pickled vegetables, 180 g",P0613,Product P0613,247,971,1844,0.00792759251532561,0.25437693099897013,4.298059674151254,685.7833929713237,3.6918488770217296e-151,7.192512722911976e-150,0.1483596037924942,True
P0159,Product P0159,P0007,Product P0007,247,1626,2157,0.00792759251532561,0.15190651906519065,2.194228750354263,181.9806508167841,1.7905096474532986e-41,6.667051281131566e-41,0.07642488427623899,True
P0613,Product P0613,P0597,"Assorted pickled vegetables, 180 g",247,1844,971,0.00792759251532561,0.1339479392624729,4.298059674151254,685.7833929713237,3.6918488770217296e-151,7.192512722911976e-150,0.1483596037924942,True
P0613,Product P0613,P0058,Product P0058,247,1844,2522,0.00792759251532561,0.1339479392624729,1.6548041013484807,74.01622983780804,7.747740082231293e-18,1.4399973474811484e-17,0.048740015469788796,True
P0007,Product P0007,P0159,Product P0159,247,2157,1626,0.00792759251532561,0.11451089476124246,2.194228750354263,181.9806508167841,1.7905096474532986e-41,6.667051281131566e-41,0.07642488427623899,True
P0110,Product P0110,P0072,"French fries, 180 g",246,614,5580,0.00789549699906923,0.4006514657980456,2.237114286715001,209.13010399352115,2.1264456648686286e-47,9.317077190247687e-47,0.08192764278570626,True
P0142,Product P0142,P0072,"French fries, 180 g",246,813,5580,0.00789549699906923,0.3025830258302583,1.6895303469163725,86.58939694290727,1.3356131179885844e-20,2.683524699310397e-20,0.05271746766690461,True
P0569,Product P0569,P0070,"Caru' cu Flori potatoes, 180 g",246,998,4003,0.00789549699906923,0.24649298597194388,1.9185565735518,128.24275337094386,9.93209088781966e-30,2.649367031445293e-29,0.06415619514575291,True
P0570,Product P0570,P0567,"Fried Romanian cheese doughnuts, 180 g",246,1256,2807,0.00789549699906923,0.19585987261146498,2.1739957431262606,178.60020558865298,9.79622346478084e-41,3.562559933358632e-40,0.07571172829795421,True
P0050,Product P0050,P0095,Product P0095,246,1560,3929,0.00789549699906923,0.1576923076923077,1.2505012040644519,14.870256589422853,0.00011516461115853408,0.00013701700193452637,0.021846477109647402,True
P0600,Product P0600,P0072,"French fries, 180 g",244,540,5580,0.007831305966556472,0.45185185185185184,2.5230014602416033,278.08143433361346,1.9664815825924595e-62,1.2189951173911212e-61,0.0944731030307128,True
P0150,Product P0150,P0070,"Caru' cu Flori potatoes, 180 g",244,1131,4003,0.007831305966556472,0.21573828470380194,1.67918004909227,79.80725538693113,4.12774200016972e-19,7.87301839542861e-19,0.05061081962039577,True
P0621,Product P0621,P0072,"French fries, 180 g",243,633,5580,0.007799210450300093,0.38388625592417064,2.1435025225500692,184.32181952022572,5.518894468166621e-42,2.1007476320641285e-41,0.0769149137347027,True
P0094,Product P0094,P0095,Product P0095,243,1003,3929,0.007799210450300093,0.24227318045862412,1.9212281709211894,126.91482168343937,1.9392040623233213e-29,5.122691602892841e-29,0.06382316760014554,True
P0159,Product P0159,P0009,"Borsec sparkling mineral water, 750 ml",243,1626,3139,0.007799210450300093,0.14944649446494465,1.4833719108137242,44.90710161314506,2.0660721536685944e-11,3.058459592472777e-11,0.037964675816495,True
P0614,Product P0614,P0095,Product P0095,242,845,3929,0.007767114934043714,0.2863905325443787,2.271079109820618,202.49262024272244,5.969016457647081e-46,2.466741270944305e-45,0.08061702788367402,True
P0612,"Sour cream, 50 g",P0152,"Stella Artois draught beer, 0.4 L",242,2147,2832,0.007767114934043714,0.11271541686073591,1.2400685886758294,13.287214899070241,0.00026722214918193255,0.0003141587982300522,0.02065090849805669,True
P0627,"Chicken breast strips, 200 g",P0599,Product P0599,241,1085,2260,0.007735019417787335,0.22211981566820277,3.062206679988581,373.88937140831234,2.662987860190574e-83,2.3814096356294396e-82,0.10954529838437982,True
P0572,"Medium Capricciosa pizza, 550 g",P0007,Product P0007,241,1605,2157,0.007735019417787335,0.1501557632398754,2.1689397845455716,171.9809010929679,2.732324216483742e-39,9.647138253021884e-39,0.07429546289522704,True
P0007,Product P0007,P0572,"Medium Capricciosa pizza, 550 g",241,2157,1605,0.007735019417787335,0.11172925359295317,2.1689397845455716,171.9809010929679,2.732324216483742e-39,9.647138253021884e-39,0.07429546289522704,True
P0599,Product P0599,P0627,"Chicken breast strips, 200 g",241,2260,1085,0.007735019417787335,0.10663716814159292,3.062206679988581,373.88937140831234,2.662987860190574e-83,2.3814096356294396e-82,0.10954529838437982,True
P0071,Product P0071,P0082,"Tripe soup, 300/100 g",240,1212,2454,0.007702923901530956,0.19801980198019803,2.514141389689091,247.18042041865044,1.069417160460654e-55,5.922508233820171e-55,0.08906954138090858,True
P0011,Product P0011,P0152,"Stella Artois draught beer, 0.4 L",240,1889,2832,0.007702923901530956,0.12705134992059292,1.3977891629505341,31.814402488743436,1.69630218997083e-08,2.2596650662492984e-08,0.03195465024475231,True
P0594,Product P0594,P0599,Product P0599,239,850,2260,0.007670828385274577,0.2811764705882353,3.876378448724622,565.4306476037723,5.537077496831848e-125,8.163448039248037e-124,0.13471372811269744,True
P0599,Product P0599,P0594,Product P0594,239,2260,850,0.007670828385274577,0.10575221238938053,3.876378448724622,565.4306476037723,5.537077496831848e-125,8.163448039248037e-124,0.13471372811269744,True
P0621,Product P0621,P0095,Product P0095,238,633,3929,0.007638732869018198,0.37598736176935227,2.981582649693996,366.1074515173058,1.3174511872052016e-81,1.1229212853444334e-80,0.10839929733054163,True
P0118,Product P0118,P0070,"Caru' cu Flori potatoes, 180 g",238,936,4003,0.007638732869018198,0.25427350427350426,1.9791155564950218,136.37737607081834,1.6499463310690072e-31,4.603814442957256e-31,0.06615967269177848,True
P0597,"Assorted pickled vegetables, 180 g",P0599,Product P0599,238,971,2260,0.007638732869018198,0.2451081359423275,3.3791301732544685,443.671352528796,1.7195937851543587e-98,1.914364101636128e-97,0.11933088915941933,True
P0050,Product P0050,P0165,"Honey lemonade, 500 ml",238,1560,3686,0.007638732869018198,0.15256410256410258,1.2895929852386718,18.47946857307993,1.7174452567000553e-05,2.0982449888687126e-05,0.024353810461538283,True
P0599,Product P0599,P0597,"Assorted pickled vegetables, 180 g",238,2260,971,0.007638732869018198,0.10530973451327434,3.3791301732544685,443.671352528796,1.7195937851543587e-98,1.914364101636128e-97,0.11933088915941933,True
P0063,Product P0063,P0095,Product P0095,237,1031,3929,0.007606637352761819,0.22987390882638215,1.8229018522024913,104.1921966914003,1.8361231012107456e-24,4.173354798793591e-24,0.0578282140714779,True
P0597,"Assorted pickled vegetables, 180 g",P0095,Product P0095,236,971,3929,0.00757454183650544,0.243048403707518,1.9273756972041587,124.37898389671213,6.959679154413129e-29,1.7992914591148632e-28,0.06318233692741053,True
P0089,Product P0089,P0070,"Caru' cu Flori potatoes, 180 g",235,1128,4003,0.007542446320249061,0.20833333333333334,1.621544258472812,66.65300874920106,3.2376171497912343e-16,5.642556406425299e-16,0.046252164553094735,True
P0101,Product P0101,P0072,"French fries, 180 g",234,500,5580,0.007510350803992682,0.468,2.6131677419354835,288.49589510764554,1.0575235472495504e-64,6.826971538753014e-64,0.09622590447133268,True
P0166,Product P0166,P0070,"Caru' cu Flori potatoes, 180 g",234,995,4003,0.007510350803992682,0.23517587939698492,1.830470865443882,104.50069003298113,1.5713867558146168e-24,3.594094236045591e-24,0.05791375998634838,True
P0601,Cornflake-crusted pike-perch with potatoes and sauce,P0567,"Fried Romanian cheese doughnuts, 180 g",233,952,2807,0.007478255287736303,0.24474789915966386,2.7166406462834507,286.5245736192153,2.843385658970668e-64,1.8141133063959056e-63,0.09589658028546993,True
P0057,Product P0057,P0072,"French fries, 180 g",232,647,5580,0.007446159771479924,0.35857805255023184,2.0021893160049413,144.77775565673306,2.4018690906312177e-33,6.987837807676423e-33,0.0681668307187795,True
P0482,Product P0482,P0535,"Grilled minced-meat rolls with mustard, 40/20/30 g",232,713,5898,0.007446159771479924,0.32538569424964936,1.7188948924612282,88.0567925570419,6.360186547250509e-21,1.2849932450093158e-20,0.05316228190173114,True
P0601,Cornflake-crusted pike-perch with potatoes and sauce,P0599,Product P0599,232,952,2260,0.007446159771479924,0.24369747899159663,3.359682457053618,427.6382576716554,5.307919303117512e-95,5.515180914001149e-94,0.11715490024301246,True
P0597,"Assorted pickled vegetables, 180 g",P0009,"Borsec sparkling mineral water, 750 ml",232,971,3139,0.007446159771479924,0.23892893923789907,2.3715543038659512,211.2270315563751,7.415935195804022e-48,3.315895614189421e-47,0.08233735862355747,True
P0599,Product P0599,P0601,Cornflake-crusted pike-perch with potatoes and sauce,232,2260,952,0.007446159771479924,0.10265486725663717,3.359682457053618,427.6382576716554,5.307919303117512e-95,5.515180914001149e-94,0.11715490024301246,True
P0686,Product P0686,P0009,"Borsec sparkling mineral water, 750 ml",231,341,3139,0.007414064255223545,0.6774193548387096,6.723910429662209,1265.533339513708,3.4945218681596684e-277,1.2708411193873994e-275,0.20153894380826698,True
P0697,Product P0697,P0072,"French fries, 180 g",231,811,5580,0.007414064255223545,0.2848335388409371,1.5904226827360355,63.32653097176027,1.75129557524463e-15,2.9900836816774508e-15,0.04508323085432342,True
P0071,Product P0071,P0612,"Sour cream, 50 g",231,1212,2147,0.007414064255223545,0.1905940594059406,2.7658775542202565,291.0311162441021,2.9640584997182387e-65,1.9480649537304812e-64,0.09664778281225442,True
P0612,"Sour cream, 50 g",P0071,Product P0071,231,2147,1212,0.007414064255223545,0.10759198882161156,2.7658775542202565,291.0311162441021,2.9640584997182387e-65,1.9480649537304812e-64,0.09664778281225442,True
P0627,"Chicken breast strips, 200 g",P0567,"Fried Romanian cheese doughnuts, 180 g",230,1085,2807,0.007381968738967166,0.2119815668202765,2.352942528471448,203.73756271383135,3.19336671711344e-46,1.3399858032195243e-45,0.08086446844020435,True
P0570,Product P0570,P0018,"Hot pepper, 1 pc.",230,1256,2461,0.007381968738967166,0.18312101910828024,2.3183671647121855,195.08441094792624,2.4693851549027047e-44,9.904776485289893e-44,0.0791285971248403,True
P0156,Product P0156,P0567,"Fried Romanian cheese doughnuts, 180 g",230,1346,2807,0.007381968738967166,0.17087667161961367,1.8966884423413974,111.99448658481107,3.583052164896734e-26,8.667649472067266e-26,0.059954323153611044,True
P0614,Product P0614,P0070,"Caru' cu Flori potatoes, 180 g",227,845,4003,0.007285682190198029,0.2686390532544379,2.0909285491502674,152.38497279225578,5.220209270130813e-35,1.5997888521664934e-34,0.0699347865620659,True
P0594,Product P0594,P0613,Product P0613,227,850,1844,0.007285682190198029,0.26705882352941174,4.512338267194079,678.1486952938707,1.6885790246508267e-149,3.1762753722311244e-148,0.14753146265812803,True
P0613,Product P0613,P0594,Product P0594,227,1844,850,0.007285682190198029,0.12310195227765727,4.512338267194079,678.1486952938707,1.6885790246508267e-149,3.1762753722311244e-148,0.14753146265812803,True
P0069,Product P0069,P0070,"Caru' cu Flori potatoes, 180 g",225,475,4003,0.007221491157685271,0.47368421052631576,3.6868795771592353,513.3502281188032,1.1838742772970409e-113,1.5195374547424374e-112,0.12835980909849823,True
P0097,Product P0097,P0072,"French fries, 180 g",224,697,5580,0.007189395641428892,0.321377331420373,1.7944719561047602,98.17485134618724,3.8302358438114665e-23,8.324277501191852e-23,0.05613352418429777,True
P0063,Product P0063,P0535,"Grilled minced-meat rolls with mustard, 40/20/30 g",224,1031,5898,0.007189395641428892,0.21726479146459748,1.1477312830896005,5.4338341988178955,0.019750269893861853,0.021634080777312534,0.013206124104468647,True
P0685,Product P0685,P0031,Product P0031,224,1242,2093,0.007189395641428892,0.18035426731078905,2.68480549765994,264.4244492146209,1.8626124520334726e-59,1.0925323576174831e-58,0.09212404250982435,True
P0031,Product P0031,P0685,Product P0685,224,2093,1242,0.007189395641428892,0.10702341137123746,2.68480549765994,264.4244492146209,1.8626124520334726e-59,1.0925323576174831e-58,0.09212404250982435,True
P0087,Product P0087,P0018,"Hot pepper, 1 pc.",223,654,2461,0.007157300125172513,0.3409785932721712,4.316891519943535,630.2946400137538,4.312606833280557e-139,7.588796863079174e-138,0.14223091037067145,True
P0056,Product P0056,P0567,"Fried Romanian cheese doughnuts, 180 g",223,937,2807,0.007157300125172513,0.23799359658484526,2.641669572067696,257.78735590772953,5.209877372468297e-58,3.023391602852613e-57,0.09096053139810413,True
P0597,"Assorted pickled vegetables, 180 g",P0018,"Hot pepper, 1 pc.",223,971,2461,0.007157300125172513,0.22966014418125644,2.9075664820217018,312.76555079630094,5.454771349686667e-70,3.941162610932552e-69,0.10019167540278985,True
P0063,Product P0063,P0165,"Honey lemonade, 500 ml",223,1031,3686,0.007157300125172513,0.2162948593598448,1.8282959666507554,98.15779252776541,3.8633743657109677e-23,8.379605234573888e-23,0.05612864710435456,True
P0071,Product P0071,P0011,Product P0011,222,1212,1889,0.007125204608916134,0.18316831683168316,3.0211621215059568,332.4873674777585,2.7608414589036117e-74,2.136225554371518e-73,0.10330224444765491,True
P0572,"Medium Capricciosa pizza, 550 g",P0009,"Borsec sparkling mineral water, 750 ml",222,1605,3139,0.007125204608916134,0.1383177570093458,1.3729105941829203,26.363764338360347,2.8279637964650786e-07,3.6297747081687065e-07,0.02908880586928912,True
P0011,Product P0011,P0071,Product P0071,222,1889,1212,0.007125204608916134,0.11752249867654843,3.0211621215059568,332.4873674777585,2.7608414589036117e-74,2.136225554371518e-73,0.10330224444765491,True
P0083,Product P0083,P0018,"Hot pepper, 1 pc.",221,614,2461,0.007093109092659755,0.35993485342019543,4.556883473390098,679.5819548770751,8.238267944828648e-150,1.5768333908435183e-148,0.14768728340753975,True
P0570,Product P0570,P0612,"Sour cream, 50 g",221,1256,2147,0.007093109092659755,0.17595541401273884,2.5534433322752235,233.7408973729122,9.110520606242844e-53,4.666468535873682e-52,0.08661428733998171,True
P0612,"Sour cream, 50 g",P0570,Product P0570,221,2147,1256,0.007093109092659755,0.10293432696786213,2.5534433322752235,233.7408973729122,9.110520606242844e-53,4.666468535873682e-52,0.08661428733998171,True
P0570,Product P0570,P0009,"Borsec sparkling mineral water, 750 ml",220,1256,3139,0.007061013576403376,0.1751592356687898,1.7385907313579112,79.98737641402981,3.768094386826253e-19,7.212264870223583e-19,0.05066790048937886,True
P0140,Product P0140,P0095,Product P0095,219,931,3929,0.007028918060146997,0.23523093447905477,1.8653831065319189,103.70692326609937,2.3457011191071766e-24,5.309460416900269e-24,0.057693389929749664,True
P0091,Product P0091,P0070,"Caru' cu Flori potatoes, 180 g",218,606,4003,0.006996822543890618,0.35973597359735976,2.7999734522540436,295.179915585073,3.6977144969941385e-66,2.4902509359386447e-65,0.09733422717224031,True
P0110,Product P0110,P0095,Product P0095,218,614,3929,0.006996822543890618,0.3550488599348534,2.815540170269847,297.91359692466824,9.382823210669812e-67,6.478898811924535e-66,0.09778389792339036,True
P0091,Product P0091,P0072,"French fries, 180 g",217,606,5580,0.006964727027634239,0.3580858085808581,1.9994407774110745,134.67951795145157,3.880044192121234e-31,1.0716780287605736e-30,0.06574654863802433,True
P0030,Product P0030,P0535,"Grilled minced-meat rolls with mustard, 40/20/30 g",217,703,5898,0.006964727027634239,0.30867709815078237,1.6306294247344735,66.78880803199601,3.022090302106392e-16,5.292296179130133e-16,0.04629925781192506,True
P0600,Product P0600,P0070,"Caru' cu Flori potatoes, 180 g",216,540,4003,0.006932631511377861,0.4,3.1133649762677993,361.8158166501896,1.1329163196197787e-80,9.507782343885988e-80,0.10776207786188609,True
P0482,Product P0482,P0165,"Honey lemonade, 500 ml",216,713,3686,0.006932631511377861,0.302945301542777,2.5607343353685037,238.49664953548978,8.365795328020111e-54,4.388020530225933e-53,0.08749098863459158,True
P0576,Product P0576,P0149,"Beck's draught beer, 0.4 L",216,1175,5044,0.006932631511377861,0.18382978723404256,1.135524322135421,4.331972566362659,0.037402876092804876,0.040402512690346656,0.011791390754524273,True
P0570,Product P0570,P0011,Product P0011,216,1256,1889,0.006932631511377861,0.17197452229299362,2.836532658063951,284.90218725517565,6.417369605264648e-64,4.070552464734727e-63,0.09562469755521541,True
P0537,Product P0537,P0011,Product P0011,216,1610,1889,0.006932631511377861,0.1341614906832298,2.2128478375952314,161.18316011383743,6.239472453220966e-37,2.081732246625099e-36,0.071925355304567,True
P0011,Product P0011,P0570,Product P0570,216,1889,1256,0.006932631511377861,0.11434621492853361,2.836532658063951,284.90218725517565,6.417369605264648e-64,4.070552464734727e-63,0.09562469755521541,True
P0011,Product P0011,P0537,Product P0537,216,1889,1610,0.006932631511377861,0.11434621492853361,2.2128478375952314,161.18316011383743,6.239472453220966e-37,2.081732246625099e-36,0.071925355304567,True
P0015,Product P0015,P0058,Product P0058,215,1453,2522,0.006900535995121482,0.14796971782518925,1.8280303323867653,92.03366127743726,8.521460268030168e-22,1.741262087120687e-21,0.05434949743708827,True
P0015,Product P0015,P0567,"Fried Romanian cheese doughnuts, 180 g",215,1453,2807,0.006900535995121482,0.14796971782518925,1.642426967680592,62.27922341797956,2.980530455289512e-15,5.041486398016833e-15,0.0447088786221084,True
P0030,Product P0030,P0072,"French fries, 180 g",214,703,5580,0.006868440478865103,0.30440967283072545,1.6997297807145006,76.82665549476731,1.8664142170381014e-18,3.516853041085611e-18,0.04965673338385774,True
P0579,Product P0579,P0159,Product P0159,213,601,1626,0.006836344962608724,0.3544093178036606,6.791101546622787,1131.6141080506738,4.44453735550927e-248,1.310537906719085e-246,0.19057738323549364,True
P0097,Product P0097,P0535,"Grilled minced-meat rolls with mustard, 40/20/30 g",213,697,5898,0.006836344962608724,0.30559540889526543,1.6143499754068813,62.83170127751296,2.2514568394245578e-15,3.832042764137586e-15,0.04490674659523183,True
P0089,Product P0089,P0165,"Honey lemonade, 500 ml",213,1128,3686,0.006836344962608724,0.18882978723404256,1.596139359970446,55.80849615291097,7.98855547458673e-14,1.2798111634029549e-13,0.04232260029251296,True
P0159,Product P0159,P0579,Product P0579,213,1626,601,0.006836344962608724,0.13099630996309963,6.791101546622787,1131.6141080506738,4.44453735550927e-248,1.310537906719085e-246,0.19057738323549364,True
P0083,Product P0083,P0612,"Sour cream, 50 g",212,614,2147,0.006804249446352345,0.34527687296416937,5.0106155244269335,745.6219594658033,3.592104035290293e-164,7.83797100500342e-163,0.15469687043100724,True
P0627,"Chicken breast strips, 200 g",P0149,"Beck's draught beer, 0.4 L",212,1085,5044,0.006804249446352345,0.19539170506912443,1.2069427745516872,9.29912111129966,0.002292638190763961,0.0026136554504947564,0.017275997591970058,True
P0605,Product P0605,P0072,"French fries, 180 g",211,480,5580,0.006772153930095966,0.4395833333333333,2.4544978345280763,225.00633140292072,7.318624707760139e-51,3.580546886173234e-50,0.08498055287729446,True
P0594,Product P0594,P0165,"Honey lemonade, 500 ml",211,850,3686,0.006772153930095966,0.24823529411764705,2.0982818933324823,141.42953727586428,1.296038556428478e-32,3.711228517226954e-32,0.06737398617248098,True
P0597,"Assorted pickled vegetables, 180 g",P0567,"Fried Romanian cheese doughnuts, 180 g",211,971,2807,0.006772153930095966,0.21730175077239958,2.4119952436108494,197.84501563828286,6.16751434600569e-45,2.482936587266497e-44,0.0796864976998115,True
P0688,Product P0688,P0009,"Borsec sparkling mineral water, 750 ml",211,1468,3139,0.006772153930095966,0.14373297002724797,1.4266607668489852,31.419966965906475,2.0783258504520823e-08,2.7651871985892948e-08,0.03175594527846939,True
P0050,Product P0050,P0152,"Stella Artois draught beer, 0.4 L",211,1560,2832,0.006772153930095966,0.13525641025641025,1.4880593129798636,39.11119442175563,4.0034191517374333e-10,5.679753308901872e-10,0.035430128088533026,True
P0537,Product P0537,P0058,Product P0058,211,1610,2522,0.006772153930095966,0.13105590062111802,1.6190756128676345,57.306436766898834,3.729327203914517e-14,6.027697747364055e-14,0.04288682400046844,True
P0159,Product P0159,P0152,"Stella Artois draught beer, 0.4 L",211,1626,2832,0.006772153930095966,0.12976629766297662,1.4276583814566959,31.370058483358957,2.1324418553302105e-08,2.8315350638162055e-08,0.03173071417438011,True
P0140,Product P0140,P0567,"Fried Romanian cheese doughnuts, 180 g",210,931,2807,0.006740058413839587,0.22556390977443608,2.503703148144676,214.85140823654535,1.2008315020131887e-48,5.574924122112293e-48,0.08304075424610471,True
P0074,Product P0074,P0599,Product P0599,209,805,2260,0.006707962897583208,0.2596273291925466,3.5792958830319357,429.95421632754784,1.6628491646701075e-95,1.7613285812185315e-94,0.11747170952888826,True
P0089,Product P0089,P0095,Product P0095,208,1128,3929,0.006675867381326829,0.18439716312056736,1.4622709115162937,36.08970094810558,1.88440162349608e-09,2.576293447661934e-09,0.034034065044713346,True
P0576,Product P0576,P0572,"Medium Capricciosa pizza, 550 g",208,1175,1605,0.006675867381326829,0.17702127659574468,3.436418638563001,393.66326133065496,1.3194418751001487e-87,1.2627290225739143e-86,0.11240474012948566,True
P0572,"Medium Capricciosa pizza, 550 g",P0576,Product P0576,208,1605,1175,0.006675867381326829,0.129595015576324,3.436418638563001,393.66326133065496,1.3194418751001487e-87,1.2627290225739143e-86,0.11240474012948566,True
P0597,"Assorted pickled vegetables, 180 g",P0165,"Honey lemonade, 500 ml",207,971,3686,0.00664377186507045,0.21318228630278063,1.8019860266781709,86.49355775756398,1.4019325077231336e-20,2.80129737349073e-20,0.05268828512183661,True
P0027,Product P0027,P0070,"Caru' cu Flori potatoes, 180 g",207,1375,4003,0.00664377186507045,0.15054545454545454,1.1717573637953353,6.255859424113689,0.012378318079302678,0.013738296057496666,0.014169863720031416,True
P0160,Product P0160,P0576,Product P0576,206,735,1175,0.006611676348814071,0.2802721088435374,7.431862208713272,1220.4105178440689,2.2364293291181757e-267,7.39377090323615e-266,0.19791337907003712,True
P0166,Product P0166,P0095,Product P0095,206,995,3929,0.006611676348814071,0.207035175879397,1.6417905255470533,61.09018908483512,5.451915012484053e-15,9.084154752528808e-15,0.04428003113004316,True
P0576,Product P0576,P0160,Product P0160,206,1175,735,0.006611676348814071,0.1753191489361702,7.431862208713272,1220.4105178440689,2.2364293291181757e-267,7.39377090323615e-266,0.19791337907003712,True
P0159,Product P0159,P0613,Product P0613,206,1626,1844,0.006611676348814071,0.12669126691266913,2.1406289605195403,140.40657931183372,2.1692276638210232e-32,6.195359636724441e-32,0.06712988640542694,True
P0613,Product P0613,P0159,Product P0159,206,1844,1626,0.006611676348814071,0.11171366594360087,2.1406289605195403,140.40657931183372,2.1692276638210232e-32,6.195359636724441e-32,0.06712988640542694,True
P0614,Product P0614,P0572,"Medium Capricciosa pizza, 550 g",205,845,1605,0.006579580832557692,0.24260355029585798,4.709531972939594,649.1187394275346,3.4735069827273555e-143,6.212452652714008e-142,0.1443391875189017,True
P0614,Product P0614,P0535,"Grilled minced-meat rolls with mustard, 40/20/30 g",205,845,5898,0.006579580832557692,0.24260355029585798,1.2815867779871222,16.080919698949188,6.0692470828281095e-05,7.30049456159368e-05,0.022718393860815703,True
P0569,Product P0569,P0567,"Fried Romanian cheese doughnuts, 180 g",205,998,2807,0.006579580832557692,0.20541082164328658,2.28000889559668,167.257100363336,2.9394836625003807e-38,1.0148660366417452e-37,0.07326802156265899,True
P0572,"Medium Capricciosa pizza, 550 g",P0614,Product P0614,205,1605,845,0.006579580832557692,0.1277258566978193,4.709531972939594,649.1187394275346,3.4735069827273555e-143,6.212452652714008e-142,0.1443391875189017,True
P0537,Product P0537,P0152,"Stella Artois draught beer, 0.4 L",205,1610,2832,0.006579580832557692,0.12732919254658384,1.4008459223777943,27.2738463039599,1.7658381746674526e-07,2.274532997121831e-07,0.029586621595287403,True
P0069,Product P0069,P0072,"French fries, 180 g",203,475,5580,0.006515389800044934,0.42736842105263156,2.3862935295227317,202.2369775866929,6.7871358851132294e-46,2.7942510379843522e-45,0.08056612316460718,True
P0482,Product P0482,P0095,Product P0095,203,713,3929,0.006515389800044934,0.2847124824684432,2.2577721599056466,166.57648477049113,4.139424627905655e-38,1.424641094335984e-37,0.07311879563341948,True
P0597,"Assorted pickled vegetables, 180 g",P0082,"Tripe soup, 300/100 g",203,971,2454,0.006515389800044934,0.2090628218331617,2.6543481417505377,234.51486695051122,6.176835067442119e-53,3.1787391785751657e-52,0.08675756868753692,True
P0091,Product P0091,P0535,"Grilled minced-meat rolls with mustard, 40/20/30 g",202,606,5898,0.006483294283788555,0.3333333333333333,1.7608793941449077,83.54550514920014,6.22660560897107e-20,1.2174241432593975e-19,0.051782585090583755,True
P0056,Product P0056,P0149,"Beck's draught beer, 0.4 L",202,937,5044,0.006483294283788555,0.21558164354322304,1.3316568730920302,20.52565750926972,5.883726892208444e-06,7.261477420135081e-06,0.025666740624037825,True
P0601,Cornflake-crusted pike-perch with potatoes and sauce,P0537,Product P0537,202,952,1610,0.006483294283788555,0.21218487394957983,4.106238582389478,516.2925353255064,2.7111617228352882e-114,3.5637077585702404e-113,0.12872713568081484,True
P0627,"Chicken breast strips, 200 g",P0076,"Grilled pork neck, 150 g",202,1085,2088,0.006483294283788555,0.18617511520737326,2.778092942775924,255.28916257290965,1.825583636138838e-57,1.048269340540775e-56,0.09051871335495329,True
P0048,Product P0048,P0165,"Honey lemonade, 500 ml",202,1234,3686,0.006483294283788555,0.16369529983792544,1.3836827067417914,25.379962369053505,4.707828937377322e-07,6.000281975091891e-07,0.028540900385275927,True
P0156,Product P0156,P0058,Product P0058,202,1346,2522,0.006483294283788555,0.150074294205052,1.8540304458948476,90.36884908779386,1.9765365690460026e-21,4.030656816503157e-21,0.05385568553985314,True
P0537,Product P0537,P0601,Cornflake-crusted pike-perch with potatoes and sauce,202,1610,952,0.006483294283788555,0.12546583850931678,4.106238582389478,516.2925353255064,2.7111617228352882e-114,3.5637077585702404e-113,0.12872713568081484,True
P0157,Product P0157,P0072,"French fries, 180 g",201,519,5580,0.006451198767532176,0.3872832369942196,2.162470217747115,155.60044909065445,1.0350916943130831e-35,3.2544237420621723e-35,0.07066878195702095,True
P0110,Product P0110,P0535,"Grilled minced-meat rolls with mustard, 40/20/30 g",201,614,5898,0.006451198767532176,0.3273615635179153,1.7293326949012695,77.79510908943985,1.1430284331219887e-18,2.165006980097378e-18,0.049968732107658016,True
P0049,Product P0049,P0070,"Caru' cu Flori potatoes, 180 g",201,831,4003,0.006451198767532176,0.24187725631768953,1.8826304459381096,98.05079339908664,4.077872057147813e-23,8.82729844116719e-23,0.05609804661029868,True
P0614,Product P0614,P0159,Product P0159,200,845,1626,0.006419103251275797,0.23668639053254437,4.53532464318726,597.7213101154274,5.2412366920589375e-132,8.663923077327728e-131,0.1385069457666071,True
P0166,Product P0166,P0567,"Fried Romanian cheese doughnuts, 180 g",200,995,2807,0.006419103251275797,0.20100502512562815,2.2311056529530444,154.24055519640396,2.0519100297127335e-35,6.359755234138046e-35,0.07035929396106178,True
P0159,Product P0159,P0614,Product P0614,200,1626,845,0.006419103251275797,0.12300123001230012,4.53532464318726,597.7213101154274,5.2412366920589375e-132,8.663923077327728e-131,0.1385069457666071,True
P0572,"Medium Capricciosa pizza, 550 g",P0152,"Stella Artois draught beer, 0.4 L",199,1605,2832,0.006387007735019418,0.12398753894080997,1.3640818329021243,22.426687999418537,2.183192285298868e-06,2.7221288951555026e-06,0.02682901655413551,True
P0613,Product P0613,P0152,"Stella Artois draught beer, 0.4 L",199,1844,2832,0.006387007735019418,0.1079175704989154,1.1872838079218597,6.873533845873375,0.008748149525633242,0.0097889550076573,0.014852932952417177,True
P0601,Cornflake-crusted pike-perch with potatoes and sauce,P0076,"Grilled pork neck, 150 g",198,952,2088,0.006354912218763039,0.20798319327731093,3.1035116632860036,312.10734824826153,7.588535928853957e-70,5.411171698287365e-69,0.10008619519912532,True
P0063,Product P0063,P0070,"Caru' cu Flori potatoes, 180 g",198,1031,4003,0.006354912218763039,0.19204655674102813,1.4947775589258587,38.48084423042255,5.529374976216426e-10,7.783933031034995e-10,0.03514345688114239,True
P0627,"Chicken breast strips, 200 g",P0009,"Borsec sparkling mineral water, 750 ml",198,1085,3139,0.006354912218763039,0.1824884792626728,1.8113391361539015,82.90526182130468,8.608173316129744e-20,1.6770566228388482e-19,0.05158378794277365,True
P0570,Product P0570,P0082,"Tripe soup, 300/100 g",198,1256,2454,0.006354912218763039,0.15764331210191082,2.001504757603601,112.23100749160622,3.180116202227055e-26,7.710015059177149e-26,0.06001759846425579,True
P0069,Product P0069,P0535,"Grilled minced-meat rolls with mustard, 40/20/30 g",197,475,5898,0.00632281670250666,0.4147368421052632,2.1909046777676644,159.7379828430573,1.2909107385262122e-36,4.267829138582114e-36,0.07160218589610608,True
P0592,Product P0592,P0072,"French fries, 180 g",197,565,5580,0.00632281670250666,0.3486725663716814,1.9468801344878992,112.55656149418833,2.698556919896296e-26,6.57170892769388e-26,0.06010458342920981,True
P0057,Product P0057,P0165,"Honey lemonade, 500 ml",197,647,3686,0.00632281670250666,0.3044822256568779,2.5737256388473537,219.56171274568888,1.1271601877555946e-49,5.370007706730802e-49,0.08394609294486355,True
P0097,Product P0097,P0095,Product P0095,197,697,3929,0.00632281670250666,0.28263988522238165,2.2413364479189983,158.5272094423051,2.373801315202975e-36,7.753943817025286e-36,0.07133030651647236,True
P0601,Cornflake-crusted pike-perch with potatoes and sauce,P0095,Product P0095,197,952,3929,0.00632281670250666,0.20693277310924368,1.6409784707978383,58.21929134547156,2.3446852845955492e-14,3.8122975342678754e-14,0.043227054165342414,True
P0697,Product P0697,P0070,"Caru' cu Flori potatoes, 180 g",196,811,4003,0.006290721186250281,0.24167694204685575,1.8810713173504583,95.29035351113838,1.6441235576045045e-22,3.4628162188156653e-22,0.055302740349758815,True
P0627,"Chicken breast strips, 200 g",P0011,Product P0011,196,1085,1889,0.006290721186250281,0.18064516129032257,2.9795454157345582,284.31050801055244,8.635488029625565e-64,5.445848231399706e-63,0.09552535020460304,True
P0011,Product P0011,P0627,"Chicken breast strips, 200 g",196,1889,1085,0.006290721186250281,0.10375860243515088,2.9795454157345582,284.31050801055244,8.635488029625565e-64,5.445848231399706e-63,0.09552535020460304,True
P0697,Product P0697,P0535,"Grilled minced-meat rolls with mustard, 40/20/30 g",195,811,5898,0.006258625669993902,0.2404438964241677,1.270178107983688,14.192665344242045,0.00016501247232425078,0.0001944153426628052,0.021342936097863086,True
P0597,"Assorted pickled vegetables, 180 g",P0071,Product P0071,195,971,1212,0.006258625669993902,0.2008238928939238,5.162599035392726,702.8728327456279,7.0956079199623136e-155,1.4335756001257193e-153,0.15019675905143376,True
P0071,Product P0071,P0597,"Assorted pickled vegetables, 180 g",195,1212,971,0.006258625669993902,0.1608910891089109,5.162599035392726,702.8728327456279,7.0956079199623136e-155,1.4335756001257193e-153,0.15019675905143376,True
P0061,Product P0061,P0095,Product P0095,194,683,3929,0.006226530153737523,0.2840409956076135,2.2524472639721083,158.06366889671537,2.997291647035092e-36,9.6461509938504e-36,0.07122594369060639,True
P0614,Product P0614,P0165,"Honey lemonade, 500 ml",194,845,3686,0.006226530153737523,0.22958579881656804,1.9406415446901277,103.1162058964865,3.1605511871912894e-24,7.10961102108391e-24,0.05752884374508847,True
P0118,Product P0118,P0567,"Fried Romanian cheese doughnuts, 180 g",194,936,2807,0.006226530153737523,0.20726495726495728,2.3005893386192637,161.61898717635694,5.011063668118973e-37,1.6821755267439382e-36,0.07202253001844819,True
P0537,Product P0537,P0007,Product P0007,194,1610,2157,0.006226530153737523,0.12049689440993788,1.7405293180947774,69.24760856454766,8.68461711854586e-17,1.5532651272677926e-16,0.0471437985995911,True
P0578,Product P0578,P0159,Product P0159,193,615,1626,0.006194434637481144,0.31382113821138213,6.013361133611336,868.2277140703128,7.922674897715414e-191,1.9208085140905593e-189,0.16693177262337594,True
P0118,Product P0118,P0095,Product P0095,193,936,3929,0.006194434637481144,0.20619658119658119,1.6351404633092086,56.17311426733559,6.636282411967128e-14,1.0663010473425827e-13,0.042460630025221054,True
P0156,Product P0156,P0007,Product P0007,193,1346,2157,0.006194434637481144,0.14338781575037146,2.07117949714155,120.0606802892183,6.135490627915211e-28,1.5459169226456109e-27,0.0620758368125193,True
P0159,Product P0159,P0578,Product P0578,193,1626,615,0.006194434637481144,0.11869618696186962,6.013361133611336,868.2277140703128,7.922674897715414e-191,1.9208085140905593e-189,0.16693177262337594,True
P0601,Cornflake-crusted pike-perch with potatoes and sauce,P0009,"Borsec sparkling mineral water, 750 ml",191,952,3139,0.006130243604968386,0.20063025210084034,1.9914102468002173,108.13710382225412,2.508139451504348e-25,5.859486384563691e-25,0.05891278446691261,True
P0621,Product P0621,P0535,"Grilled minced-meat rolls with mustard, 40/20/30 g",190,633,5898,0.006098148088712007,0.3001579778830964,1.5856259947276423,51.742475960588784,6.327885440056015e-13,9.820374132434014e-13,0.04075170522000737,True
P0482,Product P0482,P0070,"Caru' cu Flori potatoes, 180 g",189,713,4003,0.006066052572455628,0.2650771388499299,2.0632047002616196,121.59871991610345,2.8258434689985135e-28,7.186469055192024e-28,0.06247218334444678,True
P0572,"Medium Capricciosa pizza, 550 g",P0011,Product P0011,189,1605,1889,0.006066052572455628,0.11775700934579439,1.9422737639951908,96.96988994174194,7.038966334564677e-23,1.5087450434204446e-22,0.05578797969997174,True
P0011,Product P0011,P0572,"Medium Capricciosa pizza, 550 g",189,1889,1605,0.006066052572455628,0.10005293806246691,1.9422737639951908,96.96988994174194,7.038966334564677e-23,1.5087450434204446e-22,0.05578797969997174,True
P0631,Product P0631,P0072,"French fries, 180 g",188,509,5580,0.006033957056199249,0.3693516699410609,2.062345874615347,127.40537328032528,1.5145254363125263e-29,4.020309613179967e-29,0.0639463934031366,True
P0153,Product P0153,P0070,"Caru' cu Flori potatoes, 180 g",188,616,4003,0.006033957056199249,0.3051948051948052,2.3754570435809503,175.26650771188332,5.236106767370459e-40,1.8791422642109116e-39,0.07500179362832281,True
P0153,Product P0153,P0535,"Grilled minced-meat rolls with mustard, 40/20/30 g",188,616,5898,0.006033957056199249,0.3051948051948052,1.6122337310028052,55.001712989341335,1.2042482427846638e-13,1.9124233375226612e-13,0.04201557298643083,True
P0057,Product P0057,P0070,"Caru' cu Flori potatoes, 180 g",188,647,4003,0.006033957056199249,0.29057187017001546,2.2616407091899005,155.0389689339306,1.3730232161772785e-35,4.279909510998317e-35,0.07054116349898977,True
P0087,Product P0087,P0612,"Sour cream, 50 g",188,654,2147,0.006033957056199249,0.2874617737003058,4.17160991298576,497.3185705600628,3.6424896531560206e-110,4.415506901770243e-109,0.12633960687769158,True
P0597,"Assorted pickled vegetables, 180 g",P0612,"Sour cream, 50 g",188,971,2147,0.006033957056199249,0.19361483007209063,2.809714606686599,242.92588610568285,9.05206179406552e-55,4.864925821342602e-54,0.08829967002543222,True
P0569,Product P0569,P0149,"Beck's draught beer, 0.4 L",188,998,5044,0.006033957056199249,0.18837675350701402,1.1636111239131712,5.331055495266702,0.0209486948691461,0.022877904006244638,0.013080633712171247,True
P0071,Product P0071,P0537,Product P0537,188,1212,1610,0.006033957056199249,0.1551155115511551,3.0018223561486583,275.3578682279628,7.7130620527220695e-62,4.754209434756936e-61,0.0940093236654346,True
P0685,Product P0685,P0015,Product P0015,188,1242,1453,0.006033957056199249,0.15136876006441224,3.2458337627851974,319.1494601036422,2.21905467503005e-71,1.65821140442314e-70,0.10120902472097547,True
P0015,Product P0015,P0685,Product P0685,188,1453,1242,0.006033957056199249,0.1293874741913283,3.2458337627851974,319.1494601036422,2.21905467503005e-71,1.65821140442314e-70,0.10120902472097547,True
P0537,Product P0537,P0071,Product P0071,188,1610,1212,0.006033957056199249,0.11677018633540373,3.0018223561486583,275.3578682279628,7.7130620527220695e-62,4.754209434756936e-61,0.0940093236654346,True
P0057,Product P0057,P0095,Product P0095,187,647,3929,0.00600186153994287,0.2890262751159196,2.291980568538231,159.1460844737636,1.738687859830267e-36,5.730841254002482e-36,0.07146940423262771,True
P0594,Product P0594,P0095,Product P0095,187,850,3929,0.00600186153994287,0.22,1.7446016798167472,69.91106550711405,6.203944485162588e-17,1.1169147579723405e-16,0.047369101104880115,True
P0094,Product P0094,P0149,"Beck's draught beer, 0.4 L",187,1003,5044,0.00600186153994287,0.1864406779661017,1.1516519039234399,4.603897860976486,0.03189935141521449,0.034629047158207964,0.012155841338207702,True
P0027,Product P0027,P0058,Product P0058,187,1375,2522,0.00600186153994287,0.136,1.6801554321966692,58.60959359301857,1.9227662622238495e-14,3.1403263354584126e-14,0.043371709257815666,True
P0050,Product P0050,P0599,Product P0599,187,1560,2260,0.00600186153994287,0.11987179487179488,1.652586510097572,54.69711316048017,1.4061268873851372e-13,2.2233107741118619e-13,0.04189907021186977,True
P0157,Product P0157,P0165,"Honey lemonade, 500 ml",186,519,3686,0.005969766023686491,0.3583815028901734,3.0293251452927654,291.63974897424345,2.1841037747500576e-65,1.4529617184465323e-64,0.0967487896782648,True
P0160,Product P0160,P0095,Product P0095,186,735,3929,0.005969766023686491,0.2530612244897959,2.0067774424608227,110.10028696088447,9.315658373591627e-26,2.2142447245290773e-25,0.05944514740485601,True
P0160,Product P0160,P0072,"French fries, 180 g",186,735,5580,0.005969766023686491,0.2530612244897959,1.4130158730158728,28.01388183231404,1.204482992717116e-07,1.5551372130820987e-07,0.029985329742280895,True
P0074,Product P0074,P0095,Product P0095,186,805,3929,0.005969766023686491,0.231055900621118,1.8322750561598817,82.59699464367466,1.0060992608950103e-19,1.956603018959815e-19,0.05148779646007497,True
P0576,Product P0576,P0070,"Caru' cu Flori potatoes, 180 g",186,1175,4003,0.005969766023686491,0.15829787234042553,1.2320976289059797,9.696747458696303,0.0018459445552749959,0.002106616642055461,0.017641488477296602,True
P0050,Product P0050,P0009,"Borsec sparkling mineral water, 750 ml",186,1560,3139,0.005969766023686491,0.11923076923076924,1.183457495037616,6.192380629641765,0.012830147767980006,0.014225295950067263,0.014097788945943034,True
P0159,Product P0159,P0058,Product P0058,186,1626,2522,0.005969766023686491,0.11439114391143912,1.4131978076323188,25.7965681771014,3.793623983783141e-07,4.846421272022724e-07,0.028774192834672994,True
P0150,Product P0150,P0165,"Honey lemonade, 500 ml",185,1131,3686,0.005937670507430112,0.16357206012378425,1.382640986781537,23.05603361427013,1.573479419804957e-06,1.9663986792751526e-06,0.027202854660392305,True
P0570,Product P0570,P0613,Product P0613,185,1256,1844,0.005937670507430112,0.14729299363057324,2.4887244048523702,182.468887912499,1.4008180805161972e-41,5.251864349976533e-41,0.0765273360197453,True
P0159,Product P0159,P0082,"Tripe soup, 300/100 g",185,1626,2454,0.005937670507430112,0.11377613776137761,1.4445489503794793,28.98574503184854,7.291287465467679e-08,9.492595017691214e-08,0.03050102376762051,True
P0613,Product P0613,P0570,Product P0570,185,1844,1256,0.005937670507430112,0.10032537960954446,2.4887244048523702,182.468887912499,1.4008180805161972e-41,5.251864349976533e-41,0.0765273360197453,True
P0148,Product P0148,P0149,"Beck's draught beer, 0.4 L",184,461,5044,0.005905574991173733,0.39913232104121477,2.4654571226568454,194.10615855732289,4.0373307058631063e-44,1.613453406628809e-43,0.07892995228327351,True
P0140,Product P0140,P0149,"Beck's draught beer, 0.4 L",184,931,5044,0.005905574991173733,0.19763694951664876,1.2208117438719714,9.038311015398264,0.002643797818569145,0.003004566062561393,0.017032006873088215,True
P0150,Product P0150,P0095,Product P0095,184,1131,3929,0.005905574991173733,0.16268788682581786,1.290116184737085,14.253809848695377,0.00015973712566551875,0.00018840346389306049,0.021388861253328503,True
P0572,"Medium Capricciosa pizza, 550 g",P0537,Product P0537,184,1605,1610,0.005905574991173733,0.1146417445482866,2.218566978193146,136.91627874338897,1.2577789143596094e-31,3.518555886067523e-31,0.06629026059815542,True
P0537,Product P0537,P0572,"Medium Capricciosa pizza, 550 g",184,1610,1605,0.005905574991173733,0.11428571428571428,2.218566978193146,136.91627874338897,1.2577789143596094e-31,3.518555886067523e-31,0.06629026059815542,True
P0159,Product P0159,P0076,"Grilled pork neck, 150 g",184,1626,2088,0.005905574991173733,0.11316113161131611,1.6885830352556397,58.42666020380747,2.1101210184995644e-14,3.44116895543053e-14,0.043303970053301506,True
P0594,Product P0594,P0071,Product P0071,183,850,1212,0.005873479474917354,0.21529411764705883,5.534586488060571,727.2526168830778,3.544892354449625e-160,7.583289330793218e-159,0.1527794102216165,True
P0063,Product P0063,P0009,"Borsec sparkling mineral water, 750 ml",183,1031,3139,0.005873479474917354,0.17749757516973813,1.7618005573633417,69.32814574964716,8.337131579085821e-17,1.4935649511958341e-16,0.04717120550645714,True
P0627,"Chicken breast strips, 200 g",P0007,Product P0007,183,1085,2157,0.005873479474917354,0.16866359447004609,2.4362779846561082,172.48534998887357,2.1201360364414753e-39,7.534424807028174e-39,0.07440434365381574,True
P0071,Product P0071,P0594,Product P0594,183,1212,850,0.005873479474917354,0.15099009900990099,5.534586488060571,727.2526168830778,3.544892354449625e-160,7.583289330793218e-159,0.1527794102216165,True
P0537,Product P0537,P0159,Product P0159,183,1610,1626,0.005873479474917354,0.11366459627329192,2.1780121931654097,129.72093705780352,4.716346754482338e-30,1.2736471062228292e-29,0.06452488236433637,True
P0159,Product P0159,P0537,Product P0537,183,1626,1610,0.005873479474917354,0.11254612546125461,2.1780121931654097,129.72093705780352,4.716346754482338e-30,1.2736471062228292e-29,0.06452488236433637,True
P0086,Product P0086,P0018,"Hot pepper, 1 pc.",182,361,2461,0.005841383958660975,0.5041551246537396,6.382755472912055,907.5448103142267,2.247383542810956e-199,5.980232793187203e-198,0.1706696200641246,True
P0153,Product P0153,P0072,"French fries, 180 g",182,616,5580,0.005841383958660975,0.29545454545454547,1.6497271098077548,57.876154191889924,2.7915064318363197e-14,4.525309832293351e-14,0.04309947850870704,True
P0084,Product P0084,P0018,"Hot pepper, 1 pc.",182,661,2461,0.005841383958660975,0.2753403933434191,3.4858921720442537,357.90604892520633,8.045247852823477e-80,6.55027269211225e-79,0.10717825997624393,True
P0074,Product P0074,P0165,"Honey lemonade, 500 ml",182,805,3686,0.005841383958660975,0.22608695652173913,1.9110665502842719,92.0333576786922,8.522767685815278e-22,1.741262087120687e-21,0.05434940779351333,True
P0142,Product P0142,P0599,Product P0599,182,813,2260,0.005841383958660975,0.22386223862238622,3.0862282162644634,284.1532720113786,9.344359623029703e-64,5.859020890072073e-63,0.09549893172776583,True
P0094,Product P0094,P0011,Product P0011,182,1003,1889,0.005841383958660975,0.1814556331006979,2.992913266552909,265.66071966712764,1.00153105158723e-59,5.938425963487326e-59,0.09233914633977094,True
P0092,Product P0092,P0072,"French fries, 180 g",180,471,5580,0.005777192926148217,0.3821656050955414,2.133894938702828,134.14252895044106,5.085075795191561e-31,1.4009640637762608e-30,0.06561534666982008,True
P0074,Product P0074,P0009,"Borsec sparkling mineral water, 750 ml",180,805,3139,0.005777192926148217,0.2236024844720497,2.2194274000304723,137.6671381442319,8.617600682006551e-32,2.42314493403844e-31,0.06647178251165953,True
P0063,Product P0063,P0011,Product P0011,180,1031,1889,0.005777192926148217,0.17458777885548013,2.879635482159975,243.14145357882688,8.123563409537298e-55,4.387528554359005e-54,0.08833883900040149,True
P0627,"Chicken breast strips, 200 g",P0613,Product P0613,180,1085,1844,0.005777192926148217,0.16589861751152074,2.8030928556434116,229.91107583611398,6.233550440747617e-52,3.105389740116735e-51,0.0859017733927512,True
P0570,Product P0570,P0152,"Stella Artois draught beer, 0.4 L",180,1256,2832,0.005777192926148217,0.14331210191082802,1.5766861437979054,43.51729823693203,4.202282459540323e-11,6.137470098204139e-11,0.03737258558083913,True
P0592,Product P0592,P0165,"Honey lemonade, 500 ml",179,565,3686,0.005745097409891838,0.3168141592920354,2.6779649378898394,217.39163905003463,3.3523452175637557e-49,1.576469238087094e-48,0.08353021540216007,True
P0597,"Assorted pickled vegetables, 180 g",P0011,Product P0011,179,971,1889,0.005745097409891838,0.184346035015448,3.0405873017344165,269.3509847114807,1.5716647923919334e-60,9.473404908837565e-60,0.09297827116310034,True
P0089,Product P0089,P0567,"Fried Romanian cheese doughnuts, 180 g",179,1128,2807,0.005745097409891838,0.15868794326241134,1.7613965971595833,67.17923847173287,2.4791117079884286e-16,4.3624368926054446e-16,0.04643438747803898,True
P0157,Product P0157,P0535,"Grilled minced-meat rolls with mustard, 40/20/30 g",178,519,5898,0.005713001893635459,0.34296724470134876,1.811771862183778,81.21180868945099,2.02776684473719e-19,3.9155639426695123e-19,0.051054235142661906,True
P0592,Product P0592,P0535,"Grilled minced-meat rolls with mustard, 40/20/30 g",178,565,5898,0.005713001893635459,0.31504424778761064,1.6642647725192579,59.28806408253995,1.3620015530930925e-14,2.2378670096755483e-14,0.043622024535438515,True
P0142,Product P0142,P0070,"Caru' cu Flori potatoes, 180 g",178,813,4003,0.005713001893635459,0.21894218942189422,1.704117360933789,61.011995805588306,5.672809602347417e-15,9.434504994147915e-15,0.04425168362008824,True
P0601,Cornflake-crusted pike-perch with potatoes and sauce,P0082,"Tripe soup, 300/100 g",178,952,2454,0.005713001893635459,0.1869747899159664,2.3739093436885756,158.4809858784683,2.4296529060374924e-36,7.912690508916131e-36,0.07131990646789539,True
P0027,Product P0027,P0009,"Borsec sparkling mineral water, 750 ml",178,1375,3139,0.005713001893635459,0.12945454545454546,1.2849363723247125,13.084418892957348,0.00029776219227229344,0.0003485606778638113,0.020492710393800642,True
P0525,Product P0525,P0535,"Grilled minced-meat rolls with mustard, 40/20/30 g",177,590,5898,0.0056809063773790806,0.3,1.5847914547304174,48.02257903986645,4.2133907685202695e-12,6.366771923068717e-12,0.03925951434044082,True
P0083,Product P0083,P0072,"French fries, 180 g",177,614,5580,0.0056809063773790806,0.28827361563517917,1.6096310111729888,50.784480075096575,1.0308562118120096e-12,1.5840339818125387e-12,0.04037269009890246,True
P0084,Product P0084,P0072,"French fries, 180 g",177,661,5580,0.0056809063773790806,0.26777609682299547,1.4951791843573603,36.126307194179354,1.8493331815771062e-09,2.5351409023087404e-09,0.03405132126414075,True
P0160,Product P0160,P0165,"Honey lemonade, 500 ml",177,735,3686,0.0056809063773790806,0.24081632653061225,2.0355708859778314,108.31677918706286,2.290770286890268e-25,5.363155328320348e-25,0.058961707465413425,True
P0597,"Assorted pickled vegetables, 180 g",P0537,Product P0537,177,971,1610,0.0056809063773790806,0.1822863027806385,3.527636233376618,348.9079980667685,7.327225257543265e-78,5.877943202926252e-77,0.10582240936556216,True
P0063,Product P0063,P0007,Product P0007,177,1031,2157,0.0056809063773790806,0.1716779825412221,2.4798196115145377,173.67708934686686,1.1644006887324818e-39,4.16511852920373e-39,0.074660939215181,True
P0627,"Chicken breast strips, 200 g",P0082,"Tripe soup, 300/100 g",177,1085,2454,0.0056809063773790806,0.1631336405529954,2.0712122407129905,110.28625270928174,8.48147737213335e-26,2.0292306607450625e-25,0.0594953293686645,True
P0537,Product P0537,P0597,"Assorted pickled vegetables, 180 g",177,1610,971,0.0056809063773790806,0.10993788819875776,3.527636233376618,348.9079980667685,7.327225257543265e-78,5.877943202926252e-77,0.10582240936556216,True
P0600,Product P0600,P0076,"Grilled pork neck, 150 g",176,540,2088,0.0056488108611227016,0.32592592592592595,4.863445437774939,589.1647145675704,3.8071100312478436e-130,6.199338871778206e-129,0.13751198374719326,True
P0071,Product P0071,P0058,Product P0058,176,1212,2522,0.0056488108611227016,0.14521452145214522,1.7939924047916291,70.0187780988897,5.874258375483739e-17,1.0593084111822742e-16,0.04740557805495791,True
P0594,Product P0594,P0570,Product P0570,175,850,1256,0.0056167153448663226,0.20588235294117646,5.107226489321843,619.202700925946,1.11472303891717e-136,1.9304171991406867e-135,0.14097386407970264,True
P0089,Product P0089,P0599,Product P0599,175,1128,2260,0.0056167153448663226,0.1551418439716312,2.1388293949664225,118.71261783268524,1.2105698231628313e-27,3.0292010941987362e-27,0.06172635381655274,True
P0048,Product P0048,P0567,"Fried Romanian cheese doughnuts, 180 g",175,1234,2807,0.0056167153448663226,0.14181523500810372,1.5741137431946874,41.93251366491026,9.447851020555414e-11,1.3616387666348688e-10,0.0366857693663764,True
P0570,Product P0570,P0594,Product P0594,175,1256,850,0.0056167153448663226,0.1393312101910828,5.107226489321843,619.202700925946,1.11472303891717e-136,1.9304171991406867e-135,0.14097386407970264,True
P0148,Product P0148,P0535,"Grilled minced-meat rolls with mustard, 40/20/30 g",174,461,5898,0.0055846198286099435,0.3774403470715835,1.9938807890317611,107.9274661248966,2.7879683604261956e-25,6.499302310309785e-25,0.05885565175513233,True
P0699,Product P0699,P0072,"French fries, 180 g",173,354,5580,0.0055525243123535645,0.4887005649717514,2.7287533159184334,233.46217553114045,1.0479095322696214e-52,5.342379905168958e-52,0.08656263079417886,True
P0057,Product P0057,P0535,"Grilled minced-meat rolls with mustard, 40/20/30 g",173,647,5898,0.0055525243123535645,0.26738794435857804,1.4125137643913561,26.253258280660756,2.994491714251891e-07,3.8390017159210496e-07,0.029027777695336297,True
P0056,Product P0056,P0009,"Borsec sparkling mineral water, 750 ml",173,937,3139,0.0055525243123535645,0.18463180362860193,1.8326132862874642,75.03115355679374,4.6334484853929474e-18,8.670827268548381e-18,0.04907304360559819,True
P0089,Product P0089,P0076,"Grilled pork neck, 150 g",173,1128,2088,0.0055525243123535645,0.15336879432624115,2.2885591593978427,139.58314879298857,3.2837524202706994e-32,9.329619506550347e-32,0.0669327514838732,True
P0015,Product P0015,P0599,Product P0599,173,1453,2260,0.0055525243123535645,0.11906400550584996,1.641450097144145,49.04421008103387,2.5025784888341312e-12,3.818619764081171e-12,0.03967491955804181,True
P0525,Product P0525,P0072,"French fries, 180 g",172,590,5580,0.0055204287960971855,0.29152542372881357,1.6277881052183951,51.70893463601606,6.436915980458732e-13,9.975391100398404e-13,0.040738494721949306,True
P0087,Product P0087,P0072,"French fries, 180 g",172,654,5580,0.0055204287960971855,0.26299694189602446,1.4684938563896837,31.98771541634299,1.551506266263467e-08,2.07184006914742e-08,0.03204157050067398,True
P0071,Product P0071,P0007,Product P0007,172,1212,2157,0.0055204287960971855,0.1419141914191419,2.049893584629673,103.38955066256572,2.75323027475458e-24,6.218994264507758e-24,0.05760504321697968,True
P0570,Product P0570,P0007,Product P0007,172,1256,2157,0.0055204287960971855,0.13694267515923567,1.9780820259324552,93.12413761519238,4.9115074014019355e-22,1.0148588210093771e-21,0.05467053386139265,True
P0029,Product P0029,P0165,"Honey lemonade, 500 ml",171,906,3686,0.0054883332798408065,0.18874172185430463,1.595394961425548,44.3849023266926,2.6975947513975653e-11,3.982511331224281e-11,0.03774329548627353,True
P0601,Cornflake-crusted pike-perch with potatoes and sauce,P0011,Product P0011,171,952,1889,0.0054883332798408065,0.1796218487394958,2.9626669884470465,244.14390675068344,4.911118142547087e-55,2.6656865141884936e-54,0.08852075874060521,True
P0050,Product P0050,P0567,"Fried Romanian cheese doughnuts, 180 g",171,1560,2807,0.0054883332798408065,0.10961538461538461,1.216703433723384,7.635781199165116,0.005722159695754911,0.006449252301723768,0.01565485035405823,True
P0600,Product P0600,P0535,"Grilled minced-meat rolls with mustard, 40/20/30 g",170,540,5898,0.0054562377635844275,0.3148148148148148,1.6630527611368573,56.41200699296494,5.877039363264229e-14,9.457005819057925e-14,0.042550822406831,True
P0594,Product P0594,P0009,"Borsec sparkling mineral water, 750 ml",170,850,3139,0.0054562377635844275,0.2,1.9851545078050334,95.01550776710293,1.888996397200067e-22,3.970896087370468e-22,0.055222927975136886,True
P0621,Product P0621,P0070,"Caru' cu Flori potatoes, 180 g",169,633,4003,0.0054241422473280485,0.2669826224328594,2.0780358648864854,110.69706211283815,6.894011690096712e-26,1.660345861787089e-25,0.059606034565100795,True
P0074,Product P0074,P0567,"Fried Romanian cheese doughnuts, 180 g",169,805,2807,0.0054241422473280485,0.20993788819875778,2.3302582054181316,144.78562441587783,2.392373647231321e-33,6.987837807676423e-33,0.0681686831479807,True
P0166,Product P0166,P0007,Product P0007,169,995,2157,0.0054241422473280485,0.16984924623115577,2.4534042488753456,161.48923513493372,5.349060685379585e-37,1.7901304318248857e-36,0.07199361340774245,True
P0094,Product P0094,P0613,Product P0613,169,1003,1844,0.0054241422473280485,0.16849451645064806,2.846954256536248,222.39476719553795,2.7166666537336106e-50,1.311452796116535e-49,0.08448594478289277,True
P0015,Product P0015,P0018,"Hot pepper, 1 pc.",169,1453,2461,0.0054241422473280485,0.11631108052305575,1.4725332530909585,29.185108658365685,6.578285265563858e-08,8.584819646806422e-08,0.03060573687054051,True
P0594,Product P0594,P0011,Product P0011,168,850,1889,0.0053920467310716695,0.1976470588235294,3.259973219568399,288.05612109517733,1.3186051430937275e-64,8.46234241832504e-64,0.09615253463824933,True
P0020,Product P0020,P0535,"Grilled minced-meat rolls with mustard, 40/20/30 g",167,572,5898,0.0053599512148152905,0.291958041958042,1.5423087001164317,40.01519495174675,2.5199497336080866e-10,3.584439581964045e-10,0.035837247942273165,True
P0056,Product P0056,P0011,Product P0011,167,937,1889,0.0053599512148152905,0.17822838847385272,2.939683377278893,234.58560822306904,5.961283655569525e-53,3.0823509328086975e-52,0.08677065288584651,True
P0627,"Chicken breast strips, 200 g",P0159,Product P0159,167,1085,1626,0.0053599512148152905,0.15391705069124423,2.9493195254533195,235.19685671180602,4.385796758530922e-53,2.2785258397891597e-52,0.08688362640937018,True
P0572,"Medium Capricciosa pizza, 550 g",P0082,"Tripe soup, 300/100 g",167,1605,2454,0.0053599512148152905,0.10404984423676013,1.321059900931025,14.912937407082184,0.00011258821634030205,0.00013409797382889688,0.021877806676615656,True
P0159,Product P0159,P0627,"Chicken breast strips, 200 g",167,1626,1085,0.0053599512148152905,0.1027060270602706,2.9493195254533195,235.19685671180602,4.385796758530922e-53,2.2785258397891597e-52,0.08688362640937018,True
P0159,Product P0159,P0599,Product P0599,167,1626,2260,0.0053599512148152905,0.1027060270602706,1.4159343739455095,23.211506550454338,1.4512637973530614e-06,1.815744040036915e-06,0.02729441858375361,True
P0101,Product P0101,P0599,Product P0599,166,500,2260,0.0053278556985589115,0.332,4.577046017699115,508.5114315482548,1.3368585445651576e-112,1.6574007637733942e-111,0.12775342233306927,True
P0056,Product P0056,P0076,"Grilled pork neck, 150 g",166,937,2088,0.0053278556985589115,0.17716115261472787,2.6435871800848063,187.45052359750045,1.145106778980125e-42,4.383549108306373e-42,0.07756494909036123,True
P0597,"Assorted pickled vegetables, 180 g",P0570,Product P0570,166,971,1256,0.0053278556985589115,0.1709577754891864,4.240868957736131,442.17701635395275,3.636186786315068e-98,4.0071512968381206e-97,0.11912975957578965,True
P0570,Product P0570,P0597,"Assorted pickled vegetables, 180 g",166,1256,971,0.0053278556985589115,0.1321656050955414,4.240868957736131,442.17701635395275,3.636186786315068e-98,4.0071512968381206e-97,0.11912975957578965,True
P0050,Product P0050,P0076,"Grilled pork neck, 150 g",166,1560,2088,0.0053278556985589115,0.1064102564102564,1.5878469152176047,40.76255799049532,1.7189523623672605e-10,2.461124707798794e-10,0.036170365530853205,True
P0116,Product P0116,P0072,"French fries, 180 g",165,418,5580,0.0052957601823025325,0.39473684210526316,2.2040888511601584,134.01204886321472,5.430491049029984e-31,1.4923591270759982e-30,0.06558342696779394,True
P0614,Product P0614,P0149,"Beck's draught beer, 0.4 L",165,845,5044,0.0052957601823025325,0.1952662721893491,1.2061679703813544,7.131131601578632,0.007575690209232587,0.008503166685465795,0.015128692945685853,True
P0029,Product P0029,P0070,"Caru' cu Flori potatoes, 180 g",165,906,4003,0.0052957601823025325,0.18211920529801323,1.4175088882013986,23.978793283813918,9.740265253859413e-07,1.2270934632748984e-06,0.027741877183222494,True
P0569,Product P0569,P0007,Product P0007,165,998,2157,0.0052957601823025325,0.1653306613226453,2.3881351019145387,147.76951854489107,5.327378121737139e-34,1.575113693987864e-33,0.06886754667225228,True
P0094,Product P0094,P0007,Product P0007,165,1003,2157,0.0052957601823025325,0.16450648055832504,2.376230141286849,145.9976665214377,1.2997243683598013e-33,3.832430502379846e-33,0.06845341831663486,True
P0576,Product P0576,P0007,Product P0007,165,1175,2157,0.0052957601823025325,0.14042553191489363,2.028390495072944,96.05083757247412,1.119710263518812e-22,2.3766612791809807e-22,0.05552297919552012,True
P0156,Product P0156,P0011,Product P0011,165,1346,1889,0.0052957601823025325,0.1225854383358098,2.0219134474477642,94.81810893056173,2.0870761458710133e-22,4.378846298356299e-22,0.05516553413663242,True
P0159,Product P0159,P0018,"Hot pepper, 1 pc.",165,1626,2461,0.0052957601823025325,0.1014760147601476,1.2847168597651033,11.926544750803592,0.0005533972061241188,0.0006429780105233372,0.019564984306966567,True
P0066,Product P0066,P0072,"French fries, 180 g",164,422,5580,0.0052636646660461535,0.3886255924170616,2.169965516655625,127.75137597579007,1.2722223184005127e-29,3.385352559451121e-29,0.06403316612823197,True
P0056,Product P0056,P0599,Product P0599,164,937,2260,0.0052636646660461535,0.17502668089647813,2.412967387916623,150.8414584316185,1.1351160447884504e-34,3.440032235733887e-34,0.06957969877218445,True
P0156,Product P0156,P0009,"Borsec sparkling mineral water, 750 ml",164,1346,3139,0.0052636646660461535,0.12184249628528974,1.2093809037148051,6.9095931219894355,0.008573449827767858,0.009603320084286174,0.014891842007346718,True
P0020,Product P0020,P0599,Product P0599,163,572,2260,0.0052315691497897745,0.28496503496503495,3.9286086700909713,390.8602873619553,5.377645677249215e-87,5.057768477481805e-86,0.11200385130431273,True
P0089,Product P0089,P0613,Product P0613,163,1128,1844,0.0052315691497897745,0.14450354609929078,2.441592725496531,153.006428170882,3.8182823413114923e-35,1.1767644164889374e-34,0.07007724525613879,True
P0570,Product P0570,P0537,Product P0537,163,1256,1610,0.0052315691497897745,0.12977707006369427,2.5114684297978402,162.91842595962774,2.6064071754803447e-37,8.803684917798936e-37,0.07231148587085531,True
P0570,Product P0570,P0058,Product P0058,163,1256,2522,0.0052315691497897745,0.12977707006369427,1.6032768326623799,41.95084864258789,9.359675346823632e-11,1.350715053357749e-10,0.036693788910074056,True
P0537,Product P0537,P0570,Product P0570,163,1610,1256,0.0052315691497897745,0.10124223602484472,2.5114684297978402,162.91842595962774,2.6064071754803447e-37,8.803684917798936e-37,0.07231148587085531,True
P0579,Product P0579,P0095,Product P0095,162,601,3929,0.0051994736335333955,0.26955074875207985,2.1375394957670024,114.42814581342348,1.0500299482149966e-26,2.5743430865226096e-26,0.06060223109871482,True
P0578,Product P0578,P0072,"French fries, 180 g",162,615,5580,0.0051994736335333955,0.2634146341463415,1.4708261211644373,30.341634412282154,3.622659748728451e-08,4.756103232085127e-08,0.03120625611194829,True
P0482,Product P0482,P0159,Product P0159,162,713,1626,0.0051994736335333955,0.22720897615708274,4.353720830335933,451.89720498187125,2.7876175551887744e-100,3.1353512914545907e-99,0.12043203099137652,True
P0697,Product P0697,P0009,"Borsec sparkling mineral water, 750 ml",162,811,3139,0.0051994736335333955,0.1997533908754624,1.982706721728825,90.0901008444091,2.2755741837382015e-21,4.6318123777208544e-21,0.05377256081116608,True
P0142,Product P0142,P0597,"Assorted pickled vegetables, 180 g",162,813,971,0.0051994736335333955,0.1992619926199262,6.393826883685933,781.2337905609044,6.489828982743601e-172,1.475084045869431e-170,0.15834804016779014,True
P0594,Product P0594,P0567,"Fried Romanian cheese doughnuts, 180 g",162,850,2807,0.0051994736335333955,0.19058823529411764,2.1154818835264777,107.65792453726124,3.194121300428925e-25,7.430248057074535e-25,0.058782111795287605,True
P0597,"Assorted pickled vegetables, 180 g",P0142,Product P0142,162,971,813,0.0051994736335333955,0.16683831101956745,6.393826883685933,781.2337905609044,6.489828982743601e-172,1.475084045869431e-170,0.15834804016779014,True
P0088,Product P0088,P0018,"Hot pepper, 1 pc.",161,433,2461,0.0051673781172770165,0.371824480369515,4.707409725669638,517.6034876997358,1.4058441220127745e-114,1.8704584598974842e-113,0.12889046184192735,True
P0049,Product P0049,P0095,Product P0095,161,831,3929,0.0051673781172770165,0.19374247894103488,1.5363793373290469,35.44474800792212,2.623889355291899e-09,3.560526475899828e-09,0.03372858558984532,True
P0597,"Assorted pickled vegetables, 180 g",P0058,Product P0058,161,971,2522,0.0051673781172770165,0.16580844490216273,2.0484114662239032,97.02434407999507,6.848016670570001e-23,1.4707059424393447e-22,0.05580364157189018,True
P0050,Product P0050,P0011,Product P0011,161,1560,1889,0.0051673781172770165,0.1032051282051282,1.7022563152393753,52.271234679885566,4.834038033452632e-13,7.534193563566889e-13,0.04095939773006029,True
P0614,Product P0614,P0576,Product P0576,160,845,1175,0.0051352826010206375,0.1893491124260355,5.020893868815309,550.3262616859784,1.06909177716477e-121,1.5147780894633299e-120,0.1329022403056269,True
P0576,Product P0576,P0614,Product P0614,160,1175,845,0.0051352826010206375,0.13617021276595745,5.020893868815309,550.3262616859784,1.06909177716477e-121,1.5147780894633299e-120,0.1329022403056269,True
P0576,Product P0576,P0009,"Borsec sparkling mineral water, 750 ml",160,1175,3139,0.0051352826010206375,0.13617021276595745,1.3515945585055544,16.911081241621684,3.9172235714888774e-05,4.75912128785564e-05,0.023297422237308026,True
P0048,Product P0048,P0076,"Grilled pork neck, 150 g",160,1234,2088,0.0051352826010206375,0.12965964343598055,1.9347727540875699,80.6451315733792,2.7011920220181193e-19,5.206714657282276e-19,0.050875801039504176,True
P0160,Product P0160,P0149,"Beck's draught beer, 0.4 L",159,735,5044,0.0051031870847642585,0.2163265306122449,1.336258071825082,16.440648988665025,5.0197178641029094e-05,6.0782599220158426e-05,0.022971093071099576,True
P0614,Product P0614,P0567,"Fried Romanian cheese doughnuts, 180 g",159,845,2807,0.0051031870847642585,0.1881656804733728,2.088592129144594,101.91015924155963,5.809779927072627e-24,1.2962106135861424e-23,0.057191425691511207,True
P0576,Product P0576,P0567,"Fried Romanian cheese doughnuts, 180 g",159,1175,2807,0.0051031870847642585,0.13531914893617022,1.5020088077678142,30.468068571125873,3.394073163796609e-08,4.466747673947045e-08,0.031271207046179715,True
P0593,Product P0593,P0072,"French fries, 180 g",158,300,5580,0.0050710915685078795,0.5266666666666666,2.9407443249701317,248.91119725261893,4.485496569187123e-56,2.5095778240939233e-55,0.08938083339181944,True
P0142,Product P0142,P0567,"Fried Romanian cheese doughnuts, 180 g",158,813,2807,0.0050710915685078795,0.1943419434194342,2.1571471076306774,110.67253248332071,6.979846112891784e-26,1.6773154425473428e-25,0.05959943007657918,True
P0094,Product P0094,P0076,"Grilled pork neck, 150 g",157,1003,2088,0.0050389960522515004,0.15653040877367896,2.335736564253599,132.81700053335433,9.914196364958107e-31,2.7040970585423238e-30,0.06529035303734979,True
P0627,"Chicken breast strips, 200 g",P0018,"Hot pepper, 1 pc.",157,1085,2461,0.0050389960522515004,0.1447004608294931,1.8319513441952529,66.72816243151532,3.1165077808594567e-16,5.448894213009082e-16,0.04627823270263242,True
P0629,Product P0629,P0072,"French fries, 180 g",156,260,5580,0.0050069005359951214,0.6,3.3502150537634408,315.94571692728556,1.1066982647651537e-70,8.213658550059746e-70,0.1006997561753404,True
P0127,Product P0127,P0072,"French fries, 180 g",156,363,5580,0.0050069005359951214,0.4297520661157025,2.3996030688112797,156.96055348285643,5.221190224008954e-36,1.6704746435172345e-35,0.07097696806654438,True
P0091,Product P0091,P0076,"Grilled pork neck, 150 g",156,606,2088,0.0050069005359951214,0.25742574257425743,3.8412901634991083,358.37227718280593,6.368220924245905e-80,5.263431082085062e-79,0.10724804542813964,True
P0578,Product P0578,P0165,"Honey lemonade, 500 ml",156,615,3686,0.0050069005359951214,0.25365853658536586,2.1441234466604024,110.19449798485921,8.883280762894706e-26,2.1207131974437905e-25,0.05947057508916969,True
P0697,Product P0697,P0149,"Beck's draught beer, 0.4 L",156,811,5044,0.0050069005359951214,0.19235511713933415,1.1881856432811726,5.695951990052957,0.017004086389911355,0.018682233888613585,0.01352089197103131,True
P0140,Product P0140,P0159,Product P0159,156,931,1626,0.0050069005359951214,0.16756176154672395,3.210776017534611,258.25962396774855,4.110374252707578e-58,2.3980846575957046e-57,0.09104381340554227,True
P0089,Product P0089,P0011,Product P0011,156,1128,1889,0.0050069005359951214,0.13829787234042554,2.2810729531554466,123.96825839413154,8.560206714708658e-29,2.207845277954408e-28,0.0630779299958697,True
P0153,Product P0153,P0149,"Beck's draught beer, 0.4 L",155,616,5044,0.0049748050197387424,0.25162337662337664,1.554288173167039,37.294314333869636,1.0158032342483095e-09,1.4081846614547721e-09,0.034597402676692667,True
P0621,Product P0621,P0165,"Honey lemonade, 500 ml",155,633,3686,0.0049748050197387424,0.24486571879936808,2.069799566096558,99.22099919315622,2.258396364918977e-23,4.957566265848298e-23,0.05643181011254301,True
P0627,"Chicken breast strips, 200 g",P0537,Product P0537,155,1085,1610,0.0049748050197387424,0.14285714285714285,2.7645962732919256,190.73318413145375,2.1993500968858877e-43,8.600326006102163e-43,0.07824116571167636,True
P0015,Product P0015,P0076,"Grilled pork neck, 150 g",155,1453,2088,0.0049748050197387424,0.10667584308327598,1.591809982253654,38.34169316412568,5.93803164552346e-10,8.337699517716982e-10,0.03507985798497894,True
P0142,Product P0142,P0165,"Honey lemonade, 500 ml",154,813,3686,0.004942709503482363,0.18942189421894218,1.6011443185511618,40.47731588363458,1.9891202006246927e-10,2.8367714233745615e-10,0.03604358958202944,True
P0049,Product P0049,P0152,"Stella Artois draught beer, 0.4 L",154,831,2832,0.004942709503482363,0.18531889290012032,2.0388350092122347,92.12086604158651,8.154105670916276e-22,1.6722047531897853e-21,0.05437524026236069,True
P0015,Product P0015,P0612,"Sour cream, 50 g",154,1453,2147,0.004942709503482363,0.10598761183757742,1.5380791905092688,32.65750644576976,1.099141064304331e-08,1.4731730972432741e-08,0.032375291952706844,True
P0098,Product P0098,P0072,"French fries, 180 g",153,413,5580,0.004910613987225984,0.3704600484261501,2.068534718425369,104.25747084410669,1.7766185392955336e-24,4.0465361719654015e-24,0.057846325296651166,True
P0092,Product P0092,P0535,"Grilled minced-meat rolls with mustard, 40/20/30 g",153,471,5898,0.004910613987225984,0.3248407643312102,1.7160162248673305,57.249355654093186,3.8391486369326234e-14,6.196022430315817e-14,0.042865459580683024,True
P0569,Product P0569,P0011,Product P0011,153,998,1889,0.004910613987225984,0.1533066132264529,2.5286258064037024,155.49288593084543,1.0926577656831604e-35,3.425544891840023e-35,0.07064435184885436,True
P0063,Product P0063,P0567,"Fried Romanian cheese doughnuts, 180 g",153,1031,2807,0.004910613987225984,0.1483996120271581,1.6471986861169094,44.221903354438346,2.931823659789828e-11,4.3167312364562126e-11,0.037673927562711006,True
P0156,Product P0156,P0599,Product P0599,153,1346,2260,0.004910613987225984,0.11367013372956909,1.5670886533682231,35.38194852817089,2.7098680086363327e-09,3.6726285682263837e-09,0.03369869291483385,True
P0691,Product P0691,P0009,"Borsec sparkling mineral water, 750 ml",152,294,3139,0.004878518470969605,0.5170068027210885,5.131691924938181,567.6424598115465,1.8287186155032452e-125,2.7330575472795075e-124,0.13497695283526162,True
P0074,Product P0074,P0149,"Beck's draught beer, 0.4 L",152,805,5044,0.004878518470969605,0.18881987577639753,1.1663483087956419,4.416917526379759,0.035584263426919935,0.038514316863858776,0.011906437261876736,True
P0049,Product P0049,P0567,"Fried Romanian cheese doughnuts, 180 g",152,831,2807,0.004878518470969605,0.1829121540312876,2.030279295743793,89.73065164517975,2.728941391025904e-21,5.544273850296576e-21,0.05366518041126244,True
P0578,Product P0578,P0572,"Medium Capricciosa pizza, 550 g",151,615,1605,0.004846422954713226,0.24552845528455283,4.766311577134462,483.34132282270133,4.00575593414012e-107,4.802505191370188e-106,0.12455155271627782,True
P0084,Product P0084,P0535,"Grilled minced-meat rolls with mustard, 40/20/30 g",151,661,5898,0.004846422954713226,0.22844175491679275,1.2067751369858446,6.742166363325933,0.009416021377380885,0.010482529921145456,0.014710313053002614,True
P0061,Product P0061,P0072,"French fries, 180 g",151,683,5580,0.004846422954713226,0.22108345534407028,1.2344618670529028,8.374828228958568,0.0038045351487128246,0.004310226217285246,0.016394951526824388,True
P0049,Product P0049,P0165,"Honey lemonade, 500 ml",151,831,3686,0.004846422954713226,0.18170878459687123,1.5359469890625927,32.905315576968476,9.675834198762536e-09,1.2984422030565716e-08,0.03249789363977106,True
P0071,Product P0071,P0152,"Stella Artois draught beer, 0.4 L",151,1212,2832,0.004846422954713226,0.12458745874587458,1.3706820099382817,17.32448309705772,3.151008617881007e-05,3.8410619017968476e-05,0.02358046286388329,True
P0592,Product P0592,P0070,"Caru' cu Flori potatoes, 180 g",150,565,4003,0.004814327438456847,0.26548672566371684,2.066392683363583,96.46778378254344,9.070786937428238e-23,1.9328571384246498e-22,0.05564335829736983,True
P0091,Product P0091,P0165,"Honey lemonade, 500 ml",150,606,3686,0.004814327438456847,0.24752475247524752,2.0922758309471754,98.93463099291768,2.6097552863481994e-23,5.705897830472716e-23,0.05635031550357145,True
P0057,Product P0057,P0056,Product P0056,150,647,937,0.004814327438456847,0.23183925811437403,7.7090883298501085,922.1251298399781,1.5210646542767306e-202,4.367056678462929e-201,0.17203511878449296,True
P0097,Product P0097,P0070,"Caru' cu Flori potatoes, 180 g",150,697,4003,0.004814327438456847,0.2152080344332855,1.675052892540064,47.894527693362384,4.497752402535218e-12,6.787064828721885e-12,0.03920713700557471,True
P0594,Product P0594,P0007,Product P0007,150,850,2157,0.004814327438456847,0.17647058823529413,2.5490468788349827,155.959875663557,8.638444616553724e-36,2.731751616423221e-35,0.07075035494400392,True
P0056,Product P0056,P0057,Product P0057,150,937,647,0.004814327438456847,0.16008537886872998,7.7090883298501085,922.1251298399781,1.5210646542767306e-202,4.367056678462929e-201,0.17203511878449296,True
P0166,Product P0166,P0599,Product P0599,150,995,2260,0.004814327438456847,0.1507537688442211,2.078334148619202,93.47188003599277,4.120127215774297e-22,8.578356474064424e-22,0.054772513592216236,True
P0015,Product P0015,P0082,"Tripe soup, 300/100 g",150,1453,2454,0.004814327438456847,0.10323468685478321,1.3107103253196741,12.579545524190415,0.0003899915561848477,0.0004550596660937635,0.020093456842203955,True
P0092,Product P0092,P0567,"Fried Romanian cheese doughnuts, 180 g",149,471,2807,0.004782231922200468,0.31634819532908703,3.511386078328594,298.6431618723411,6.50703130448441e-67,4.521765065727702e-66,0.09790355691562051,True
P0153,Product P0153,P0567,"Fried Romanian cheese doughnuts, 180 g",149,616,2807,0.004782231922200468,0.2418831168831169,2.6848422774233245,176.62856727239006,2.6398460366735194e-40,9.536662337784138e-40,0.07529266267194915,True
P0056,Product P0056,P0082,"Tripe soup, 300/100 g",149,937,2454,0.004782231922200468,0.15901814300960512,2.018960180012334,85.75559363181416,2.0360748390029475e-20,4.0388320897313017e-20,0.05246303507695034,True
P0094,Product P0094,P0599,Product P0599,149,1003,2260,0.004782231922200468,0.1485543369890329,2.0480121582156188,89.0225356153488,3.903404648277212e-21,7.915640281171818e-21,0.053453009634879346,True
P0027,Product P0027,P0567,"Fried Romanian cheese doughnuts, 180 g",149,1375,2807,0.004782231922200468,0.10836363636363637,1.2028093402856495,5.858274632063519,0.015503984767977347,0.017051257441394442,0.013712197077336924,True
P0614,Product P0614,P0627,"Chicken breast strips, 200 g",148,845,1085,0.004750136405944089,0.17514792899408285,5.029570528726857,508.8417054430617,1.1329922798956713e-112,1.4207983647887098e-111,0.12779490298510107,True
P0614,Product P0614,P0011,Product P0011,148,845,1889,0.004750136405944089,0.17514792899408285,2.888874549321672,200.00593928631577,2.082264104787934e-45,8.445167800459614e-45,0.08012049597784761,True
P0614,Product P0614,P0009,"Borsec sparkling mineral water, 750 ml",148,845,3139,0.004750136405944089,0.17514792899408285,1.738478503876597,53.06738066062231,3.2230047255829937e-13,5.052152522429664e-13,0.04127014633698862,True
P0627,"Chicken breast strips, 200 g",P0614,Product P0614,148,1085,845,0.004750136405944089,0.13640552995391705,5.029570528726857,508.8417054430617,1.1329922798956713e-112,1.4207983647887098e-111,0.12779490298510107,True
P0699,Product P0699,P0535,"Grilled minced-meat rolls with mustard, 40/20/30 g",147,354,5898,0.00471804088968771,0.4152542372881356,2.1936378893161135,119.12411518306574,9.837733717728818e-28,2.4730339829590187e-27,0.06183324328696376,True
P0116,Product P0116,P0070,"Caru' cu Flori potatoes, 180 g",147,418,4003,0.00471804088968771,0.35167464114832536,2.737228776981856,188.49853842709948,6.761987190759629e-43,2.5976507130699844e-42,0.07778147532922379,True
P0157,Product P0157,P0567,"Fried Romanian cheese doughnuts, 180 g",147,519,2807,0.00471804088968771,0.2832369942196532,3.1438600031712625,240.18438734434588,3.585097054294684e-54,1.8987091680754858e-53,0.08780001086867176,True
P0091,Product P0091,P0599,Product P0599,147,606,2260,0.00471804088968771,0.24257425742574257,3.3441974064663103,265.6114983175385,1.0265796198016325e-59,6.0540452173166545e-59,0.09233059169165839,True
P0482,Product P0482,P0011,Product P0011,147,713,1889,0.00471804088968771,0.2061711079943899,3.4005681375231367,271.4003712237126,5.6196247799677834e-61,3.406117019413806e-60,0.09333131857312399,True
P0601,Cornflake-crusted pike-perch with potatoes and sauce,P0613,Product P0613,147,952,1844,0.00471804088968771,0.15441176470588236,2.609006156692612,159.929950600111,1.1720693440292306e-36,3.88671019554982e-36,0.07164519753177984,True
P0094,Product P0094,P0009,"Borsec sparkling mineral water, 750 ml",147,1003,3139,0.00471804088968771,0.1465603190428714,1.4547243900665001,24.008350334015496,9.591880224730876e-07,1.2097966849920677e-06,0.027758969693312395,True
P0621,Product P0621,P0159,Product P0159,146,633,1626,0.004685945373431331,0.23064770932069512,4.419612963902151,416.0199876419915,1.793712105379083e-92,1.8289158009052144e-91,0.1155524827787881,True
P0061,Product P0061,P0058,Product P0058,146,683,2522,0.004685945373431331,0.21376281112737922,2.6408437376271823,165.58813597384682,6.805096977440462e-38,2.3201127507461074e-37,0.0729015549217717,True
P0142,Product P0142,P0095,Product P0095,146,813,3929,0.004685945373431331,0.1795817958179582,1.424085012038718,21.664341102329704,3.2477277222222625e-06,4.035616110415135e-06,0.026369076814207252,True
P0627,"Chicken breast strips, 200 g",P0612,"Sour cream, 50 g",146,1085,2147,0.004685945373431331,0.13456221198156681,1.9527502742010607,75.52061887916089,3.616109532620906e-18,6.790319277262322e-18,0.04923284727626374,True
P0153,Product P0153,P0095,Product P0095,145,616,3929,0.004653849857174952,0.2353896103896104,1.8666414077142,68.10801946778135,1.547798946474089e-16,2.74577016358249e-16,0.04675427302416275,True
P0061,Product P0061,P0070,"Caru' cu Flori potatoes, 180 g",145,683,4003,0.004653849857174952,0.212298682284041,1.6524082048273456,43.816479397236705,3.6065547682527144e-11,5.2957621159673104e-11,0.03750083368128375,True
P0594,Product P0594,P0082,"Tripe soup, 300/100 g",145,850,2454,0.004653849857174952,0.17058823529411765,2.1658588618821613,101.54787384837957,6.975699630679573e-24,1.55316087695335e-23,0.0570896788912093,True
P0594,Product P0594,P0018,"Hot pepper, 1 pc.",145,850,2461,0.004653849857174952,0.17058823529411765,2.159698353132395,100.78872282213054,1.0233732052057411e-23,2.2601217953025577e-23,0.05687588321773444,True
P0029,Product P0029,P0095,Product P0095,145,906,3929,0.004653849857174952,0.1600441501103753,1.2691513323972925,9.754464924340347,0.0017888770253463673,0.0020436280991129705,0.017693913856223112,True
P0089,Product P0089,P0009,"Borsec sparkling mineral water, 750 ml",145,1128,3139,0.004653849857174952,0.12854609929078015,1.275919342339228,9.982569469636228,0.0015802901008832595,0.0018148384211196169,0.01789960113223594,True
P0576,Product P0576,P0152,"Stella Artois draught beer, 0.4 L",145,1175,2832,0.004653849857174952,0.12340425531914893,1.3576646832551986,15.617386175412598,7.753836659442623e-05,9.275697144135858e-05,0.022388570116805215,True
P0087,Product P0087,P0070,"Caru' cu Flori potatoes, 180 g",144,654,4003,0.004621754340918573,0.22018348623853212,1.7137788860189715,50.17299179393165,1.4077204221236463e-12,2.1600885802206724e-12,0.04012889325353121,True
P0087,Product P0087,P0535,"Grilled minced-meat rolls with mustard, 40/20/30 g",144,654,5898,0.004621754340918573,0.22018348623853212,1.1631496915452602,4.151948493333773,0.04158664307773899,0.04483303122313561,0.011543783191113837,True
P0118,Product P0118,P0058,Product P0058,144,936,2522,0.004621754340918573,0.15384615384615385,1.900628316964558,68.93848613945572,1.0158299139907247e-16,1.8079452465968688e-16,0.04703845557178784,True
P0150,Product P0150,P0152,"Stella Artois draught beer, 0.4 L",144,1131,2832,0.004621754340918573,0.1273209549071618,1.4007552938002965,18.84528133380734,1.417613586226636e-05,1.7397260096437118e-05,0.024593678728593023,True
P0156,Product P0156,P0159,Product P0159,144,1346,1626,0.004621754340918573,0.10698365527488855,2.049993694587763,85.39647011959333,2.4415607575114837e-20,4.834378922767747e-20,0.05235306862984051,True
P0101,Product P0101,P0535,"Grilled minced-meat rolls with mustard, 40/20/30 g",143,500,5898,0.004589658824662194,0.286,1.5108345201763307,30.96314560403096,2.629748521185132e-08,3.47764319589452e-08,0.03152424690746482,True
P0579,Product P0579,P0160,Product P0160,143,601,735,0.004589658824662194,0.23793677204658903,10.08625307027969,1222.3704406659028,8.38717037748835e-268,2.8595009005749342e-266,0.19807223518128336,True
P0579,Product P0579,P0072,"French fries, 180 g",143,601,5580,0.004589658824662194,0.23793677204658903,1.3285655925906044,14.433191193584053,0.00014522014903733902,0.00017183859284136322,0.02152302772811258,True
P0084,Product P0084,P0149,"Beck's draught beer, 0.4 L",143,661,5044,0.004589658824662194,0.21633888048411498,1.3363343575026903,14.756215598862934,0.000122343550898079,0.00014524136455909052,0.021762544833634195,True
P0061,Product P0061,P0165,"Honey lemonade, 500 ml",143,683,3686,0.004589658824662194,0.20937042459736457,1.7697651435648636,55.519330423708,9.254448448219536e-14,1.4782728048327252e-13,0.042212812890843894,True
P0160,Product P0160,P0579,Product P0579,143,735,601,0.004589658824662194,0.1945578231292517,10.08625307027969,1222.3704406659028,8.38717037748835e-268,2.8595009005749342e-266,0.19807223518128336,True
P0142,Product P0142,P0082,"Tripe soup, 300/100 g",143,813,2454,0.004589658824662194,0.17589175891758918,2.2331945935596274,108.53850659497974,2.0483201213178683e-25,4.8058435534576225e-25,0.05902202472689555,True
P0063,Product P0063,P0599,Product P0599,143,1031,2260,0.004589658824662194,0.13870029097963144,1.9121614894037062,69.38601962337582,8.09605020273765e-17,1.4551549870159433e-16,0.047190890230927936,True
P0576,Product P0576,P0011,Product P0011,143,1175,1889,0.004589658824662194,0.12170212765957447,2.007344198776792,79.97009133912333,3.8012024716643376e-19,7.262892988766711e-19,0.050662425589374865,True
P0148,Product P0148,P0072,"French fries, 180 g",142,461,5580,0.004557563308405815,0.3080260303687636,1.7199224064873773,52.90914579481228,3.49339116343509e-13,5.460300514767455e-13,0.04120857130462695,True
P0605,Product P0605,P0599,Product P0599,142,480,2260,0.004557563308405815,0.29583333333333334,4.078442109144542,361.32802607215115,1.4468102013639521e-80,1.2049388776244823e-79,0.1076894123611233,True
P0631,Product P0631,P0535,"Grilled minced-meat rolls with mustard, 40/20/30 g",142,509,5898,0.004557563308405815,0.27897838899803534,1.4737418897951486,27.11711414917501,1.9149513618446776e-07,2.46369332048649e-07,0.02950148772521364,True
P0579,Product P0579,P0572,"Medium Capricciosa pizza, 550 g",142,601,1605,0.004557563308405815,0.23627287853577372,4.586638053918443,428.1509062238354,4.1053022463874315e-95,4.3066199527006615e-94,0.11722510128334504,True
P0569,Product P0569,P0076,"Grilled pork neck, 150 g",142,998,2088,0.004557563308405815,0.14228456913827656,2.1231610731040624,93.4229823041192,4.223183456465476e-22,8.776177430483494e-22,0.05475818520788708,True
P0579,Product P0579,P0165,"Honey lemonade, 500 ml",141,601,3686,0.004525467792149436,0.23460898502495842,1.9831015047267033,79.47145943334792,4.89241887082851e-19,9.31523383608011e-19,0.05050423267569938,True
P0097,Product P0097,P0165,"Honey lemonade, 500 ml",141,697,3686,0.004525467792149436,0.20229555236728838,1.7099627035017915,48.21813897884262,3.813443488415001e-12,5.778426174806619e-12,0.039339370399738026,True
P0697,Product P0697,P0165,"Honey lemonade, 500 ml",141,811,3686,0.004525467792149436,0.17385943279901356,1.469598032479345,24.638169251362346,6.91680765016805e-07,8.744191363074557e-07,0.02812071766037483,True
P0569,Product P0569,P0009,"Borsec sparkling mineral water, 750 ml",141,998,3139,0.004525467792149436,0.14128256513026052,1.4023386052129745,18.698502859097726,1.5310264994609275e-05,1.8746912580380156e-05,0.024497716270789813,True
P0150,Product P0150,P0007,Product P0007,141,1131,2157,0.004525467792149436,0.1246684350132626,1.8007855492388605,55.976451117554866,7.334428435492844e-14,1.1767443269298078e-13,0.042386237115576625,True
P0150,Product P0150,P0567,"Fried Romanian cheese doughnuts, 180 g",141,1131,2807,0.004525467792149436,0.1246684350132626,1.3837885392619245,17.115678165881317,3.517077109651572e-05,4.2777381567779984e-05,0.02343792923472538,True
P0156,Product P0156,P0572,"Medium Capricciosa pizza, 550 g",141,1346,1605,0.004525467792149436,0.10475482912332838,2.0335490411187176,81.61584569171697,1.652836240155069e-19,3.2029206714195037e-19,0.05118107757928335,True
P0020,Product P0020,P0095,Product P0095,140,572,3929,0.004493372275893057,0.24475524475524477,1.9409109597452687,74.440026591338,6.250867899218852e-18,1.1637707983016669e-17,0.048879352323732486,True
P0578,Product P0578,P0535,"Grilled minced-meat rolls with mustard, 40/20/30 g",140,615,5898,0.004493372275893057,0.22764227642276422,1.202551781367254,6.010270612454794,0.014222846125147385,0.015689711954030128,0.013888943017641037,True
P0087,Product P0087,P0082,"Tripe soup, 300/100 g",140,654,2454,0.004493372275893057,0.21406727828746178,2.7178867928290327,168.5493868324507,1.534626321213419e-38,5.332093364470829e-38,0.07355052402997297,True
P0142,Product P0142,P0018,"Hot pepper, 1 pc.",140,813,2461,0.004493372275893057,0.17220172201722017,2.1801255802074477,99.70571416022538,1.768103582224298e-23,3.8891149359006234e-23,0.05656948267116635,True
P0140,Product P0140,P0076,"Grilled pork neck, 150 g",140,931,2088,0.004493372275893057,0.15037593984962405,2.2438999798346435,106.65862023986696,5.288548031059996e-25,1.222416504636961e-24,0.05850866157921921,True
P0627,"Chicken breast strips, 200 g",P0058,Product P0058,140,1085,2522,0.004493372275893057,0.12903225806451613,1.5940753626154356,34.94250517034465,3.3958603565574913e-09,4.58525204084681e-09,0.03348877039745418,True
P0089,Product P0089,P0537,Product P0537,140,1128,1610,0.004493372275893057,0.12411347517730496,2.4018655565834104,125.32827976287928,4.313468696297716e-29,1.1312486412646173e-28,0.06342299141883412,True
P0154,Product P0154,P0165,"Honey lemonade, 500 ml",139,499,3686,0.004461276759636678,0.2785571142284569,2.3545860032599113,124.85512954513247,5.474930664848451e-29,1.4289830993659474e-28,0.06330315821511674,True
P0057,Product P0057,P0567,"Fried Romanian cheese doughnuts, 180 g",139,647,2807,0.004461276759636678,0.21483771251931993,2.384645033475045,125.4249571345567,4.1083605956010695e-29,1.0800533517592208e-28,0.06344744873253615,True
P0482,Product P0482,P0567,"Fried Romanian cheese doughnuts, 180 g",139,713,2807,0.004461276759636678,0.1949509116409537,2.1639065030271443,97.87437227480251,4.4578598727513543e-23,9.63074281420144e-23,0.05604755575784561,True
P0056,Product P0056,P0018,"Hot pepper, 1 pc.",138,937,2461,0.0044291812433803,0.1472785485592316,1.8645907100609425,61.93157784377499,3.556010574262996e-15,5.996302220279643e-15,0.0445839204587044,True
P0056,Product P0056,P0152,"Stella Artois draught beer, 0.4 L",138,937,2832,0.0044291812433803,0.1472785485592316,1.620324059837563,37.167328629502975,1.0841503904469523e-09,1.4991230367270279e-09,0.03453845103988297,True
P0166,Product P0166,P0152,"Stella Artois draught beer, 0.4 L",138,995,2832,0.0044291812433803,0.13869346733668342,1.5258730091133634,28.41866493620365,9.771863697662133e-08,1.264662312473237e-07,0.030201187434346216,True
P0166,Product P0166,P0009,"Borsec sparkling mineral water, 750 ml",138,995,3139,0.0044291812433803,0.13869346733668342,1.3766398094326364,16.33522824381196,5.3068192566968814e-05,6.411671992310408e-05,0.022897326997947335,True
P0094,Product P0094,P0159,Product P0159,138,1003,1626,0.0044291812433803,0.13758723828514458,2.636411797816882,152.80558515071934,4.224372013113142e-35,1.2982506665651938e-34,0.070031236903759,True
P0101,Product P0101,P0567,"Fried Romanian cheese doughnuts, 180 g",137,500,2807,0.004397085727123921,0.274,3.0413316708229425,209.65850341054937,1.630688331568847e-47,7.202756962516647e-47,0.08203107889392518,True
P0157,Product P0157,P0070,"Caru' cu Flori potatoes, 180 g",137,519,4003,0.004397085727123921,0.26396917148362237,2.0545809332788463,86.53149097901054,1.3752982260588634e-20,2.7531199351013215e-20,0.052699837527316384,True
P0142,Product P0142,P0011,Product P0011,137,813,1889,0.004397085727123921,0.16851168511685116,2.7794169259850356,170.5955492115811,5.483955213212315e-39,1.9237926487506869e-38,0.07399562299883827,True
P0601,Cornflake-crusted pike-perch with potatoes and sauce,P0007,Product P0007,137,952,2157,0.004397085727123921,0.14390756302521007,2.0786870380975757,84.98784361032456,3.002051101243968e-20,5.922672244949673e-20,0.052227662365740314,True
P0597,"Assorted pickled vegetables, 180 g",P0007,Product P0007,137,971,2157,0.004397085727123921,0.141091658084449,2.038012420462299,80.32052601668337,3.183449329440033e-19,6.125473048358159e-19,0.050773307440912026,True
P0569,Product P0569,P0159,Product P0159,137,998,1626,0.004397085727123921,0.1372745490981964,2.6304201268465595,150.9074504021112,1.0980358707304993e-34,3.3369279525542478e-34,0.0695949173976783,True
P0089,Product P0089,P0058,Product P0058,137,1128,2522,0.004397085727123921,0.12145390070921985,1.5004516988093433,25.816424551953595,3.7547966158343313e-07,4.802442095985059e-07,0.0287852648743903,True
P0048,Product P0048,P0599,Product P0599,137,1234,2260,0.004397085727123921,0.11102106969205834,1.5305679063696733,28.288068516895454,1.0453835700623815e-07,1.3513192831019646e-07,0.03013171357466383,True
P0083,Product P0083,P0599,Product P0599,136,614,2260,0.004364990210867542,0.22149837133550487,3.053639272433773,206.59333968018342,7.605554333197663e-47,3.2797074219441306e-46,0.08142923241787897,True
P0074,Product P0074,P0076,"Grilled pork neck, 150 g",136,805,2088,0.004364990210867542,0.168944099378882,2.5209728469098787,137.31169410312208,1.0306793010423928e-31,2.890671253052058e-31,0.06638591499917504,True
P0601,Cornflake-crusted pike-perch with potatoes and sauce,P0612,"Sour cream, 50 g",136,952,2147,0.004364990210867542,0.14285714285714285,2.073125291103866,83.69488536909995,5.773440687772281e-20,1.1308480772638344e-19,0.05182885831213845,True
P0166,Product P0166,P0613,Product P0613,136,995,1844,0.004364990210867542,0.13668341708542714,2.3094605347780117,110.86744933181235,6.326225880977821e-26,1.5269717779085845e-25,0.059651890350033814,True
P0699,Product P0699,P0070,"Caru' cu Flori potatoes, 180 g",135,354,4003,0.004332894694611163,0.3813559322033898,2.968250507034978,204.49297863706872,2.1848234679662194e-46,9.203252523363495e-46,0.08101424393377624,True
P0020,Product P0020,P0165,"Honey lemonade, 500 ml",135,572,3686,0.004332894694611163,0.23601398601398602,1.9949776891583733,77.40174024786918,1.3949224948469104e-18,2.6329765430414864e-18,0.04984223923939923,True
P0153,Product P0153,P0165,"Honey lemonade, 500 ml",135,616,3686,0.004332894694611163,0.21915584415584416,1.852479282789918,61.27758235451952,4.95692353359427e-15,8.294484010968326e-15,0.04434789330521894,True
P0614,Product P0614,P0007,Product P0007,135,845,2157,0.004332894694611163,0.15976331360946747,2.3077169968151034,110.47841503404425,7.697904522457065e-26,1.845805238241903e-25,0.059547139021989555,True
P0594,Product P0594,P0612,"Sour cream, 50 g",135,850,2147,0.004332894694611163,0.1588235294117647,2.304827529521357,110.10883017377435,9.275596812210779e-26,2.2095362712056677e-25,0.05944745367812861,True
P0118,Product P0118,P0007,Product P0007,135,936,2157,0.004332894694611163,0.14423076923076922,2.083355622124746,84.23971372412919,4.382778002993882e-20,8.631066428278566e-20,0.05199727974870897,True
P0601,Cornflake-crusted pike-perch with potatoes and sauce,P0018,"Hot pepper, 1 pc.",135,952,2461,0.004332894694611163,0.14180672268907563,1.7953157492172003,53.27005656404024,2.907041502113023e-13,4.563427739288213e-13,0.04134888107832401,True
P0156,Product P0156,P0076,"Grilled pork neck, 150 g",135,1346,2088,0.004332894694611163,0.10029717682020803,1.496627939744838,24.922227134756632,5.96902433469796e-07,7.563537223177091e-07,0.02828235750691146,True
P0600,Product P0600,P0599,Product P0599,134,540,2260,0.004300799178354784,0.24814814814814815,3.421040642412324,251.9106922100243,9.95171116735846e-57,5.654852543535459e-56,0.08991776085391871,True
P0621,Product P0621,P0149,"Beck's draught beer, 0.4 L",134,633,5044,0.004300799178354784,0.21169036334913113,1.3076202717820935,11.810440924699517,0.0005889948204282943,0.000682883474056609,0.019469519734541398,True
P0142,Product P0142,P0009,"Borsec sparkling mineral water, 750 ml",134,813,3139,0.004300799178354784,0.16482164821648215,1.6359821897040252,37.82835380295066,7.72507965956771e-10,1.077757277313091e-09,0.03484423258495814,True
P0569,Product P0569,P0082,"Tripe soup, 300/100 g",134,998,2454,0.004300799178354784,0.1342685370741483,1.7047289362751588,43.77848354263818,3.677255887950151e-11,5.3923201260129225e-11,0.03748457056206411,True
P0091,Product P0091,P0567,"Fried Romanian cheese doughnuts, 180 g",133,606,2807,0.004268703662098405,0.21947194719471946,2.436083882702485,126.19780288564904,2.7831314875818e-29,7.3342909491588e-29,0.06364262434906075,True
P0578,Product P0578,P0095,Product P0095,133,615,3929,0.004268703662098405,0.216260162601626,1.7149447406919984,46.27479629119076,1.0277756590879555e-11,1.536031841184876e-11,0.03853846749190397,True
P0074,Product P0074,P0011,Product P0011,133,805,1889,0.004268703662098405,0.16521739130434782,2.725081133334868,158.7165313178719,2.158130180264452e-36,7.070630710716267e-36,0.07137288708654597,True
P0049,Product P0049,P0599,Product P0599,133,831,2260,0.004268703662098405,0.16004813477737664,2.2064689094065155,97.19176701244808,6.292776989095266e-23,1.356802311285165e-22,0.05585176754709045,True
P0594,Product P0594,P0058,Product P0058,133,850,2522,0.004268703662098405,0.1564705882352941,1.9330508000186593,67.00235768998687,2.711826174436706e-16,4.756595428151844e-16,0.04637321705957753,True
P0056,Product P0056,P0612,"Sour cream, 50 g",133,937,2147,0.004268703662098405,0.14194236926360726,2.059850209197118,80.3108200629608,3.199124842413068e-19,6.144797892733551e-19,0.050770239618243736,True
P0627,"Chicken breast strips, 200 g",P0071,Product P0071,133,1085,1212,0.004268703662098405,0.12258064516129032,3.1511923773022468,210.5522383964915,1.0408395278827739e-47,4.616080995610189e-47,0.08220573453398233,True
P0071,Product P0071,P0627,"Chicken breast strips, 200 g",133,1212,1085,0.004268703662098405,0.10973597359735973,3.1511923773022468,210.5522383964915,1.0408395278827739e-47,4.616080995610189e-47,0.08220573453398233,True
P0110,Product P0110,P0070,"Caru' cu Flori potatoes, 180 g",132,614,4003,0.004236608145842026,0.21498371335504887,1.6733069090690125,41.85913326810132,9.809150925311567e-11,1.4118448099623904e-10,0.03665365591976168,True
P0140,Product P0140,P0613,Product P0613,132,931,1844,0.004236608145842026,0.14178302900107412,2.395625723745372,117.58805781426746,2.1341168221509085e-27,5.279640482917554e-27,0.061433292449077255,True
P0118,Product P0118,P0599,Product P0599,132,936,2260,0.004236608145842026,0.14102564102564102,1.9442194236442025,67.28591979887968,2.3485269227878326e-16,4.139326127239944e-16,0.046471241996856025,True
P0166,Product P0166,P0076,"Grilled pork neck, 150 g",132,995,2088,0.004236608145842026,0.13266331658291458,1.9795933691445733,70.84523664545675,3.863754150516836e-17,6.990639764865453e-17,0.04768453045214216,True
P0569,Product P0569,P0613,Product P0613,132,998,1844,0.004236608145842026,0.13226452905811623,2.234797143093128,98.89199062613908,2.6665567447605755e-23,5.818426817067575e-23,0.056338170832632865,True
P0097,Product P0097,P0567,"Fried Romanian cheese doughnuts, 180 g",131,697,2807,0.004204512629585647,0.18794835007173602,2.0861798158835336,83.28203318383261,7.114328517387676e-20,1.3885031149320135e-19,0.05170086894739771,True
P0074,Product P0074,P0613,Product P0613,131,805,1844,0.004204512629585647,0.16273291925465838,2.7496038856927285,159.12716260369544,1.7553186144839802e-36,5.768230748198863e-36,0.0714651553848333,True
P0697,Product P0697,P0567,"Fried Romanian cheese doughnuts, 180 g",131,811,2807,0.004204512629585647,0.16152897657213316,1.7929313584103859,51.8364881825222,6.032035130177055e-13,9.374573115417615e-13,0.04078870982435873,True
P0118,Product P0118,P0011,Product P0011,131,936,1889,0.004204512629585647,0.13995726495726496,2.308442829154846,106.62795169414366,5.371027434551105e-25,1.2388564336353607e-24,0.05850024920445879,True
P0627,"Chicken breast strips, 200 g",P0152,"Stella Artois draught beer, 0.4 L",131,1085,2832,0.004204512629585647,0.12073732718894009,1.3283237652633497,12.115770259661799,0.0004999718162780021,0.0005821443453140878,0.019719581672224394,True
P0089,Product P0089,P0007,Product P0007,131,1128,2157,0.004204512629585647,0.11613475177304965,1.6775199170110842,39.95950912093439,2.5928224627917343e-10,3.683293368366904e-10,0.03581230339684777,True
P0047,Product P0047,P0535,"Grilled minced-meat rolls with mustard, 40/20/30 g",130,305,5898,0.004172417113329268,0.4262295081967213,2.2516162744803743,112.66867042545869,2.550204107904792e-26,6.224323672760914e-26,0.060134508755164164,True
P0116,Product P0116,P0599,Product P0599,130,418,2260,0.004172417113329268,0.31100478468899523,4.287600033873905,358.14246204265646,7.14595659185784e-80,5.86183356520068e-79,0.1072136521744767,True
P0090,Product P0090,P0072,"French fries, 180 g",130,471,5580,0.004172417113329268,0.2760084925690021,1.5411463446187095,30.552750570964218,3.249109029718975e-08,4.281132791574156e-08,0.03131463400117387,True
P0600,Product P0600,P0009,"Borsec sparkling mineral water, 750 ml",130,540,3139,0.004172417113329268,0.24074074074074073,2.3895378334690216,118.87258216792776,1.1167767146955994e-27,2.8009273465124113e-27,0.06176792770854849,True
P0569,Product P0569,P0018,"Hot pepper, 1 pc.",130,998,2461,0.004172417113329268,0.13026052104208416,1.649137364529954,37.25912951623033,1.0342965637863678e-09,1.4320019683895016e-09,0.03458107859923835,True
P0627,"Chicken breast strips, 200 g",P0570,Product P0570,130,1085,1256,0.004172417113329268,0.11981566820276497,2.97221080747894,183.66806682399653,7.666127948410269e-42,2.894029616510589e-41,0.07677839165108424,True
P0570,Product P0570,P0627,"Chicken breast strips, 200 g",130,1256,1085,0.004172417113329268,0.1035031847133758,2.97221080747894,183.66806682399653,7.666127948410269e-42,2.894029616510589e-41,0.07677839165108424,True
P0593,Product P0593,P0070,"Caru' cu Flori potatoes, 180 g",129,300,4003,0.004140321597072889,0.43,3.346867349487884,245.95295843568317,1.9804302154956636e-55,1.0857534498018939e-54,0.0888481129556333,True
P0052,Product P0052,P0072,"French fries, 180 g",129,421,5580,0.004140321597072889,0.30641330166270786,1.71091742650627,47.05581483912225,6.899366321935165e-12,1.0368056001695957e-11,0.03886232970533557,True
P0525,Product P0525,P0070,"Caru' cu Flori potatoes, 180 g",129,590,4003,0.004140321597072889,0.21864406779661016,1.7017969573667207,43.664608181264775,3.897569060017065e-11,5.707715227488078e-11,0.03743578691186019,True
P0084,Product P0084,P0070,"Caru' cu Flori potatoes, 180 g",129,661,4003,0.004140321597072889,0.1951588502269289,1.5190018227630335,26.81660268274384,2.2370711995085382e-07,2.8747287145627977e-07,0.02933756478211614,True
P0049,Product P0049,P0050,Product P0050,129,831,1560,0.004140321597072889,0.1552346570397112,3.100414236786078,198.5310044759658,4.369234678934206e-45,1.7654944573026735e-44,0.07982452681697279,True
P0594,Product P0594,P0537,Product P0537,129,850,1610,0.004140321597072889,0.15176470588235294,2.9369769820971867,178.64588403505167,9.573810120344062e-41,3.493320013811161e-40,0.0757214096222607,True
P0029,Product P0029,P0058,Product P0058,129,906,2522,0.004140321597072889,0.1423841059602649,1.7590252138794504,47.348300680360396,5.942961642205987e-12,8.943132622961011e-12,0.03898292131431952,True
P0597,"Assorted pickled vegetables, 180 g",P0152,"Stella Artois draught beer, 0.4 L",129,971,2832,0.004140321597072889,0.13285272914521112,1.4616145769694007,21.3526438436274,3.82093461060346e-06,4.7263488210525795e-06,0.02617869606378083,True
P0166,Product P0166,P0572,"Medium Capricciosa pizza, 550 g",129,995,1605,0.004140321597072889,0.12964824120603016,2.5167914338045367,128.42763132643276,9.048713191388833e-30,2.419643649952259e-29,0.06420242307737123,True
P0094,Product P0094,P0537,Product P0537,129,1003,1610,0.004140321597072889,0.12861415752741776,2.4889635441501587,125.19651787120523,4.609600487303848e-29,1.206012981210671e-28,0.06338964327535934,True
P0685,Product P0685,P0688,Product P0688,129,1242,1468,0.004140321597072889,0.10386473429951691,2.2044370072003057,92.78694822220722,5.823795731104015e-22,1.2010890628798639e-21,0.054571466949731584,True
P0101,Product P0101,P0165,"Honey lemonade, 500 ml",128,500,3686,0.00410822608081651,0.256,2.1639153553988066,92.36759637299814,7.198312049796197e-22,1.4789752252971095e-21,0.05444800906325423,True
P0142,Product P0142,P0076,"Grilled pork neck, 150 g",128,813,2088,0.00410822608081651,0.15744157441574416,2.3493329186165424,109.17218032782613,1.4878374372336742e-25,3.5134862424717284e-25,0.059194066328104894,True
P0614,Product P0614,P0613,Product P0613,128,845,1844,0.00410822608081651,0.1514792899408284,2.559457829005635,132.8757319121269,9.62519534942657e-31,2.6318516607078667e-30,0.06530478706545122,True
P0056,Product P0056,P0007,Product P0007,128,937,2157,0.00410822608081651,0.13660618996798293,1.9732216322820788,68.05756704655613,1.5879128148413377e-16,2.812358573038798e-16,0.04673695271958094,True
P0091,Product P0091,P0570,Product P0570,127,606,1256,0.004076130564560131,0.20957095709570958,5.198727954005592,457.65923229277286,1.5534080113506738e-101,1.7839664635616685e-100,0.12119739819787641,True
P0074,Product P0074,P0018,"Hot pepper, 1 pc.",127,805,2461,0.004076130564560131,0.1577639751552795,1.99733936363797,70.49208755114124,4.621162482189875e-17,8.347166006737009e-17,0.04756553313002751,True
P0118,Product P0118,P0613,Product P0613,127,936,1844,0.004076130564560131,0.13568376068376067,2.292569919535755,101.42181790063486,7.434043946590584e-24,1.6518415368086206e-23,0.0570542338935625,True
P0056,Product P0056,P0613,Product P0613,127,937,1844,0.004076130564560131,0.13553895410885805,2.290123206708075,101.14951125965482,8.529598014392506e-24,1.8914210231102082e-23,0.05697759018209739,True
P0166,Product P0166,P0159,Product P0159,127,995,1626,0.004076130564560131,0.12763819095477386,2.4457706737871403,118.29320252384755,1.4956184424438928e-27,3.716901413909538e-27,0.06161721678738241,True
P0063,Product P0063,P0076,"Grilled pork neck, 150 g",127,1031,2088,0.004076130564560131,0.12318137730358875,1.8381044888160512,53.79842527160001,2.22150704470792e-13,3.4973509174261767e-13,0.04155343827978893,True
P0570,Product P0570,P0091,Product P0091,127,1256,606,0.004076130564560131,0.10111464968152867,5.198727954005592,457.65923229277286,1.5534080113506738e-101,1.7839664635616685e-100,0.12119739819787641,True
P0101,Product P0101,P0095,Product P0095,126,500,3929,0.004044035048303752,0.252,1.998361924153729,73.08668944825617,1.2407849097167842e-17,2.2789500614495146e-17,0.048432995254386525,True
P0525,Product P0525,P0095,Product P0095,126,590,3929,0.004044035048303752,0.2135593220338983,1.693527054367567,41.73956617268943,1.0427724546126713e-10,1.4969272999768742e-10,0.03660126944014046,True
P0030,Product P0030,P0165,"Honey lemonade, 500 ml",126,703,3686,0.004044035048303752,0.17923186344238975,1.515010083905192,25.59640322808662,4.208230788337894e-07,5.369800924066248e-07,0.0286623407263239,True
P0482,Product P0482,P0082,"Tripe soup, 300/100 g",126,713,2454,0.004044035048303752,0.1767180925666199,2.243686067684669,96.49665447327378,8.939476344013569e-23,1.9086044405711945e-22,0.055651684092515516,True
P0569,Product P0569,P0599,Product P0599,126,998,2260,0.004044035048303752,0.12625250501002003,1.7405527869899091,44.221855476548754,2.931895367748903e-11,4.3167312364562126e-11,0.037673907168421124,True
P0702,Product P0702,P0535,"Grilled minced-meat rolls with mustard, 40/20/30 g",125,359,5898,0.004011939532047373,0.34818941504178275,1.8393586986193329,59.74634944615862,1.0790513768020896e-14,1.7756335627316437e-14,0.04379029492831127,True
P0092,Product P0092,P0165,"Honey lemonade, 500 ml",125,471,3686,0.004011939532047373,0.2653927813163482,2.2433106043064193,99.19194319895388,2.2917749711168174e-23,5.020735930699694e-23,0.056423546728682744,True
P0605,Product P0605,P0535,"Grilled minced-meat rolls with mustard, 40/20/30 g",125,480,5898,0.004011939532047373,0.2604166666666667,1.375687026675709,16.06663756754116,6.115195278877081e-05,7.347663049840194e-05,0.02270830304611876,True
P0074,Product P0074,P0082,"Tripe soup, 300/100 g",125,805,2454,0.004011939532047373,0.15527950310559005,1.971492859927005,66.6792482104981,3.1948067080717026e-16,5.576854589609964e-16,0.04626126776152131,True
P0142,Product P0142,P0612,"Sour cream, 50 g",125,813,2147,0.004011939532047373,0.15375153751537515,2.2312234067846037,93.65509147348129,3.7558669466947376e-22,7.8348964413842425e-22,0.05482616629748773,True
P0049,Product P0049,P0009,"Borsec sparkling mineral water, 750 ml",125,831,3139,0.004011939532047373,0.15042117930204574,1.4930464108040262,23.25258900842407,1.4205908155209871e-06,1.7794082430923041e-06,0.027318562343629543,True
P0140,Product P0140,P0007,Product P0007,125,931,2157,0.004011939532047373,0.13426423200859292,1.9393929887305188,62.98997172052591,2.0776168903893855e-15,3.5416875428356558e-15,0.04496327013624556,True
P0577,Product P0577,P0159,Product P0159,124,365,1626,0.003979844015790994,0.33972602739726027,6.509744056344674,617.3278050711581,2.8507020480003035e-136,4.859556147450517e-135,0.14076027352621942,True
P0078,Product P0078,P0072,"French fries, 180 g",124,412,5580,0.003979844015790994,0.30097087378640774,1.6805285868392663,42.18477090552581,8.304420026866864e-11,1.2048034905999667e-10,0.036795950869218295,True
P0592,Product P0592,P0095,Product P0095,124,565,3929,0.003979844015790994,0.21946902654867256,1.7403910562934568,45.518173442254565,1.5122912766852827e-11,2.2478334916398414e-11,0.03822210454274541,True
P0091,Product P0091,P0009,"Borsec sparkling mineral water, 750 ml",124,606,3139,0.003979844015790994,0.20462046204620463,2.0310161631008596,73.6017194815419,9.558138449066059e-18,1.770446357883034e-17,0.048603345400468824,True
P0110,Product P0110,P0567,"Fried Romanian cheese doughnuts, 180 g",124,614,2807,0.003979844015790994,0.20195439739413681,2.2416434483823013,95.60827119082494,1.400201887239504e-22,2.9605043778649205e-22,0.05539491693512512,True
P0621,Product P0621,P0007,Product P0007,124,633,2157,0.003979844015790994,0.19589257503949448,2.8295896896177704,160.8708864933774,7.300847171469726e-37,2.4284220317297168e-36,0.07185564802175465,True
P0094,Product P0094,P0082,"Tripe soup, 300/100 g",124,1003,2454,0.003979844015790994,0.12362911266201396,1.5696463990262302,28.752103091847413,8.226054267315417e-08,1.068407762576324e-07,0.030377847063106252,True
P0101,Product P0101,P0071,Product P0071,123,500,1212,0.003947748499534615,0.246,6.323945544554455,582.9636779946827,8.500084690294188e-129,1.324798913872994e-127,0.13678640357856048,True
P0579,Product P0579,P0149,"Beck's draught beer, 0.4 L",123,601,5044,0.003947748499534615,0.20465890183028287,1.2641866384468918,8.261779728516077,0.004048841602940178,0.00458224708382545,0.016283921075195926,True
P0160,Product P0160,P0009,"Borsec sparkling mineral water, 750 ml",123,735,3139,0.003947748499534615,0.1673469387755102,1.6610476493878852,36.85317646116638,1.2736840509350228e-09,1.7567500626676484e-09,0.03439217533405772,True
P0029,Product P0029,P0567,"Fried Romanian cheese doughnuts, 180 g",123,906,2807,0.003947748499534615,0.1357615894039735,1.50691978662615,23.74170653986635,1.1016907808012184e-06,1.383135376126731e-06,0.027604389654626665,True
P0601,Cornflake-crusted pike-perch with potatoes and sauce,P0058,Product P0058,123,952,2522,0.003947748499534615,0.12920168067226892,1.5961684237533236,30.73969661554722,2.9506643234207078e-08,3.892593442384513e-08,0.03141029182354812,True
P0071,Product P0071,P0101,Product P0101,123,1212,500,0.003947748499534615,0.10148514851485149,6.323945544554455,582.9636779946827,8.500084690294188e-129,1.324798913872994e-127,0.13678640357856048,True
P0573,Product P0573,P0159,Product P0159,122,458,1626,0.003915652983278236,0.2663755458515284,5.104220714696231,431.1224981294918,9.25927867456506e-96,9.903797092108315e-95,0.11763119971846679,True
P0092,Product P0092,P0009,"Borsec sparkling mineral water, 750 ml",122,471,3139,0.003915652983278236,0.25902335456475584,2.571006899705033,132.23506417085312,1.3291164574345448e-30,3.616124825588749e-30,0.06514716150193295,True
P0525,Product P0525,P0165,"Honey lemonade, 500 ml",122,590,3686,0.003915652983278236,0.20677966101694914,1.7478659517919384,45.131858091796786,1.8420426580983774e-11,2.7305279075887633e-11,0.03805956233413428,True
P0110,Product P0110,P0165,"Honey lemonade, 500 ml",122,614,3686,0.003915652983278236,0.1986970684039088,1.6795454585622862,38.80879909338885,4.674161195357225e-10,6.605582725563123e-10,0.035292895066746904,True
P0083,Product P0083,P0070,"Caru' cu Flori potatoes, 180 g",122,614,4003,0.003915652983278236,0.1986970684039088,1.546541234139542,27.580996679266992,1.5065162469463126e-07,1.942800502858661e-07,0.029752753272370414,True
P0057,Product P0057,P0076,"Grilled pork neck, 150 g",122,647,2088,0.003915652983278236,0.18856259659969088,2.813718784605636,156.11980916164646,7.97051961693696e-36,2.527859564557623e-35,0.07078662213222502,True
P0049,Product P0049,P0058,Product P0058,122,831,2522,0.003915652983278236,0.14681107099879662,1.8137163120973459,49.78923649051427,1.711804667127341e-12,2.623004061567316e-12,0.039975132885007376,True
P0601,Cornflake-crusted pike-perch with potatoes and sauce,P0152,"Stella Artois draught beer, 0.4 L",122,952,2832,0.003915652983278236,0.12815126050420167,1.4098901213027584,16.49574658849267,4.875933537122791e-05,5.91071498777885e-05,0.02300955242485335,True
P0166,Product P0166,P0011,Product P0011,122,995,1889,0.003915652983278236,0.12261306532663317,2.022369124606622,69.33826042307325,8.29448560695614e-17,1.4883690455903206e-16,0.04717464641730542,True
P0569,Product P0569,P0612,"Sour cream, 50 g",122,998,2147,0.003915652983278236,0.12224448897795591,1.7739969925878776,45.712197599385135,1.3696722497014104e-11,2.038625408491458e-11,0.03830348001377778,True
P0089,Product P0089,P0071,Product P0071,122,1128,1212,0.003915652983278236,0.10815602836879433,2.7803773728436676,150.15033263356116,1.6073139064706185e-34,4.804327320436835e-34,0.06942011554255131,True
P0089,Product P0089,P0570,Product P0570,122,1128,1256,0.003915652983278236,0.10815602836879433,2.6829756177440487,139.24622773763272,3.8908938973885254e-32,1.1025883745586705e-31,0.06685192267984999,True
P0071,Product P0071,P0089,Product P0089,122,1212,1128,0.003915652983278236,0.10066006600660066,2.7803773728436676,150.15033263356116,1.6073139064706185e-34,4.804327320436835e-34,0.06942011554255131,True
P0481,Product P0481,P0072,"French fries, 180 g",121,371,5580,0.003883557467021857,0.3261455525606469,1.8210962331777916,55.226687360924004,1.074005860066833e-13,1.708076375120867e-13,0.042101413776481376,True
P0020,Product P0020,P0567,"Fried Romanian cheese doughnuts, 180 g",121,572,2807,0.003883557467021857,0.21153846153846154,2.3480241703433724,104.8402109621317,1.3239316024110568e-24,3.0344734836774433e-24,0.058007764094621855,True
P0697,Product P0697,P0011,Product P0011,121,811,1889,0.003883557467021857,0.14919852034525277,2.46086728342882,114.69261971271345,9.189227319132016e-27,2.263080588075176e-26,0.060672224621123684,True
P0697,Product P0697,P0095,Product P0095,121,811,3929,0.003883557467021857,0.14919852034525277,1.1831454055477326,4.030262915783727,0.04469097569194763,0.048132136702778744,0.011373362252694582,True
P0140,Product P0140,P0572,"Medium Capricciosa pizza, 550 g",121,931,1605,0.003883557467021857,0.12996777658431793,2.5229944018925816,120.89529794147634,4.0284137226837065e-28,1.0197214318904695e-27,0.06229122731493123,True
P0118,Product P0118,P0159,Product P0159,121,936,1626,0.003883557467021857,0.12927350427350429,2.4771061332408197,115.92802648728207,4.928628046030242e-27,1.2165459724477361e-26,0.06099811356667102,True
P0094,Product P0094,P0152,"Stella Artois draught beer, 0.4 L",121,1003,2832,0.003883557467021857,0.12063808574277168,1.3272319341410794,11.095485901259236,0.000865381067444513,0.0010001385006164869,0.018871018735518483,True
P0036,Product P0036,P0535,"Grilled minced-meat rolls with mustard, 40/20/30 g",120,319,5898,0.003851461950765478,0.3761755485893417,1.987199316276385,73.3429578015401,1.0897024918653201e-17,2.0116166135787887e-17,0.048517832746426834,True
P0148,Product P0148,P0070,"Caru' cu Flori potatoes, 180 g",120,461,4003,0.003851461950765478,0.2603036876355748,2.02605096069488,72.62136582103871,1.5706936456006148e-17,2.870396595226584e-17,0.0482785690267389,True
P0157,Product P0157,P0095,Product P0095,120,519,3929,0.003851461950765478,0.23121387283236994,1.833527777001311,52.91380852048791,3.4851080461535314e-13,5.455169122458397e-13,0.041210387059044284,True
P0074,Product P0074,P0152,"Stella Artois draught beer, 0.4 L",120,805,2832,0.003851461950765478,0.14906832298136646,1.640014738393515,33.842893077746275,5.9746949478607655e-09,8.037474954520462e-09,0.03295762620304596,True
P0140,Product P0140,P0011,Product P0011,120,931,1889,0.003851461950765478,0.1288936627282492,2.125960746227665,78.52538045471331,7.897699774952918e-19,1.4985026877345448e-18,0.050202715314239685,True
P0166,Product P0166,P0150,Product P0150,120,995,1131,0.003851461950765478,0.12060301507537688,3.322394465697186,208.81210905462422,2.4947863606602397e-47,1.0887247677921287e-46,0.08186533112796572,True
P0063,Product P0063,P0156,Product P0156,120,1031,1346,0.003851461950765478,0.11639185257032007,2.694220617038234,138.1914799639039,6.617791078615061e-32,1.8704689292147748e-31,0.06659824991450262,True
P0150,Product P0150,P0166,Product P0166,120,1131,995,0.003851461950765478,0.10610079575596817,3.322394465697186,208.81210905462422,2.4947863606602397e-47,1.0887247677921287e-46,0.08186533112796572,True
P0576,Product P0576,P0537,Product P0537,120,1175,1610,0.003851461950765478,0.10212765957446808,1.9763922294172063,63.429898117543395,1.6617656828550647e-15,2.8506074842686723e-15,0.04512001026343053,True
P0016,Product P0016,P0535,"Grilled minced-meat rolls with mustard, 40/20/30 g",119,332,5898,0.003819366434509099,0.35843373493975905,1.8934757340654582,62.55251446609482,2.5943385724521814e-15,4.395067364200823e-15,0.044806866046666644,True
P0127,Product P0127,P0095,Product P0095,119,363,3929,0.003819366434509099,0.3278236914600551,2.5996443763860877,135.6154995041185,2.4216336760159585e-31,6.739801889115844e-31,0.0659746123061848,True
P0605,Product P0605,P0567,"Fried Romanian cheese doughnuts, 180 g",119,480,2807,0.003819366434509099,0.24791666666666667,2.751813175394846,148.13200851077087,4.438893860609233e-34,1.3159872831317047e-33,0.0689519636214047,True
P0101,Product P0101,P0009,"Borsec sparkling mineral water, 750 ml",119,500,3139,0.003819366434509099,0.238,2.3623338642879896,105.66162219659176,8.746502889420917e-25,2.008933611022783e-24,0.05823456287194131,True
P0578,Product P0578,P0149,"Beck's draught beer, 0.4 L",119,615,5044,0.003819366434509099,0.19349593495934958,1.1952325229041345,4.6190846306260855,0.03161810705673375,0.034392178264104206,0.012175873925589482,True
P0621,Product P0621,P0567,"Fried Romanian cheese doughnuts, 180 g",119,633,2807,0.003819366434509099,0.18799368088467613,2.086682976602727,75.54626125719129,3.5694517949980915e-18,6.7142619109360644e-18,0.049241204862278065,True
P0061,Product P0061,P0011,Product P0011,119,683,1889,0.003819366434509099,0.17423133235724744,2.8737562849416403,158.2384395245606,2.7449916021794875e-36,8.913053089219705e-36,0.07126530999121927,True
P0140,Product P0140,P0599,Product P0599,119,931,2260,0.003819366434509099,0.12781954887218044,1.7621564974382857,43.59820721845363,4.0320825748440716e-11,5.896785642298769e-11,0.03740731169876897,True
P0576,Product P0576,P0058,Product P0058,119,1175,2522,0.003819366434509099,0.10127659574468086,1.2511795771677323,6.784993655574024,0.009192735670147832,0.010244407166630526,0.014756960194155988,True
P0552,Product P0552,P0149,"Beck's draught beer, 0.4 L",118,282,5044,0.00378727091825272,0.41843971631205673,2.5847197147372625,138.04510363506998,7.124020837437808e-32,2.0083479931898315e-31,0.06656296919333535,True
P0098,Product P0098,P0535,"Grilled minced-meat rolls with mustard, 40/20/30 g",118,413,5898,0.00378727091825272,0.2857142857142857,1.5093251949813495,25.35270190399059,4.774831142364095e-07,6.078577335261642e-07,0.02852556846239283,True
P0592,Product P0592,P0011,Product P0011,118,565,1889,0.00378727091825272,0.2088495575221239,3.4447462486589804,221.97430243764765,3.355416438528118e-50,1.612669310323426e-49,0.0844060414448273,True
P0697,Product P0697,P0599,Product P0599,118,811,2260,0.00378727091825272,0.14549938347718866,2.0058957039817553,65.89259675072348,4.761769311791716e-16,8.259285086112499e-16,0.045987573432263965,True
P0594,Product P0594,P0152,"Stella Artois draught beer, 0.4 L",118,850,2832,0.00378727091825272,0.1388235294117647,1.5273039215686273,24.292764717369366,8.274930583329323e-07,1.0449015354643855e-06,0.027922908603845664,True
P0094,Product P0094,P0627,"Chicken breast strips, 200 g",118,1003,1085,0.00378727091825272,0.11764705882352941,3.3783681214421253,211.5130718308376,6.423355049497283e-48,2.8958183301659235e-47,0.08239308973077357,True
P0094,Product P0094,P0612,"Sour cream, 50 g",118,1003,2147,0.00378727091825272,0.11764705882352941,1.7072796514973014,38.36880555881155,5.856103623598288e-10,8.233259089363057e-10,0.03509225872682863,True
P0627,"Chicken breast strips, 200 g",P0094,Product P0094,118,1085,1003,0.00378727091825272,0.10875576036866359,3.3783681214421253,211.5130718308376,6.423355049497283e-48,2.8958183301659235e-47,0.08239308973077357,True
P0086,Product P0086,P0612,"Sour cream, 50 g",117,361,2147,0.003755175401996341,0.32409972299168976,4.703295328016804,370.70593182236803,1.3136850512911902e-82,1.1520099593014954e-81,0.10907794580546945,True
P0066,Product P0066,P0535,"Grilled minced-meat rolls with mustard, 40/20/30 g",117,422,5898,0.003755175401996341,0.2772511848341232,1.4646176951300063,21.56328759289504,3.423425542421912e-06,4.2442696213435294e-06,0.026307505535088992,True
P0573,Product P0573,P0535,"Grilled minced-meat rolls with mustard, 40/20/30 g",117,458,5898,0.003755175401996341,0.2554585152838428,1.3494949068665123,13.257669893997814,0.00027146686944275433,0.00031880554850596875,0.020627936387445863,True
P0160,Product P0160,P0567,"Fried Romanian cheese doughnuts, 180 g",117,735,2807,0.003755175401996341,0.15918367346938775,1.7668990788335281,43.834998195831695,3.572590550731553e-11,5.252959960711757e-11,0.037508757606626475,True
P0166,Product P0166,P0612,"Sour cream, 50 g",117,995,2147,0.003755175401996341,0.11758793969849246,1.706421722024187,37.96041792805013,7.219453684332795e-10,1.0097979448214204e-09,0.03490500266020149,True
P0566,Product P0566,P0535,"Grilled minced-meat rolls with mustard, 40/20/30 g",116,321,5898,0.003723079885739962,0.3613707165109034,1.9089907450542927,62.576341385256,2.5631407727918927e-15,4.3489682474587166e-15,0.04481539894048925,True
P0088,Product P0088,P0082,"Tripe soup, 300/100 g",116,433,2454,0.003723079885739962,0.2678983833718245,3.4013487900227934,216.48286720442837,5.2916058437839504e-49,2.467154690413799e-48,0.08335544003595244,True
P0092,Product P0092,P0070,"Caru' cu Flori potatoes, 180 g",116,471,4003,0.003723079885739962,0.24628450106157113,1.9169338495067128,59.27397436897245,1.3717884623742267e-14,2.247178997673095e-14,0.04361684087528058,True
P0090,Product P0090,P0070,"Caru' cu Flori potatoes, 180 g",116,471,4003,0.003723079885739962,0.24628450106157113,1.9169338495067128,59.27397436897245,1.3717884623742267e-14,2.247178997673095e-14,0.04361684087528058,True
P0091,Product P0091,P0095,Product P0095,116,606,3929,0.003723079885739962,0.19141914191419143,1.5179552569662669,23.925091407340595,1.0015780201912943e-06,1.2603478893064616e-06,0.027710795012046357,True
P0621,Product P0621,P0572,"Medium Capricciosa pizza, 550 g",116,633,1605,0.003723079885739962,0.18325434439178515,3.5574178244329286,229.5141329687525,7.608561555177458e-52,3.773154843953912e-51,0.08582758639136559,True
P0074,Product P0074,P0612,"Sour cream, 50 g",116,805,2147,0.003723079885739962,0.14409937888198757,2.0911524675482474,72.81475540492387,1.4240815846847327e-17,2.6068339075353075e-17,0.0483428088323692,True
P0029,Product P0029,P0599,Product P0599,116,906,2260,0.003723079885739962,0.1280353200883002,1.7651311805270662,42.72396777838848,6.303519060908603e-11,9.181761409147244e-11,0.0370303632492078,True
P0140,Product P0140,P0009,"Borsec sparkling mineral water, 750 ml",116,931,3139,0.003723079885739962,0.12459720730397422,1.236723538697013,6.02506464057022,0.01410411519056289,0.015574483474599304,0.013906026036116705,True
P0056,Product P0056,P0058,Product P0058,116,937,2522,0.003723079885739962,0.12379935965848453,1.5294276958284703,23.848549695565787,1.0422037098876411e-06,1.3099588104693738e-06,0.027666432990992782,True
P0166,Product P0166,P0082,"Tripe soup, 300/100 g",116,995,2454,0.003723079885739962,0.11658291457286432,1.48018495083404,20.262029196200082,6.752753790367068e-06,8.324581226316917e-06,0.025501378148128882,True
P0629,Product P0629,P0535,"Grilled minced-meat rolls with mustard, 40/20/30 g",115,260,5898,0.003690984369483583,0.4423076923076923,2.336551503769204,109.36357096067464,1.35089579002796e-25,3.197022357745129e-25,0.05924593040558979,True
P0577,Product P0577,P0072,"French fries, 180 g",115,365,5580,0.003690984369483583,0.3150684931506849,1.7592453478666472,46.44719324950086,9.412108008435927e-12,1.4085884550347867e-11,0.03861018837046164,True
P0098,Product P0098,P0070,"Caru' cu Flori potatoes, 180 g",115,413,4003,0.003690984369483583,0.2784503631961259,2.167294021009666,84.07320679888868,4.7678872370816945e-20,9.372549505686718e-20,0.05194586581759557,True
P0573,Product P0573,P0072,"French fries, 180 g",115,458,5580,0.003690984369483583,0.25109170305676853,1.4020186724264763,16.389810379939213,5.156167271005803e-05,6.236561521804136e-05,0.022935549382744422,True
P0592,Product P0592,P0009,"Borsec sparkling mineral water, 750 ml",115,565,3139,0.003690984369483583,0.20353982300884957,2.0202899858192818,67.111607955345,2.5656328991535406e-16,4.507416252780213e-16,0.04641100843681926,True
P0110,Product P0110,P0159,Product P0159,115,614,1626,0.003690984369483583,0.18729641693811075,3.588926483727378,231.15012749487084,3.345966741916659e-52,1.674518218087649e-51,0.08613293606208779,True
P0063,Product P0063,P0613,Product P0613,115,1031,1844,0.003690984369483583,0.11154219204655674,1.8846638164829546,52.49645845293313,4.310249104393699e-13,6.727441735183871e-13,0.04104754481912943,True
P0573,Product P0573,P0572,"Medium Capricciosa pizza, 550 g",114,458,1605,0.003658888853227204,0.24890829694323144,4.831922621719789,370.6965153936267,1.319901419914637e-82,1.1520099593014954e-81,0.10907656043348263,True
P0154,Product P0154,P0095,Product P0095,114,499,3929,0.003658888853227204,0.22845691382765532,1.8116650710430788,48.2094704487147,3.830339162039565e-12,5.795977844362227e-12,0.039335834076553465,True
P0578,Product P0578,P0160,Product P0160,114,615,735,0.003658888853227204,0.18536585365853658,7.857746806039488,712.8460499775764,4.811517765393304e-157,1.0094934388546336e-155,0.15125859309589934,True
P0084,Product P0084,P0612,"Sour cream, 50 g",114,661,2147,0.003658888853227204,0.17246596066565809,2.502804814373502,112.87653930095219,2.2963777633071916e-26,5.61737251069091e-26,0.06018995599016095,True
P0160,Product P0160,P0578,Product P0578,114,735,615,0.003658888853227204,0.15510204081632653,7.857746806039488,712.8460499775764,4.811517765393304e-157,1.0094934388546336e-155,0.15125859309589934,True
P0697,Product P0697,P0152,"Stella Artois draught beer, 0.4 L",114,811,2832,0.003658888853227204,0.1405672009864365,1.5464873874062153,24.863293222539397,6.154318467739413e-07,7.789282422626101e-07,0.028248897886663307,True
P0140,Product P0140,P0576,Product P0576,114,931,1175,0.003658888853227204,0.12244897959183673,3.2469300911854098,189.88078778440217,3.3756121062729543e-43,1.3059548964339692e-42,0.07806613805683184,True
P0569,Product P0569,P0152,"Stella Artois draught beer, 0.4 L",114,998,2832,0.003658888853227204,0.11422845691382766,1.2567147005876158,6.793507304466185,0.009148998737528065,0.010206091638694396,0.014766215633273266,True
P0035,Product P0035,P0535,"Grilled minced-meat rolls with mustard, 40/20/30 g",113,329,5898,0.003626793336970825,0.3434650455927052,1.8144015641797073,51.49582206385638,7.174962655019284e-13,1.1087654754427817e-12,0.04065445847857405,True
P0573,Product P0573,P0165,"Honey lemonade, 500 ml",113,458,3686,0.003626793336970825,0.24672489082969432,2.085514764943241,73.49354824016977,1.0096564614939501e-17,1.867008812694745e-17,0.048567616497840846,True
P0083,Product P0083,P0082,"Tripe soup, 300/100 g",113,614,2454,0.003626793336970825,0.18403908794788273,2.336636456068534,95.67229343084495,1.3556448797645262e-22,2.8718612889768893e-22,0.05541346090161437,True
P0140,Product P0140,P0569,Product P0569,113,931,998,0.003626793336970825,0.12137486573576799,3.7892552021335906,247.0670016454589,1.1320734171778446e-55,6.2378388795001436e-55,0.08904910424999592,True
P0140,Product P0140,P0152,"Stella Artois draught beer, 0.4 L",113,931,2832,0.003626793336970825,0.12137486573576799,1.3353378148761732,10.789790887397448,0.0010206141100465957,0.0011770507336795306,0.018609242564634237,True
P0118,Product P0118,P0152,"Stella Artois draught beer, 0.4 L",113,936,2832,0.003626793336970825,0.12072649572649573,1.328204600053117,10.392865578588257,0.001265031457038108,0.001455853712688371,0.018263745128750043,True
P0569,Product P0569,P0140,Product P0140,113,998,931,0.003626793336970825,0.11322645290581163,3.7892552021335906,247.0670016454589,1.1320734171778446e-55,6.2378388795001436e-55,0.08904910424999592,True
P0086,Product P0086,P0072,"French fries, 180 g",112,361,5580,0.003594697820714446,0.31024930747922436,1.7323365005609668,42.734092094795756,6.270978593602678e-11,9.146574392540805e-11,0.0370347505395961,True
P0066,Product P0066,P0095,Product P0095,112,422,3929,0.003594697820714446,0.26540284360189575,2.104646576254585,75.32651174067742,3.989664038784545e-18,7.478906299508485e-18,0.04916953611850771,True
P0090,Product P0090,P0567,"Fried Romanian cheese doughnuts, 180 g",112,471,2807,0.003594697820714446,0.23779193205944799,2.6394311461261917,127.26587663068888,1.6248084623601084e-29,4.30258745736621e-29,0.06391137623524154,True
P0154,Product P0154,P0070,"Caru' cu Flori potatoes, 180 g",112,499,4003,0.003594697820714446,0.22444889779559118,1.746978343396761,41.71383876076442,1.0565846897076523e-10,1.5147620190158329e-10,0.03658998756575474,True
P0631,Product P0631,P0076,"Grilled pork neck, 150 g",112,509,2088,0.003594697820714446,0.2200392927308448,3.2834119940684534,193.7939594430806,4.723169437679166e-44,1.880648852740135e-43,0.0788664515221361,True
P0697,Product P0697,P0613,Product P0613,112,811,1844,0.003594697820714446,0.1381011097410604,2.333414466487104,93.1335181456633,4.8882838959086875e-22,1.0119767989442843e-21,0.05467328731343949,True
P0118,Product P0118,P0612,"Sour cream, 50 g",112,936,2147,0.003594697820714446,0.11965811965811966,1.736463919044264,38.735566976415555,4.852852951411578e-10,6.849240064670157e-10,0.035259580536240114,True
P0692,Product P0692,P0009,"Borsec sparkling mineral water, 750 ml",111,170,3139,0.003562602304458067,0.6529411764705882,6.480945599010549,575.2944592775565,3.9594853783350785e-127,6.084223306709255e-126,0.13588367330164272,True
P0481,Product P0481,P0535,"Grilled minced-meat rolls with mustard, 40/20/30 g",111,371,5898,0.003562602304458067,0.2991913746630728,1.580519779650281,29.54601661192746,5.460475985063269e-08,7.134585987669492e-08,0.030794393263699177,True
P0090,Product P0090,P0149,"Beck's draught beer, 0.4 L",111,471,5044,0.003562602304458067,0.2356687898089172,1.4557360198406883,19.18586039859546,1.1858854754773761e-05,1.4586257652151266e-05,0.024814916770276266,True
P0101,Product P0101,P0082,"Tripe soup, 300/100 g",111,500,2454,0.003562602304458067,0.222,2.81860391198044,143.68766723260518,4.15793976322497e-33,1.2064660323612878e-32,0.06790971844666456,True
P0600,Product P0600,P0613,Product P0613,111,540,1844,0.003562602304458067,0.20555555555555555,3.473153169438419,211.44111349485803,6.65979233435502e-48,2.99005491225569e-47,0.08237907316449421,True
P0600,Product P0600,P0165,"Honey lemonade, 500 ml",111,540,3686,0.003562602304458067,0.20555555555555555,1.7375188400554649,40.10641651433623,2.404977255550313e-10,3.4253657778138275e-10,0.035878073293043274,True
P0057,Product P0057,P0011,Product P0011,111,647,1889,0.003562602304458067,0.17156105100463678,2.8297128989684848,142.7652526951148,6.615422305205608e-33,1.9043339670130126e-32,0.06769139154074254,True
P0061,Product P0061,P0007,Product P0007,111,683,2157,0.003562602304458067,0.16251830161054173,2.3475116936855116,94.31138166328022,2.6959566985796007e-22,5.634652793391464e-22,0.055017928744504487,True
P0074,Product P0074,P0058,Product P0058,111,805,2522,0.003562602304458067,0.13788819875776398,1.7034823983725822,36.017914848846345,1.955117120704417e-09,2.6696280083711123e-09,0.0340001995810616,True
P0594,Product P0594,P0601,Cornflake-crusted pike-perch with potatoes and sauce,111,850,952,0.003562602304458067,0.13058823529411764,4.273884083044982,295.199974958862,3.660689390447694e-66,2.4806286490549283e-65,0.09733753435943826,True
P0601,Cornflake-crusted pike-perch with potatoes and sauce,P0594,Product P0594,111,952,850,0.003562602304458067,0.11659663865546219,4.273884083044982,295.199974958862,3.660689390447694e-66,2.4806286490549283e-65,0.09733753435943826,True
P0094,Product P0094,P0018,"Hot pepper, 1 pc.",111,1003,2461,0.003562602304458067,0.1106679960119641,1.4010901063570769,14.298345457546732,0.00015600193739700468,0.00018419709274906072,0.02142224962677855,True
P0127,Product P0127,P0535,"Grilled minced-meat rolls with mustard, 40/20/30 g",110,363,5898,0.003530506788201688,0.30303030303030304,1.6007994492226436,30.955927505127466,2.6395469846264447e-08,3.486375012381902e-08,0.03152057224214224,True
P0090,Product P0090,P0165,"Honey lemonade, 500 ml",110,471,3686,0.003530506788201688,0.23354564755838642,1.9741133317896489,60.88861521553747,6.03971108591626e-15,1.0014171420569362e-14,0.044206917326123155,True
P0605,Product P0605,P0095,Product P0095,110,480,3929,0.003530506788201688,0.22916666666666666,1.8172934164757786,46.990089624753104,7.134656171722972e-12,1.0706891173796097e-11,0.03883517974002398,True
P0600,Product P0600,P0095,Product P0095,110,540,3929,0.003530506788201688,0.2037037037037037,1.6153719257562473,30.028138141019745,4.258222342848834e-08,5.583798769288555e-08,0.031044622656007482,True
P0153,Product P0153,P0009,"Borsec sparkling mineral water, 750 ml",110,616,3139,0.003530506788201688,0.17857142857142858,1.7724593819687797,42.010570843898456,9.078133715779224e-11,1.3118203819755144e-10,0.03671989868531916,True
P0049,Product P0049,P0076,"Grilled pork neck, 150 g",110,831,2088,0.003530506788201688,0.13237063778580024,1.9752260351974031,58.32469867410573,2.2223645669721918e-14,3.6188055859203896e-14,0.043266168243133875,True
P0118,Product P0118,P0572,"Medium Capricciosa pizza, 550 g",110,936,1605,0.003530506788201688,0.11752136752136752,2.2813789706313066,86.05299603399922,1.751775386984733e-20,3.487567421898437e-20,0.052553927856244374,True
P0166,Product P0166,P0058,Product P0058,110,995,2522,0.003530506788201688,0.11055276381909548,1.36577813731624,12.111612351370793,0.000501087888165034,0.0005828218400725502,0.019716197683995303,True
P0063,Product P0063,P0018,"Hot pepper, 1 pc.",110,1031,2461,0.003530506788201688,0.1066925315227934,1.350759530538673,11.250764602829902,0.0007959022338546701,0.0009208158400163787,0.019002607668602234,True
P0524,Product P0524,P0072,"French fries, 180 g",109,313,5580,0.003498411271945309,0.34824281150159747,1.9444805157625933,61.5318367183936,4.3564186434087825e-15,7.323347827363608e-15,0.04443980271873469,True
P0065,Product P0065,P0072,"French fries, 180 g",109,337,5580,0.003498411271945309,0.32344213649851633,1.8060011911978981,48.28462508040349,3.686312205952528e-12,5.593555795124072e-12,0.03936648281471504,True
P0052,Product P0052,P0070,"Caru' cu Flori potatoes, 180 g",109,421,4003,0.003498411271945309,0.2589073634204275,2.015182793427494,64.8381560649264,8.130933735061805e-16,1.3991874928947048e-15,0.04561813336838195,True
P0025,Product P0025,P0535,"Grilled minced-meat rolls with mustard, 40/20/30 g",109,440,5898,0.003498411271945309,0.24772727272727274,1.308653549739511,9.927975127132195,0.001627855136051147,0.0018635781253219322,0.01785058786387153,True
P0579,Product P0579,P0070,"Caru' cu Flori potatoes, 180 g",109,601,4003,0.003498411271945309,0.18136439267886856,1.4116338702711733,15.30761695233359,9.134743846285301e-05,0.00010891809329286627,0.022165420563121405,True
P0091,Product P0091,P0613,Product P0613,109,606,1844,0.003498411271945309,0.17986798679867988,3.0391251977692346,161.6557882579993,4.9191472348403956e-37,1.6564165534601455e-36,0.07203072941441295,True
P0621,Product P0621,P0009,"Borsec sparkling mineral water, 750 ml",109,633,3139,0.003498411271945309,0.1721958925750395,1.7091772618542547,36.406731356900735,1.6014916552725153e-09,2.203313235690182e-09,0.034183224513012665,True
P0057,Product P0057,P0082,"Tripe soup, 300/100 g",109,647,2454,0.003498411271945309,0.16846986089644514,2.138963103484328,73.27980171814545,1.1251343770647562e-17,2.073516225300083e-17,0.048496938741625396,True
P0482,Product P0482,P0076,"Grilled pork neck, 150 g",109,713,2088,0.003498411271945309,0.15287517531556802,2.281193408672008,86.03461997001875,1.7681295681352407e-20,3.513714679117573e-20,0.05254831627996395,True
P0160,Product P0160,P0007,Product P0007,109,735,2157,0.003498411271945309,0.14829931972789115,2.1421242024858156,73.03550355311299,1.2733846344677932e-17,2.334895186898088e-17,0.04841603238165807,True
P0049,Product P0049,P0018,"Hot pepper, 1 pc.",109,831,2461,0.003498411271945309,0.13116726835138387,1.6606170581162405,31.954449843065202,1.5783040795754942e-08,2.1050485951306408e-08,0.032024905376936655,True
P0140,Product P0140,P0058,Product P0058,109,931,2522,0.003498411271945309,0.11707841031149302,1.4463965226309228,16.842794031539103,4.060721617270543e-05,4.9279725077220935e-05,0.02325033697910863,True
P0166,Product P0166,P0018,"Hot pepper, 1 pc.",109,995,2461,0.003498411271945309,0.10954773869346733,1.386907311853865,13.195404376860356,0.0002806364407674177,0.0003292197385776911,0.020579439148990818,True
P0063,Product P0063,P0082,"Tripe soup, 300/100 g",109,1031,2454,0.003498411271945309,0.10572259941804074,1.342297893263201,10.681409067239347,0.0010821759870155115,0.001246730730553245,0.018515543155916716,True
P0593,Product P0593,P0535,"Grilled minced-meat rolls with mustard, 40/20/30 g",108,300,5898,0.0034663157556889305,0.36,1.9017497456765005,57.51536243084492,3.353497813170412e-14,5.428288003217981e-14,0.042964930465330814,True
P0078,Product P0078,P0535,"Grilled minced-meat rolls with mustard, 40/20/30 g",108,412,5898,0.0034663157556889305,0.2621359223300971,1.384769232288714,14.433366574997658,0.0001452066263052794,0.00017183859284136322,0.02152315849363458,True
P0154,Product P0154,P0072,"French fries, 180 g",108,499,5580,0.0034663157556889305,0.21643286573146292,1.2084944081711813,4.809343298842265,0.028305830095495577,0.030820020592999677,0.01242410383208782,True
P0101,Product P0101,P0076,"Grilled pork neck, 150 g",108,500,2088,0.0034663157556889305,0.216,3.2231379310344828,180.396955769009,3.9696231996769964e-41,1.4631280104214877e-40,0.07609161206391614,True
P0600,Product P0600,P0149,"Beck's draught beer, 0.4 L",108,540,5044,0.0034663157556889305,0.2,1.2354084060269626,5.882324820388478,0.015293615276993893,0.016836866061756144,0.013740314839845554,True
P0083,Product P0083,P0152,"Stella Artois draught beer, 0.4 L",108,614,2832,0.0034663157556889305,0.1758957654723127,1.9351639706288302,54.76601944681332,1.3576802496185067e-13,2.1529493493223704e-13,0.04192545369405517,True
P0578,Product P0578,P0009,"Borsec sparkling mineral water, 750 ml",108,615,3139,0.0034663157556889305,0.17560975609756097,1.743062494658078,38.809508667142815,4.672462404810784e-10,6.605582725563123e-10,0.03529321771004116,True
P0084,Product P0084,P0165,"Honey lemonade, 500 ml",108,661,3686,0.0034663157556889305,0.16338880484114976,1.3810919675625895,13.159962960114097,0.0002859945380350688,0.0003351450494052202,0.02055178350216076,True
P0482,Product P0482,P0009,"Borsec sparkling mineral water, 750 ml",108,713,3139,0.0034663157556889305,0.1514726507713885,1.5034830774399972,20.72370453491425,5.305513600930938e-06,6.555283509191001e-06,0.025790269401321408,True
P0160,Product P0160,P0152,"Stella Artois draught beer, 0.4 L",108,735,2832,0.0034663157556889305,0.1469387755102041,1.6165859564164649,28.61315843242281,8.837956504666098e-08,1.1451556468635052e-07,0.030304357634079192,True
P0697,Product P0697,P0082,"Tripe soup, 300/100 g",108,811,2454,0.0034663157556889305,0.13316892725030827,1.6907678346935027,33.96929359810824,5.598872982424083e-09,7.541198054104537e-09,0.03301911590118357,True
P0049,Product P0049,P0007,Product P0007,108,831,2157,0.0034663157556889305,0.1299638989169675,1.8772764017412875,48.87272662223034,2.7312229525153636e-12,4.155877602781397e-12,0.03960549698965233,True
P0614,Product P0614,P0076,"Grilled pork neck, 150 g",108,845,2088,0.0034663157556889305,0.12781065088757396,1.9071822077127116,51.3437046243273,7.753022979007014e-13,1.196400009914661e-12,0.040594367915177815,True
P0140,Product P0140,P0156,Product P0156,108,931,1346,0.0034663157556889305,0.11600429645542427,2.6852495279804267,123.06132333728733,1.3520486713718584e-28,3.4789742935535318e-28,0.06284677162514726,True
P0118,Product P0118,P0076,"Grilled pork neck, 150 g",108,936,2088,0.0034663157556889305,0.11538461538461539,1.7217617152961981,36.10860731908202,1.866207140568449e-09,2.5546198122461455e-09,0.03404297861828195,True
P0596,Product P0596,P0072,"French fries, 180 g",107,258,5580,0.0034342202394325515,0.41472868217054265,2.3157171237253755,98.2518112581862,3.6842324879269324e-23,8.022949389876813e-23,0.05615552159365804,True
P0047,Product P0047,P0072,"French fries, 180 g",107,305,5580,0.0034342202394325515,0.35081967213114756,1.9588689112168753,61.78388627486105,3.832981936563013e-15,6.453369278997295e-15,0.044530727888920395,True
P0044,Product P0044,P0535,"Grilled minced-meat rolls with mustard, 40/20/30 g",107,420,5898,0.0034342202394325515,0.25476190476190474,1.3458149655250367,11.888296572577024,0.0005648775870416665,0.0006556185611302746,0.01953358686738819,True
P0573,Product P0573,P0095,Product P0095,107,458,3929,0.0034342202394325515,0.2336244541484716,1.852643705244065,48.763890869186206,2.887065157172236e-12,4.3868914853411e-12,0.03956137323344902,True
P0631,Product P0631,P0018,"Hot pepper, 1 pc.",107,509,2461,0.0034342202394325515,0.21021611001964635,2.6613991628939955,122.49250109426133,1.8009464004835351e-28,4.601481318331468e-28,0.06270135612692428,True
P0592,Product P0592,P0567,"Fried Romanian cheese doughnuts, 180 g",107,565,2807,0.0034342202394325515,0.18938053097345134,2.102076666740229,69.2004910213999,8.894589957852856e-17,1.5882156536853464e-16,0.04712775704960664,True
P0482,Product P0482,P0599,Product P0599,107,713,2260,0.0034342202394325515,0.15007012622720897,2.068909257903164,65.20498647597026,6.749851315578384e-16,1.1652037634962051e-15,0.04574699666028881,True
P0697,Product P0697,P0018,"Hot pepper, 1 pc.",107,811,2461,0.0034342202394325515,0.1319358816276202,1.6703479333083153,32.08971312541289,1.4721475425067273e-08,1.9682756971505385e-08,0.03209261455972741,True
P0614,Product P0614,P0599,Product P0599,107,845,2260,0.0034342202394325515,0.12662721893491125,1.745718699272137,37.77491527550317,7.939616679741209e-10,1.106273537368794e-09,0.03481961239457227,True
P0029,Product P0029,P0082,"Tripe soup, 300/100 g",107,906,2454,0.0034342202394325515,0.11810154525386314,1.4994661147003319,19.902307095438406,8.15019112571027e-06,1.0035957695428786e-05,0.02527399495372843,True
P0140,Product P0140,P0094,Product P0094,107,931,1003,0.0034342202394325515,0.11493018259935553,3.5701691916731013,210.86478949565134,8.896005719703967e-48,3.961445812325318e-47,0.08226672644001103,True
P0569,Product P0569,P0156,Product P0156,107,998,1346,0.0034342202394325515,0.10721442885771543,2.481783031144012,102.21320066545783,4.9856567553873705e-24,1.11690996306522e-23,0.057276395169168326,True
P0569,Product P0569,P0537,Product P0537,107,998,1610,0.0034342202394325515,0.10721442885771543,2.0748322732421367,64.9027529717013,7.868706634990767e-16,1.3562020440402729e-15,0.04564085191018008,True
P0094,Product P0094,P0140,Product P0140,107,1003,931,0.0034342202394325515,0.10667996011964108,3.5701691916731013,210.86478949565134,8.896005719703967e-48,3.961445812325318e-47,0.08226672644001103,True
P0040,Product P0040,P0535,"Grilled minced-meat rolls with mustard, 40/20/30 g",106,338,5898,0.0034021247231761725,0.3136094674556213,1.656685347154085,34.40781216601899,4.469258014427592e-09,6.027145233300993e-09,0.033231558716390316,True
P0052,Product P0052,P0095,Product P0095,106,421,3929,0.0034021247231761725,0.2517814726840855,1.996629000869955,61.167919703836546,5.240857362140379e-15,8.756164444249852e-15,0.04430819293565661,True
P0088,Product P0088,P0612,"Sour cream, 50 g",106,433,2147,0.0034021247231761725,0.24480369515011546,3.5525611223996965,211.73974729418597,5.732044268012948e-48,2.6056917901675524e-47,0.0824372276426259,True
P0090,Product P0090,P0535,"Grilled minced-meat rolls with mustard, 40/20/30 g",106,471,5898,0.0034021247231761725,0.22505307855626328,1.1888739858557977,3.983539857849763,0.045946907521925984,0.04943597249153969,0.01130724406146567,True
P0605,Product P0605,P0009,"Borsec sparkling mineral water, 750 ml",106,480,3139,0.0034021247231761725,0.22083333333333333,2.191941435701391,77.5975492264967,1.2632676691315685e-18,2.3886048995191357e-18,0.0499052442400014,True
P0621,Product P0621,P0599,Product P0599,106,633,2260,0.0034021247231761725,0.1674565560821485,2.308603503474116,86.53458953509157,1.3731451094704302e-20,2.7531199351013215e-20,0.052700781067860976,True
P0482,Product P0482,P0612,"Sour cream, 50 g",106,713,2147,0.0034021247231761725,0.14866760168302945,2.1574459551179084,72.34844640712622,1.8036474083084388e-17,3.2851073830793104e-17,0.04818776543671312,True
P0118,Product P0118,P0082,"Tripe soup, 300/100 g",106,936,2454,0.0034021247231761725,0.11324786324786325,1.4378417584407805,15.816277575404005,6.979943920633084e-05,8.359076638211519e-05,0.022530681171167053,True
P0118,Product P0118,P0018,"Hot pepper, 1 pc.",106,936,2461,0.0034021247231761725,0.11324786324786325,1.4337520013058414,15.570260743535865,7.949515930357567e-05,9.499366790821584e-05,0.0223547658634622,True
P0569,Product P0569,P0094,Product P0094,106,998,1003,0.0034021247231761725,0.1062124248496994,3.2993624337408622,181.31765943345755,2.4987768542743786e-41,9.241239145807955e-41,0.07628554178817323,True
P0094,Product P0094,P0569,Product P0569,106,1003,998,0.0034021247231761725,0.10568295114656032,3.2993624337408622,181.31765943345755,2.4987768542743786e-41,9.241239145807955e-41,0.07628554178817323,True
P0632,Product P0632,P0072,"French fries, 180 g",105,295,5580,0.0033700292069197934,0.3559322033898305,1.9874157098596685,63.34877832914055,1.7316274545782045e-15,2.9611372303210364e-15,0.04509114929434245,True
P0036,Product P0036,P0072,"French fries, 180 g",105,319,5580,0.0033700292069197934,0.329153605015674,1.8378922708733612,49.36522005438232,2.1247952320263384e-12,3.2512645135213675e-12,0.03980455027701172,True
P0078,Product P0078,P0018,"Hot pepper, 1 pc.",105,412,2461,0.0033700292069197934,0.25485436893203883,3.2265329430376,177.51164693927046,1.6933597465236664e-40,6.1377258586621925e-40,0.07548064619514039,True
P0101,Product P0101,P0597,"Assorted pickled vegetables, 180 g",105,500,971,0.0033700292069197934,0.21,6.738383110195675,538.2558096875915,4.51729608351079e-119,6.238443072291483e-118,0.13143666950253466,True
P0101,Product P0101,P0149,"Beck's draught beer, 0.4 L",105,500,5044,0.0033700292069197934,0.21,1.2971788263283108,8.668621092903303,0.003237360618922081,0.003675297018984381,0.016680044040939094,True
P0157,Product P0157,P0009,"Borsec sparkling mineral water, 750 ml",105,519,3139,0.0033700292069197934,0.2023121387283237,2.0081042709010455,60.09352424432506,9.045546049591826e-15,1.4929940605302092e-14,0.043917339221392265,True
P0621,Product P0621,P0076,"Grilled pork neck, 150 g",105,633,2088,0.0033700292069197934,0.16587677725118483,2.4752024659076466,101.00004358338045,9.198142015311492e-24,2.0355320362484457e-23,0.05693547699567795,True
P0061,Product P0061,P0009,"Borsec sparkling mineral water, 750 ml",105,683,3139,0.0033700292069197934,0.15373352855051245,1.525924036014118,21.6394938663266,3.2900714310860055e-06,4.083581264294462e-06,0.026353950883434892,True
P0482,Product P0482,P0007,Product P0007,105,713,2157,0.0033700292069197934,0.14726507713884993,2.1271849830390113,68.95821109571905,1.0057205851865907e-16,1.7928777098669453e-16,0.04704518450631759,True
P0594,Product P0594,P0627,"Chicken breast strips, 200 g",105,850,1085,0.0033700292069197934,0.12352941176470589,3.5472865275142316,204.57597694075451,2.0955895507672904e-46,8.89606303458021e-46,0.08103068303776415,True
P0029,Product P0029,P0076,"Grilled pork neck, 150 g",105,906,2088,0.0033700292069197934,0.11589403973509933,1.7293633122732233,35.65597585107705,2.3542459105452266e-09,3.2065946172345095e-09,0.033828936615940206,True
P0597,"Assorted pickled vegetables, 180 g",P0101,Product P0101,105,971,500,0.0033700292069197934,0.10813594232749743,6.738383110195675,538.2558096875915,4.51729608351079e-119,6.238443072291483e-118,0.13143666950253466,True
P0166,Product P0166,P0537,Product P0537,105,995,1610,0.0033700292069197934,0.10552763819095477,2.042189206904086,60.8308949288065,6.219416485291892e-15,1.0280883917353719e-14,0.044185959048973815,True
P0569,Product P0569,P0572,"Medium Capricciosa pizza, 550 g",105,998,1605,0.0033700292069197934,0.10521042084168336,2.0423931976101737,60.84438898903313,6.176930932066636e-15,1.0226148174331866e-14,0.044190859642090685,True
P0063,Product P0063,P0015,Product P0015,105,1031,1453,0.0033700292069197934,0.10184287099903007,2.183839182186359,73.0985775276114,1.2333337835382003e-17,2.2690845832043448e-17,0.04843693408294574,True
P0092,Product P0092,P0094,Product P0094,104,471,1003,0.0033379336906634144,0.2208067940552017,6.859099982430628,546.0772468910059,8.981602319949998e-121,1.2562728373160832e-119,0.13238818359215054,True
P0090,Product P0090,P0599,Product P0599,104,471,2260,0.0033379336906634144,0.2208067940552017,3.044104992202619,156.2781781482353,7.360033911225333e-36,2.3478938588148646e-35,0.07082251624500485,True
P0101,Product P0101,P0011,Product P0011,104,500,1889,0.0033379336906634144,0.208,3.4307337215457916,193.7803198057386,4.755656359391794e-44,1.8866985774896175e-43,0.07886367607771909,True
P0631,Product P0631,P0149,"Beck's draught beer, 0.4 L",104,509,5044,0.0033379336906634144,0.2043222003929273,1.26210681951674,6.866670815061266,0.008781810054410994,0.009816552017789339,0.014845515982006216,True
P0578,Product P0578,P0567,"Fried Romanian cheese doughnuts, 180 g",104,615,2807,0.0033379336906634144,0.16910569105691056,1.8770309997364312,47.78070080182962,4.766611897119928e-12,7.1828364361296155e-12,0.03916051914015317,True
P0097,Product P0097,P0058,Product P0058,104,697,2522,0.0033379336906634144,0.1492109038737446,1.8433640491650518,44.661836383409785,2.3417761832485026e-11,3.4618940595177726e-11,0.03786085967966743,True
P0097,Product P0097,P0009,"Borsec sparkling mineral water, 750 ml",104,697,3139,0.0033379336906634144,0.1492109038737446,1.4810334921931383,18.482611248290198,1.714615561966323e-05,2.097136298324281e-05,0.02435588121542374,True
P0049,Product P0049,P0082,"Tripe soup, 300/100 g",104,831,2454,0.0033379336906634144,0.12515042117930206,1.588961561810723,25.31994152533854,4.856617355717068e-07,6.175488968633241e-07,0.028507132350292064,True
P0056,Product P0056,P0159,Product P0159,104,937,1626,0.0033379336906634144,0.11099252934898612,2.1268107238169502,67.53751792763295,2.067158064317466e-16,3.6493033141915134e-16,0.046558044466685135,True
P0094,Product P0094,P0092,Product P0092,104,1003,471,0.0033379336906634144,0.1036889332003988,6.859099982430628,546.0772468910059,8.981602319949998e-121,1.2562728373160832e-119,0.13238818359215054,True
P0702,Product P0702,P0072,"French fries, 180 g",103,359,5580,0.0033058381744070354,0.28690807799442897,1.6020062699054523,28.71535519224477,8.38363500937987e-08,1.0875797616210986e-07,0.030358427979399537,True
P0088,Product P0088,P0072,"French fries, 180 g",103,433,5580,0.0033058381744070354,0.23787528868360278,1.3282222884435504,10.320161841648765,0.0013158474982366978,0.0015127393262131057,0.018199750607002834,True
P0157,Product P0157,P0149,"Beck's draught beer, 0.4 L",103,519,5044,0.0033058381744070354,0.19845857418111754,1.225886953957391,5.201914235124622,0.022562028786834082,0.024615173406435983,0.012921227607999618,True
P0020,Product P0020,P0082,"Tripe soup, 300/100 g",103,572,2454,0.0033058381744070354,0.18006993006993008,2.2862423843475193,82.4206581999758,1.0999812014341835e-19,2.135372759367783e-19,0.051432806409127424,True
P0091,Product P0091,P0011,Product P0011,103,606,1889,0.0033058381744070354,0.16996699669966997,2.8034207073433652,129.7286336368387,4.6980944640857256e-30,1.271866268068865e-29,0.06452679652523431,True
P0097,Product P0097,P0599,Product P0599,103,697,2260,0.0033058381744070354,0.14777618364418937,2.037284315841597,59.9942760494778,9.513364196284817e-15,1.5678369090856098e-14,0.04388105812575288,True
P0601,Cornflake-crusted pike-perch with potatoes and sauce,P0094,Product P0094,103,952,1003,0.0033058381744070354,0.10819327731092437,3.3608952554102403,182.06362431717494,1.717359720332366e-41,6.416573475625382e-41,0.07644230513247992,True
P0597,"Assorted pickled vegetables, 180 g",P0627,"Chicken breast strips, 200 g",103,971,1085,0.0033058381744070354,0.10607621009268794,3.0460981362745425,151.3873690758989,8.624280385663278e-35,2.6355994119772092e-34,0.06970549307756138,True
P0094,Product P0094,P0601,Cornflake-crusted pike-perch with potatoes and sauce,103,1003,952,0.0033058381744070354,0.10269192422731804,3.3608952554102403,182.06362431717494,1.717359720332366e-41,6.416573475625382e-41,0.07644230513247992,True
P0098,Product P0098,P0165,"Honey lemonade, 500 ml",102,413,3686,0.0032737426581506564,0.2469733656174334,2.0876150712269053,66.43189033074654,3.6219471022927415e-16,6.302303490592314e-16,0.04617538106017601,True
P0116,Product P0116,P0165,"Honey lemonade, 500 ml",102,418,3686,0.0032737426581506564,0.24401913875598086,2.0626435990830427,64.194571491618,1.1271890001706857e-15,1.9366349593483752e-15,0.045391165581867454,True
P0155,Product P0155,P0156,Product P0156,102,423,1346,0.0032737426581506564,0.24113475177304963,5.581749971019991,406.45100490671535,2.1709991480243796e-90,2.1338379013464848e-89,0.11421582567842802,True
P0069,Product P0069,P0149,"Beck's draught beer, 0.4 L",102,475,5044,0.0032737426581506564,0.21473684210526317,1.3264384991026337,9.928568403731708,0.0016273305295876083,0.0018635781253219322,0.017851121214213457,True
P0020,Product P0020,P0018,"Hot pepper, 1 pc.",102,572,2461,0.0032737426581506564,0.17832167832167833,2.257606067236299,79.03558572256514,6.100118439512609e-19,1.1594475988690343e-18,0.05036554304672019,True
P0153,Product P0153,P0152,"Stella Artois draught beer, 0.4 L",102,616,2832,0.0032737426581506564,0.16558441558441558,1.8217209167950692,42.425318167947495,7.343327384180466e-11,1.0682093568187851e-10,0.0369007112254142,True
P0061,Product P0061,P0567,"Fried Romanian cheese doughnuts, 180 g",102,683,2807,0.0032737426581506564,0.1493411420204978,1.6576494342474706,29.90371368379634,4.540423492013303e-08,5.946701116190293e-08,0.030980237711553928,True
P0074,Product P0074,P0071,Product P0071,102,805,1212,0.0032737426581506564,0.1267080745341615,3.25729659922514,170.41968494880894,5.991061181134002e-39,2.0949512014798709e-38,0.07395747270344953,True
P0074,Product P0074,P0007,Product P0007,102,805,2157,0.0032737426581506564,0.1267080745341615,1.830247324182137,42.367351653710784,7.56422543554504e-11,1.0988774900372355e-10,0.036875493538953474,True
P0056,Product P0056,P0569,Product P0569,102,937,998,0.0032737426581506564,0.10885805763073639,3.398487476553962,183.90319717921685,6.811508255009969e-42,2.580331772991624e-41,0.07682752146637052,True
P0166,Product P0166,P0627,"Chicken breast strips, 200 g",102,995,1085,0.0032737426581506564,0.10251256281407035,2.943763981196305,140.11126860265878,2.5169925980421857e-32,7.169814424188054e-32,0.06705925364286809,True
P0569,Product P0569,P0056,Product P0056,102,998,937,0.0032737426581506564,0.10220440881763528,3.398487476553962,183.90319717921685,6.811508255009969e-42,2.580331772991624e-41,0.07682752146637052,True
P0016,Product P0016,P0072,"French fries, 180 g",101,332,5580,0.0032416471418942774,0.3042168674698795,1.69865321501058,35.73539212549811,2.2602037438073707e-09,3.082352855617302e-09,0.03386658912397294,True
P0116,Product P0116,P0567,"Fried Romanian cheese doughnuts, 180 g",101,418,2807,0.0032416471418942774,0.24162679425837322,2.681997160209524,118.68123227695136,1.2298768278419294e-27,3.0704705244291646e-27,0.06171819358885986,True
P0573,Product P0573,P0009,"Borsec sparkling mineral water, 750 ml",101,458,3139,0.0032416471418942774,0.2205240174672489,2.1888712367719254,73.6072695862226,9.531300686491402e-18,1.7684777294153265e-17,0.0486051778887011,True
P0592,Product P0592,P0007,Product P0007,101,565,2157,0.0032416471418942774,0.17876106194690267,2.582131853073549,107.13557560595522,4.157338350056086e-25,9.650332212577e-25,0.058639334993649574,True
P0525,Product P0525,P0011,Product P0011,101,590,1889,0.0032416471418942774,0.1711864406779661,2.823534109160079,129.06887449027798,6.550542930432236e-30,1.7602567332762486e-29,0.0643625058508077,True
P0110,Product P0110,P0613,Product P0613,101,614,1844,0.0032416471418942774,0.16449511400651465,2.7793786697944567,124.75263352829298,5.765154293210602e-29,1.4975674604506589e-28,0.06327716948025897,True
P0578,Product P0578,P0070,"Caru' cu Flori potatoes, 180 g",101,615,4003,0.0032416471418942774,0.16422764227642275,1.2782514739961288,7.160774555591187,0.007451501305829865,0.008372387152070426,0.015160104094538466,True
P0057,Product P0057,P0009,"Borsec sparkling mineral water, 750 ml",101,647,3139,0.0032416471418942774,0.1561051004636785,1.5494637193841452,22.348580075718345,2.2738110895054856e-06,2.8286521079252964e-06,0.02678225560193177,True
P0084,Product P0084,P0082,"Tripe soup, 300/100 g",101,661,2454,0.0032416471418942774,0.15279878971255673,1.9399966956292303,51.016908286775596,9.157374790315923e-13,1.4091249501036211e-12,0.04046497262161933,True
P0056,Product P0056,P0071,Product P0071,101,937,1212,0.0032416471418942774,0.10779082177161152,2.7709889718961223,122.63396813850945,1.6770071037701747e-28,4.30497588285473e-28,0.0627375526935327,True
P0601,Cornflake-crusted pike-perch with potatoes and sauce,P0071,Product P0071,101,952,1212,0.0032416471418942774,0.10609243697478991,2.727328431372549,118.58831217080014,1.2888616153854952e-27,3.210383612752455e-27,0.06169402808290655,True
P0094,Product P0094,P0572,"Medium Capricciosa pizza, 550 g",101,1003,1605,0.0032416471418942774,0.10069790628115653,1.9547941844249184,51.31204525877033,7.879070387179173e-13,1.2141335864989374e-12,0.04058185041063206,True
P0629,Product P0629,P0070,"Caru' cu Flori potatoes, 180 g",100,260,4003,0.0032095516256378984,0.38461538461538464,2.993620169488268,153.6205385791553,2.8032178406913746e-35,8.663769586952662e-35,0.07021773631555615,True
P0566,Product P0566,P0070,"Caru' cu Flori potatoes, 180 g",100,321,4003,0.0032095516256378984,0.3115264797507788,2.424739078090186,97.05660123169417,6.737355938555861e-23,1.4497939504860836e-22,0.055812917166375854,True
P0025,Product P0025,P0072,"French fries, 180 g",100,440,5580,0.0032095516256378984,0.22727272727272727,1.2690208536982732,7.0467035527149555,0.007941126127213257,0.008904181505436448,0.015038869253705426,True
P0605,Product P0605,P0149,"Beck's draught beer, 0.4 L",100,480,5044,0.0032095516256378984,0.20833333333333334,1.286883756278086,7.750223231478698,0.005370590231515733,0.0060592698475529115,0.01577172836807972,True
P0592,Product P0592,P0599,Product P0599,100,565,2260,0.0032095516256378984,0.17699115044247787,2.4400501213877357,93.32695773182809,4.433127093607785e-22,9.194946120011585e-22,0.05473003644289197,True
P0020,Product P0020,P0009,"Borsec sparkling mineral water, 750 ml",100,572,3139,0.0032095516256378984,0.17482517482517482,1.7352749194099943,35.29367380224276,2.8355160596468828e-09,3.8381489095220215e-09,0.0336566290835434,True
P0525,Product P0525,P0009,"Borsec sparkling mineral water, 750 ml",100,590,3139,0.0032095516256378984,0.1694915254237288,1.6823343286483334,31.369200972929836,2.1333838885947946e-08,2.8315350638162055e-08,0.031730280486883325,True
P0091,Product P0091,P0082,"Tripe soup, 300/100 g",100,606,2454,0.0032095516256378984,0.16501650165016502,2.0951178247409095,63.36826133176814,1.7145847920538545e-15,2.9365965590749693e-15,0.04509808268332741,True
P0097,Product P0097,P0007,Product P0007,100,697,2157,0.0032095516256378984,0.14347202295552366,2.072395836451206,60.98470101168267,5.752007065615748e-15,9.551658612765267e-15,0.044241784126670035,True
P0482,Product P0482,P0018,"Hot pepper, 1 pc.",100,713,2461,0.0032095516256378984,0.1402524544179523,1.7756382455506463,37.64888611168262,8.469502792347447e-10,1.178600452353452e-09,0.03476147920086357,True
P0614,Product P0614,P0152,"Stella Artois draught beer, 0.4 L",100,845,2832,0.0032095516256378984,0.11834319526627218,1.3019840871861732,7.919343831082042,0.004890900764232781,0.005529505423604108,0.015942880187417463,True
P0029,Product P0029,P0011,Product P0011,100,906,1889,0.0032095516256378984,0.11037527593818984,1.8205201018561044,40.5472550129018,1.9191796307869785e-10,2.7406086088855937e-10,0.036074715278407034,True
P0140,Product P0140,P0627,"Chicken breast strips, 200 g",100,931,1085,0.0032095516256378984,0.10741138560687433,3.08443920862063,150.44249598766095,1.387527371484913e-34,4.181746857154807e-34,0.06948762174389192,True
