antecedent_product_id,antecedent_label_en,consequent_product_id,consequent_label_en,pair_count,antecedent_count,consequent_count,support,antecedent_support,consequent_support,confidence,lift,leverage,conviction,phi,chi_square,p_value,q_value_bh,temporal_presence_ratio,monthly_support_cv,temporal_stability,pair_basket_value_mean,pair_revenue,pair_baskets,pair_basket_value_uplift_pct,pair_revenue_share,context_entropy,context_normalized_entropy,AR_score,DVS_score,CI_score,OC_score,IF_score,TS_score,CDS_baseline,CDS_empirical_4_component,CDS_baseline_reconstructed
P0072,"French fries, 180 g",P0535,"Grilled minced-meat rolls with mustard, 40/20/30 g",3191,5580,5898,0.102416792374105,0.179092980710595,0.189299354880123,0.571863799283154,3.02094954124538,0.0685146066620314,1.89355780651692,0.456133611495164,6482.45910343536,0.0,0.0,1.0,0.439122331211679,0.694867961056544,257.91637104356,823011.14,3191,0.763039226611579,0.180564822419281,1.36172305737887,0.846086106744813,0.593654453963753,0.629261088538989,0.621589710449336,0.5,0.5,0.871506917433946,60.605174233381,65.15024890483004,60.60517423338102
P0535,"Grilled minced-meat rolls with mustard, 40/20/30 g",P0072,"French fries, 180 g",3191,5898,5580,0.102416792374105,0.189299354880123,0.179092980710595,0.541030857917938,3.02094954124538,0.0685146066620314,1.78858869588804,0.456133611495164,6482.45910343536,0.0,0.0,1.0,0.439122331211679,0.694867961056544,257.91637104356,823011.14,3191,0.763039226611579,0.180564822419281,1.36172305737887,0.846086106744813,0.582580851872278,0.629261088538989,0.621589710449336,0.5,0.5,0.871506917433946,60.3837021915515,64.83386027364503,60.38370219155152
P0627,"Chicken breast strips, 200 g",P0072,"French fries, 180 g",694,1085,5580,0.022274288281927,0.0348236351381712,0.179092980710595,0.63963133640553,3.57150422014106,0.0160376196658537,2.27796449086702,0.228146206455585,1621.74339569095,0.0,0.0,1.0,0.357675077365025,0.736553256866731,356.590244956772,247473.63,694,1.43754433711244,0.0542945652648213,1.30925376072625,0.94442695393249,0.33729925685599,0.872211010904014,0.343474573059784,0.5,0.5,0.928656273672228,55.346259553118,57.637513647311486,55.34625955311804
P0612,"Sour cream, 50 g",P0018,"Hot pepper, 1 pc.",1664,2147,2461,0.0534069390506146,0.0689090734024457,0.0789870655069487,0.775034932463903,9.81217529084837,0.0479640135557525,4.09402643966166,0.702053825778267,15356.6488961505,0.0,0.0,1.0,0.374522250005325,0.727525509315056,241.119284855769,401222.49,1664,0.648219365731755,0.0880263512076785,1.28538985964402,0.798657624325503,0.678731357970996,0.512089572824142,0.345650217051134,0.5,0.5,0.916279488265469,54.8922178395801,56.98888262797161,54.89221783958013
P0009,"Borsec sparkling mineral water, 750 ml",P0535,"Grilled minced-meat rolls with mustard, 40/20/30 g",817,3139,5898,0.0262220367814616,0.100747825528774,0.189299354880123,0.26027397260274,1.3749332255652,0.0071505384032895,1.0959471684028,0.0606422530259955,114.57933322191,9.72948481658598e-27,2.39073602137282e-26,1.0,0.419491345861886,0.704477701054824,430.323696450428,351574.46,817,1.94156417412706,0.0771338039689897,1.34217947869149,0.968177838945576,0.135303031221384,0.930887296852797,0.467897763138914,0.5,0.5,0.884681597950061,54.5285778037625,56.469396862517875,54.52857780376251
P0567,"Fried Romanian cheese doughnuts, 180 g",P0072,"French fries, 180 g",947,2807,5580,0.0303944538947909,0.0900921141316558,0.179092980710595,0.337370858567866,1.88377488179194,0.0142595886364336,1.23886344255127,0.129890870253746,525.669630627061,2.4720166640284398e-116,3.37121272556879e-115,1.0,0.374097634231192,0.727750325077519,378.831467793031,358753.4,947,1.58957868898191,0.0787088300691937,1.30712613710585,0.94289219790948,0.202061690451784,0.868419413950124,0.430689019131682,0.5,0.5,0.916587704288584,54.1892795135577,55.98468501936805,54.189279513557636
P0018,"Hot pepper, 1 pc.",P0612,"Sour cream, 50 g",1664,2461,2147,0.0534069390506146,0.0789870655069487,0.0689090734024457,0.676147907354734,9.81217529084837,0.0479640135557525,2.87504990007099,0.702053825778267,15356.6488961505,0.0,0.0,1.0,0.374522250005325,0.727525509315056,241.119284855769,401222.49,1664,0.648219365731755,0.0880263512076785,1.28538985964402,0.798657624325503,0.643216239413285,0.512089572824142,0.345650217051134,0.5,0.5,0.916279488265469,54.1819154684259,55.97416495489416,54.181915468425906
P0076,"Grilled pork neck, 150 g",P0009,"Borsec sparkling mineral water, 750 ml",446,2088,3139,0.014314600250345,0.0670154379433193,0.100747825528774,0.21360153256705,2.12016022624771,0.0075629406006971,1.14350702819484,0.100486435639908,314.60854740439,2.16424850979683e-70,1.57413008279223e-69,1.0,0.486652387865051,0.672652200448875,516.916771300448,230544.88,446,2.53348855293167,0.050580476124387,1.36011173022145,0.9811132241227,0.108069265048276,0.962844015901053,0.462701363293119,0.5,0.5,0.841049740810963,54.0827902929586,55.83255756136941,54.082790292958585
P0612,"Sour cream, 50 g",P0082,"Tripe soup, 300/100 g",1455,2147,2454,0.0466989761530314,0.0689090734024457,0.078762396893154,0.67768979972054,8.60423027297998,0.0412715323641685,2.85823285241387,0.604882543588592,11399.8132516559,0.0,0.0,1.0,0.375773230528409,0.726863975697447,258.364254295533,375919.99,1455,0.76610082265907,0.0824751002012051,1.3111933454365,0.814690231481785,0.583407276939518,0.551697942848594,0.343869277787036,0.5,0.5,0.915372544470504,53.733215396208,55.33316485172571,53.733215396207996
P0535,"Grilled minced-meat rolls with mustard, 40/20/30 g",P0009,"Borsec sparkling mineral water, 750 ml",817,5898,3139,0.0262220367814616,0.189299354880123,0.100747825528774,0.138521532722957,1.3749332255652,0.0071505384032895,1.04384753494023,0.0606422530259955,114.57933322191,9.72948481658598e-27,2.39073602137282e-26,1.0,0.419491345861886,0.704477701054824,430.323696450428,351574.46,817,1.94156417412706,0.0771338039689897,1.34217947869149,0.968177838945576,0.0915758351383045,0.930887296852797,0.467897763138914,0.5,0.5,0.884681597950061,53.6540338821009,55.22004840300132,53.654033882100926
P0009,"Borsec sparkling mineral water, 750 ml",P0076,"Grilled pork neck, 150 g",446,3139,2088,0.014314600250345,0.100747825528774,0.0670154379433193,0.142083466071997,2.12016022624771,0.0075629406006971,1.08750038629629,0.100486435639908,314.60854740439,2.16424850979683e-70,1.57413008279223e-69,1.0,0.486652387865051,0.672652200448875,516.916771300448,230544.88,446,2.53348855293167,0.050580476124387,1.36011173022145,0.9811132241227,0.0823836646594892,0.962844015901053,0.462701363293119,0.5,0.5,0.841049740810963,53.5690782851829,55.098683264546935,53.569078285182854
P0597,"Assorted pickled vegetables, 180 g",P0009,"Borsec sparkling mineral water, 750 ml",232,971,3139,0.0074461597714799,0.031164746284944,0.100747825528774,0.238928939237899,2.37155430386595,0.0043063793501158,1.18156138215367,0.0823373586235575,211.227031556375,7.415935195804019e-48,3.31589561418942e-47,1.0,0.430523663547516,0.699044710326656,569.458189655172,132114.3,232,2.89264598526676,0.0289852639401062,1.35328123970689,0.976186066726601,0.0950138701293144,0.950671530701917,0.444002309954644,0.5,0.5,0.877233122017991,53.5660854358974,55.094407765567745,53.56608543589742
P0071,Product P0071,P0599,Product P0599,469,1212,2260,0.0150527971242417,0.0388997657027313,0.0725358667394165,0.386963696369637,5.3347911007915,0.0122311689030339,1.51290246233086,0.243885042001638,1853.21567152916,0.0,0.0,0.961538461538462,0.385766673084294,0.693867503248848,408.957953091684,191801.28,469,1.79551433830327,0.042080310192388,1.31690772744842,0.949948123849097,0.246153474570685,0.885850997145374,0.351229806822836,0.5,0.5,0.870135318203518,53.3660387528131,54.80862678973297,53.366038752813076
P0071,Product P0071,P0613,Product P0613,466,1212,1844,0.0149565105754726,0.0388997657027313,0.0591841319767628,0.384488448844884,6.49647863376359,0.012654261708257,1.52851049871872,0.277347349374155,2396.64480204712,0.0,0.0,0.961538461538462,0.42676259474863,0.673930242548774,375.770793991416,175109.19,466,1.56865683764585,0.0384181431570102,1.33381156166459,0.962141662746931,0.265105200665423,0.915974993564992,0.313988437929809,0.5,0.5,0.842801900219577,53.3293916454003,54.75627377914321,53.32939164540024
P0082,"Tripe soup, 300/100 g",P0612,"Sour cream, 50 g",1455,2454,2147,0.0466989761530314,0.078762396893154,0.0689090734024457,0.592909535452323,8.60423027297998,0.0412715323641685,2.28718431818859,0.604882543588592,11399.8132516559,0.0,0.0,1.0,0.375773230528409,0.726863975697447,258.364254295533,375919.99,1455,0.76610082265907,0.0824751002012051,1.3111933454365,0.814690231481785,0.552958579210815,0.551697942848594,0.343869277787036,0.5,0.5,0.915372544470504,53.1242414416339,54.463202059477055,53.124241441633934
P0082,"Tripe soup, 300/100 g",P0018,"Hot pepper, 1 pc.",1490,2454,2461,0.0478223192220047,0.078762396893154,0.0789870655069487,0.607171964140179,7.6869796370238,0.0416011086191208,2.34457027100202,0.572596592754255,10215.3476957586,0.0,0.0,1.0,0.349048655663952,0.741263108488728,257.752644295302,384051.44,1490,0.761920039495009,0.0842591025723774,1.30821877193185,0.812842025047933,0.54293163626453,0.547131970290295,0.348431907264226,0.5,0.5,0.935113346434782,53.1210437407288,54.458633915326914,53.12104374072884
P0018,"Hot pepper, 1 pc.",P0082,"Tripe soup, 300/100 g",1490,2461,2454,0.0478223192220047,0.0789870655069487,0.078762396893154,0.605444941080861,7.6869796370238,0.0416011086191208,2.33487717945,0.572596592754255,10215.3476957586,0.0,0.0,1.0,0.349048655663952,0.741263108488728,257.752644295302,384051.44,1490,0.761920039495009,0.0842591025723774,1.30821877193185,0.812842025047933,0.542311378666166,0.547131970290295,0.348431907264226,0.5,0.5,0.935113346434782,53.1086385887616,54.44091226965937,53.10863858876156
P0011,Product P0011,P0076,"Grilled pork neck, 150 g",330,1889,2088,0.0105915203646051,0.0606284302082999,0.0670154379433193,0.174695606140815,2.60679645619223,0.0065284795623798,1.13047327628292,0.109403325221984,372.920861406877,4.3275162230292494e-83,3.8384717067682197e-82,0.923076923076923,0.487017570897461,0.620757239956363,566.98996969697,187106.69,330,2.87577397133212,0.0410503389459704,1.35253418135575,0.975647178037377,0.0912811374856384,0.94934021244552,0.47620902885344,0.5,0.5,0.76990322435915,53.0356398192835,54.33662831326209,53.03563981928346
P0072,"French fries, 180 g",P0567,"Fried Romanian cheese doughnuts, 180 g",947,5580,2807,0.0303944538947909,0.179092980710595,0.0900921141316558,0.169713261648746,1.88377488179194,0.0142595886364336,1.0958959644173,0.129890870253746,525.669630627061,2.4720166640284398e-116,3.37121272556879e-115,1.0,0.374097634231192,0.727750325077519,378.831467793031,358753.4,947,1.58957868898191,0.0787088300691937,1.30712613710585,0.94289219790948,0.141847729872932,0.868419413950124,0.430689019131682,0.5,0.5,0.916587704288584,52.9850003019806,54.26428614568657,52.9850003019806
P0070,"Caru' cu Flori potatoes, 180 g",P0535,"Grilled minced-meat rolls with mustard, 40/20/30 g",1767,4003,5898,0.0567127772250217,0.128478351574285,0.189299354880123,0.441418935798151,2.33185652469702,0.0323919081559478,1.45135719249323,0.247102784041234,1902.43974869209,0.0,0.0,1.0,0.402108181943672,0.713211728508531,301.258109790606,532323.08,1767,1.05931039874158,0.116789211881002,1.35805879980644,0.843809375505842,0.351249249089562,0.623636450419912,0.475864324334235,0.5,0.5,0.896655701447364,52.9815574913478,54.2593678447826,52.98155749134782
P0076,"Grilled pork neck, 150 g",P0011,Product P0011,330,2088,1889,0.0105915203646051,0.0670154379433193,0.0606284302082999,0.158045977011494,2.60679645619223,0.0065284795623798,1.11570411702222,0.109403325221984,372.920861406877,4.3275162230292494e-83,3.8384717067682197e-82,0.923076923076923,0.487017570897461,0.620757239956363,566.98996969697,187106.69,330,2.87577397133212,0.0410503389459704,1.35253418135575,0.975647178037377,0.0853014495355059,0.94934021244552,0.47620902885344,0.5,0.5,0.76990322435915,52.9160460602808,54.165780086115454,52.91604606028081
P0076,"Grilled pork neck, 150 g",P0072,"French fries, 180 g",1205,2088,5580,0.0386750970889367,0.0670154379433193,0.179092980710595,0.577107279693487,3.22238916010931,0.0266731025540417,1.94117084516,0.278203512559676,2411.46438593768,0.0,0.0,1.0,0.292246372179348,0.773846242890603,341.391543568465,411376.81,1205,1.33365055699789,0.0902541618635447,1.33679260077725,0.830595943123709,0.371894703843171,0.590992818976629,0.433118818283477,0.5,0.5,0.979783897983022,52.7179658018958,53.88280828842251,52.71796580189575
P0011,Product P0011,P0599,Product P0599,370,1889,2260,0.0118753410148602,0.0606284302082999,0.0725358667394165,0.195870831127581,2.70033074577081,0.0074776052806509,1.15337705577962,0.120803830217487,454.691717018724,6.87194635933174e-101,7.80968070628222e-100,0.923076923076923,0.477497838842573,0.624756868544751,543.976324324324,201271.24,370,2.71845956986495,0.0441579754421168,1.33284833424609,0.961446841036978,0.106889445169797,0.914258444589482,0.466393626536253,0.5,0.5,0.775386601520714,52.5046963411178,53.57813763016826,52.50469634111778
P0613,Product P0613,P0071,Product P0071,466,1844,1212,0.0149565105754726,0.0591841319767628,0.0388997657027313,0.252711496746204,6.49647863376359,0.012654261708257,1.28611671411042,0.277347349374155,2396.64480204712,0.0,0.0,0.961538461538462,0.42676259474863,0.673930242548774,375.770793991416,175109.19,466,1.56865683764585,0.0384181431570102,1.33381156166459,0.962141662746931,0.2177777168849,0.915974993564992,0.313988437929809,0.5,0.5,0.842801900219577,52.3828419697898,53.40405995684255,52.38284196978979
P0594,Product P0594,P0072,"French fries, 180 g",446,850,5580,0.014314600250345,0.0272811888179221,0.179092980710595,0.524705882352941,2.92979590976175,0.0094287308276148,1.72715585741583,0.150952971906072,709.968319102717,2.03258796586295e-156,4.18406315237071e-155,0.923076923076923,0.57143138160342,0.587411536948597,372.903766816143,166315.08,446,1.54905869677052,0.0364887562589354,1.35502404073251,0.97744323192506,0.243623479938189,0.953777342743405,0.30619829933587,0.5,0.5,0.724187212917507,52.3138545695244,53.30550652789192,52.313854569524345
P0063,Product P0063,P0011,Product P0011,180,1031,1889,0.0057771929261482,0.0330904772603267,0.0606284302082999,0.17458777885548,2.87963548215998,0.0037709692350111,1.13806355870181,0.0883388390004015,243.141453578827,8.1235634095373e-55,4.3875285543590105e-54,0.807692307692308,0.444118869854256,0.559297662091918,600.558888888889,108100.6,180,3.10524106987591,0.0237167696690202,1.37780071494193,0.993873129389992,0.0733590432496079,0.994367213867382,0.454236762794163,0.5,0.5,0.685643889229967,52.2956992905227,53.27957041503246,52.29569929052272
P0599,Product P0599,P0011,Product P0011,370,2260,1889,0.0118753410148602,0.0725358667394165,0.0606284302082999,0.163716814159292,2.70033074577081,0.0074776052806509,1.12326970779325,0.120803830217487,454.691717018724,6.87194635933174e-101,7.80968070628222e-100,0.923076923076923,0.477497838842573,0.624756868544751,543.976324324324,201271.24,370,2.71845956986495,0.0441579754421168,1.33284833424609,0.961446841036978,0.0953413808663684,0.914258444589482,0.466393626536253,0.5,0.5,0.775386601520714,52.2737350550492,53.24819293578458,52.2737350550492
P0599,Product P0599,P0072,"French fries, 180 g",1216,2260,5580,0.0390281477677568,0.0725358667394165,0.179092980710595,0.538053097345133,3.00432264408285,0.0260374831849683,1.77705925631615,0.261810928761404,2135.65539408594,0.0,0.0,1.0,0.458715730246656,0.685534528259943,351.421620065789,427328.69,1216,1.40221316215223,0.0937539302621276,1.35945079236143,0.844674269108899,0.351328666809713,0.625773160034745,0.451158196237059,0.5,0.5,0.858711046241191,52.1523109240423,53.07472989148893,52.15231092404225
P0599,Product P0599,P0071,Product P0071,469,2260,1212,0.0150527971242417,0.0725358667394165,0.0388997657027313,0.207522123893805,5.3347911007915,0.0122311689030339,1.21277863177656,0.243885042001638,1853.21567152916,0.0,0.0,0.961538461538462,0.385766673084294,0.693867503248848,408.957953091684,191801.28,469,1.79551433830327,0.042080310192388,1.31690772744842,0.949948123849097,0.181707317821348,0.885850997145374,0.351229806822836,0.5,0.5,0.870135318203518,52.0771156178263,52.96730802546619,52.07711561782633
P0597,"Assorted pickled vegetables, 180 g",P0058,Product P0058,161,971,2522,0.005167378117277,0.031164746284944,0.0809448919985878,0.165808444902163,2.0484114662239,0.0026447510950788,1.10173149366589,0.0558036415718902,97.0243440799951,6.848016670570001e-23,1.47070594243934e-22,0.846153846153846,0.466847113155678,0.576852105829548,638.949378881988,102870.85,161,3.36766698534926,0.0225693868036471,1.35869601991706,0.980092005004958,0.0511893433026862,0.96032110591534,0.482054311592187,0.5,0.5,0.709710532856413,51.9684005447684,52.81200077824057,51.96840054476839
P0535,"Grilled minced-meat rolls with mustard, 40/20/30 g",P0070,"Caru' cu Flori potatoes, 180 g",1767,5898,4003,0.0567127772250217,0.189299354880123,0.128478351574285,0.299593082400814,2.33185652469702,0.0323919081559478,1.24430759680825,0.247102784041234,1902.43974869209,0.0,0.0,1.0,0.402108181943672,0.713211728508531,301.258109790606,532323.08,1767,1.05931039874158,0.116789211881002,1.35805879980644,0.843809375505842,0.300312718312201,0.623636450419912,0.475864324334235,0.5,0.5,0.896655701447364,51.9628268758006,52.804038394000855,51.962826875800594
P0601,Cornflake-crusted pike-perch with potatoes and sauce,P0599,Product P0599,232,952,2260,0.0074461597714799,0.0305549314760728,0.0725358667394165,0.243697478991597,3.35968245705362,0.0052298313336995,1.22631368731122,0.117154900243012,427.638257671655,5.3079193031175104e-95,5.51518091400115e-94,0.923076923076923,0.417579360239768,0.651164195083085,551.363663793103,127916.37,232,2.76895721455132,0.028064257591421,1.32343020923727,0.954653099914627,0.116109224100246,0.897474585944324,0.426746928305189,0.5,0.5,0.811590295948405,51.9225177264792,52.74645389497032,51.92251772647922
P0537,Product P0537,P0095,Product P0095,371,1610,3929,0.0119074365311166,0.0516737811727702,0.126103283371313,0.230434782608696,1.82734958557881,0.0053912030610195,1.13557200465875,0.0733632291694326,167.692064872051,2.36190418479755e-38,8.180436398774991e-38,1.0,0.345470238791209,0.743234574180114,421.305121293801,156304.2,371,1.87991588982101,0.0342924156729979,1.34782035974432,0.972246874506151,0.0962227747127335,0.940939802010249,0.339144105887943,0.5,0.5,0.937816169886524,51.9042953510838,52.720421930119635,51.90429535108374
P0613,Product P0613,P0072,"French fries, 180 g",989,1844,5580,0.0317424655775588,0.0591841319767628,0.179092980710595,0.536334056399132,2.99472404932397,0.0211430029710711,1.77047081119259,0.233682099486521,1701.40038204169,0.0,0.0,1.0,0.26808275843629,0.788592064159226,348.53646107179,344702.56,989,1.3824910775833,0.0756261410190288,1.35631361926944,0.842725033871089,0.322105059246181,0.620957596988055,0.397431151419416,0.5,0.5,1.0,51.809876153073,52.58553736153291,51.809876153073034
P0567,"Fried Romanian cheese doughnuts, 180 g",P0535,"Grilled minced-meat rolls with mustard, 40/20/30 g",878,2807,5898,0.0281798632731007,0.0900921141316558,0.189299354880123,0.312789454934093,1.65235351769779,0.0111254841881919,1.17969762097019,0.0991909365720508,306.548797017251,1.2332735405329401e-68,8.73702229039892e-68,0.961538461538462,0.49823598979719,0.641780379116791,361.379031890661,317290.79,878,1.47027905332363,0.0696121259690646,1.31082119526231,0.945557618948538,0.174953259858131,0.875004305712074,0.39077531406477,0.5,0.5,0.798725350861434,51.8019111013138,52.574158716162636,51.80191110131384
P0007,Product P0007,P0072,"French fries, 180 g",697,2157,5580,0.0223705748306962,0.0692300285650095,0.179092980710595,0.323133982382939,1.80428055360309,0.0099719626603089,1.21280578123784,0.102453297173355,327.044999614412,4.23057148403799e-73,3.22765978257724e-72,1.0,0.578635605503888,0.63345840959973,349.965193687231,243925.74,697,1.39225746672397,0.0535161746736403,1.34951248402529,0.973467484160515,0.166252586912473,0.943955304004041,0.335906031224436,0.5,0.5,0.787316167088329,51.7954401137023,52.564914448146126,51.795440113702284
P0567,"Fried Romanian cheese doughnuts, 180 g",P0070,"Caru' cu Flori potatoes, 180 g",726,2807,4003,0.0233013448021311,0.0900921141316558,0.128478351574285,0.258639116494478,2.01309491696689,0.0117264584886536,1.17557004667515,0.122396979166304,466.763656000055,1.62190705183913e-103,1.9233702103874798e-102,1.0,0.408800049574724,0.709823938678786,374.303154269972,271744.09,726,1.55862449115707,0.0596193914876282,1.30463155840435,0.9410927397486,0.154086089619217,0.863973873434794,0.372905867485489,0.5,0.5,0.892011137841,51.7394279892,52.48489712742857,51.739427989199996
P0011,Product P0011,P0165,"Honey lemonade, 500 ml",411,1889,3686,0.0131912571813718,0.0606284302082999,0.118304072921013,0.217575436739015,1.83912042389514,0.0060186669529225,1.12687659421665,0.078087978207408,189.987046533601,3.20006282798918e-43,1.2424443221836999e-42,0.884615384615385,0.596901250762181,0.553957474949167,522.997420924574,214951.94,411,2.57505405638242,0.0471594574950468,1.34865240165645,0.972847065876377,0.0966303561994055,0.942422567829036,0.457924044371718,0.5,0.5,0.678322644376871,51.7227658117719,52.461094016816986,51.722765811771886
P0072,"French fries, 180 g",P0627,"Chicken breast strips, 200 g",694,5580,1085,0.022274288281927,0.179092980710595,0.0348236351381712,0.124372759856631,3.57150422014106,0.0160376196658537,1.10226854603541,0.228146206455585,1621.74339569095,0.0,0.0,1.0,0.357675077365025,0.736553256866731,356.590244956772,247473.63,694,1.43754433711244,0.0542945652648213,1.30925376072625,0.94442695393249,0.152244954597334,0.872211010904014,0.343474573059784,0.5,0.5,0.928656273672228,51.6451735079449,52.35024786849274,51.64517350794491
P0597,"Assorted pickled vegetables, 180 g",P0599,Product P0599,238,971,2260,0.0076387328690182,0.031164746284944,0.0725358667394165,0.245108135942327,3.37913017325447,0.0053781709855257,1.22860528430563,0.119330889159419,443.671352528796,1.71959378515436e-98,1.91436410163613e-97,0.846153846153846,0.42968945703006,0.591844503009478,524.111764705882,124738.6,238,2.58267137741725,0.0273670696095678,1.3488261549858,0.972972402409671,0.118022154554708,0.942732210280816,0.402714782352048,0.5,0.5,0.730264683442343,51.5720297781749,52.245756825964094,51.572029778174866
P0601,Cornflake-crusted pike-perch with potatoes and sauce,P0072,"French fries, 180 g",351,952,5580,0.011265526205989,0.0305549314760728,0.179092980710595,0.368697478991597,2.05869307400379,0.0057933524525311,1.30033857298422,0.08778926718828,240.125610440164,3.69246911977379e-54,1.94612744428657e-53,0.923076923076923,0.522550359741112,0.60627020785958,510.086552706553,179040.38,351,2.48679922003416,0.039280627988317,1.31129941258719,0.945902579830076,0.151070843479957,0.875856527568866,0.425138597591515,0.5,0.5,0.750041914944329,51.54173852225,52.202483603214354,51.54173852225004
P0597,"Assorted pickled vegetables, 180 g",P0011,Product P0011,179,971,1889,0.0057450974098918,0.031164746284944,0.0606284302082999,0.184346035015448,3.04058730173442,0.0038556277647957,1.15167903316634,0.0929782711631003,269.350984711481,1.57166479239193e-60,9.47340490883756e-60,0.884615384615385,0.497999087630388,0.590531324030854,579.691508379888,103764.78,179,2.96259789354266,0.0227655108946348,1.35117551125405,0.974667104728417,0.0795665422089269,0.946918952703173,0.434651476895049,0.5,0.5,0.728464352371269,51.5073829598557,52.15340422836523,51.50738295985566
P0071,Product P0071,P0009,"Borsec sparkling mineral water, 750 ml",250,1212,3139,0.0080238790640947,0.0388997657027313,0.100747825528774,0.206270627062706,2.04739532570651,0.0041048122559658,1.13294556700533,0.0705304857675201,154.992036360021,1.40583412515373e-35,4.36970094171715e-35,0.846153846153846,0.408885175430414,0.600583965897254,591.81004,147952.51,250,3.04543655372054,0.0324600936685219,1.32413894288719,0.955164343175649,0.0782426621061897,0.898737606490993,0.471943300019466,0.5,0.5,0.742246238765329,51.4009337599863,52.00133394283751,51.40093375998626
P0076,"Grilled pork neck, 150 g",P0567,"Fried Romanian cheese doughnuts, 180 g",429,2088,2807,0.0137689764739866,0.0670154379433193,0.0900921141316558,0.205459770114943,2.28055221142546,0.0077314139902141,1.14520052181622,0.107992144734922,363.362384679837,5.21727444449496e-81,4.41243908445272e-80,1.0,0.389650585184502,0.719605353073148,420.079557109557,180214.13,429,1.87153829935318,0.0395381432879454,1.32748920255244,0.957581044678023,0.10758746272064,0.904708039522353,0.353023787232177,0.5,0.5,0.905421179076715,51.3605975802706,51.943710828957926,51.36059758027054
P0070,"Caru' cu Flori potatoes, 180 g",P0567,"Fried Romanian cheese doughnuts, 180 g",726,4003,2807,0.0233013448021311,0.128478351574285,0.0900921141316558,0.181363977017237,2.01309491696689,0.0117264584886536,1.11149260516661,0.122396979166304,466.763656000055,1.62190705183913e-103,1.9233702103874798e-102,1.0,0.408800049574724,0.709823938678786,374.303154269972,271744.09,726,1.55862449115707,0.0596193914876282,1.30463155840435,0.9410927397486,0.126332845580699,0.863973873434794,0.372905867485489,0.5,0.5,0.892011137841,51.1843631084296,51.69194729775663,51.184363108429636
P0570,Product P0570,P0076,"Grilled pork neck, 150 g",294,1256,2088,0.0094360817793754,0.040311968418012,0.0670154379433193,0.234076433121019,3.49287328867413,0.006734557561485,1.21811705815301,0.136931185630176,584.19841102756,4.57979992036581e-129,7.24139378712913e-128,0.923076923076923,0.468089616584126,0.628760610149052,502.805578231292,147824.84,294,2.43702865465321,0.0324320834633644,1.31979814059659,0.952033116206587,0.125740037149198,0.891001946581647,0.399830404207672,0.5,0.5,0.78087561751024,51.1402039338728,51.62886276267533,51.14020393387273
P0599,Product P0599,P0058,Product P0058,286,2260,2522,0.0091793176493243,0.0725358667394165,0.0809448919985878,0.126548672566372,1.56339293860049,0.0033079097500783,1.05221101523971,0.0467587817286829,68.1211559672628,1.53752172619e-16,2.73198078709004e-16,0.884615384615385,0.436552506325859,0.615790498934067,567.692937062937,162360.18,286,2.88057924614354,0.0356210695637274,1.33778261154377,0.965006169730845,0.0405970896778085,0.923051724844597,0.461386058922574,0.5,0.5,0.76309396352725,51.1316371041721,51.61662443453155,51.131637104172086
P0567,"Fried Romanian cheese doughnuts, 180 g",P0095,Product P0095,602,2807,3929,0.0193215007863401,0.0900921141316558,0.126103283371313,0.214463840399002,1.70069989190932,0.0079605893884752,1.11248439164477,0.0837548313844473,218.56236005685,1.86197606742446e-49,8.794008179913809e-49,0.961538461538462,0.368008238237551,0.702874759568146,384.542840531561,231494.79,602,1.62861992601191,0.0507888819674286,1.32167515502599,0.953387095911077,0.112061942702714,0.894346937737375,0.35615873173558,0.5,0.5,0.882484010712863,51.076192350642,51.5374176437743,51.076192350642
P0058,Product P0058,P0599,Product P0599,286,2522,2260,0.0091793176493243,0.0809448919985878,0.0725358667394165,0.11340206185567,1.56339293860049,0.0033079097500783,1.04609326658461,0.0467587817286829,68.1211559672628,1.53752172619e-16,2.73198078709004e-16,0.884615384615385,0.436552506325859,0.615790498934067,567.692937062937,162360.18,286,2.88057924614354,0.0356210695637274,1.33778261154377,0.965006169730845,0.0358755052484338,0.923051724844597,0.461386058922574,0.5,0.5,0.76309396352725,51.0372054155846,51.48172202226371,51.037205415584594
P0567,"Fried Romanian cheese doughnuts, 180 g",P0076,"Grilled pork neck, 150 g",429,2807,2088,0.0137689764739866,0.0900921141316558,0.0670154379433193,0.152832205201283,2.28055221142546,0.0077314139902141,1.10129842964386,0.107992144734922,363.362384679837,5.21727444449496e-81,4.41243908445272e-80,1.0,0.389650585184502,0.719605353073148,420.079557109557,180214.13,429,1.87153829935318,0.0395381432879454,1.32748920255244,0.957581044678023,0.0886863560764787,0.904708039522353,0.353023787232177,0.5,0.5,0.905421179076715,50.9825754473873,51.40367921055331,50.98257544738731
P0165,"Honey lemonade, 500 ml",P0011,Product P0011,411,3686,1889,0.0131912571813718,0.118304072921013,0.0606284302082999,0.111502984264786,1.83912042389514,0.0060186669529225,1.05725911641289,0.078087978207408,189.987046533601,3.20006282798918e-43,1.2424443221836999e-42,0.884615384615385,0.596901250762181,0.553957474949167,522.997420924574,214951.94,411,2.57505405638242,0.0471594574950468,1.34865240165645,0.972847065876377,0.0585346027760364,0.942422567829036,0.457924044371718,0.5,0.5,0.678322644376871,50.9608507433045,51.37264391900644,50.960850743304505
P0599,Product P0599,P0601,Cornflake-crusted pike-perch with potatoes and sauce,232,2260,952,0.0074461597714799,0.0725358667394165,0.0305549314760728,0.102654867256637,3.35968245705362,0.0052298313336995,1.0803480546667,0.117154900243012,427.638257671655,5.3079193031175104e-95,5.51518091400115e-94,0.923076923076923,0.417579360239768,0.651164195083085,551.363663793103,127916.37,232,2.76895721455132,0.028064257591421,1.32343020923727,0.954653099914627,0.0654539933262766,0.897474585944324,0.426746928305189,0.5,0.5,0.811590295948405,50.9094131109999,51.29916158714263,50.909413110999836
P0601,Cornflake-crusted pike-perch with potatoes and sauce,P0009,"Borsec sparkling mineral water, 750 ml",191,952,3139,0.0061302436049683,0.0305549314760728,0.100747825528774,0.20063025210084,1.99141024680022,0.0030519006995733,1.12495147187465,0.0589127844669126,108.137103822254,2.5081394515043503e-25,5.85948638456369e-25,0.846153846153846,0.519240262997043,0.556958544848343,659.95890052356,126052.15,191,3.51128179598175,0.0276552563800274,1.30960847161726,0.944682823754199,0.0668560351029989,0.872843134330823,0.513476196418064,0.5,0.5,0.682437025945492,50.8878775764926,51.26839653784662,50.887877576492635
P0601,Cornflake-crusted pike-perch with potatoes and sauce,P0058,Product P0058,123,952,2522,0.0039477484995346,0.0305549314760728,0.0809448919985878,0.129201680672269,1.59616842375332,0.0014744828711796,1.05541672233697,0.0314102918235481,30.7396966155472,2.95066432342071e-08,3.89259344238451e-08,0.730769230769231,0.444836400308046,0.505779914330389,704.9,86702.7,123,3.81848572004221,0.0190221697713256,1.34630523673364,0.971153944279233,0.0230363725891361,0.938239730561063,0.525373453961991,0.5,0.5,0.612272577537206,50.8557169176159,51.22245273945123,50.85571691761586
P0101,Product P0101,P0070,"Caru' cu Flori potatoes, 180 g",257,500,4003,0.0082485476778894,0.0160477581281895,0.128478351574285,0.514,4.00067399450412,0.0061867581671167,1.79325442062904,0.147134622018662,674.505336622268,1.04672599507518e-148,1.93555603496105e-147,0.884615384615385,0.497295235627244,0.590808922359793,441.670038910506,113509.2,257,2.01912437999824,0.0249033913938938,1.30590805434688,0.942013536931598,0.23045941929586,0.86624869219547,0.329008186358583,0.5,0.5,0.728844931793421,50.8027752749325,51.1468218213321,50.802775274932465
P0011,Product P0011,P0082,"Tripe soup, 300/100 g",287,1889,2454,0.0092114131655807,0.0606284302082999,0.078762396893154,0.151932239280042,1.92899461257061,0.0044361726825057,1.0862782972964,0.0690090875163005,148.377552857899,3.9228394359218e-34,1.16616289498384e-33,0.923076923076923,0.399750642736801,0.659458116962974,496.695818815331,142551.7,287,2.39526416536579,0.031275181033475,1.33921680245205,0.966040719786376,0.0603564795393634,0.925607568757497,0.391605825190447,0.5,0.5,0.822961027207806,50.7810077418242,51.11572534546315,50.7810077418242
P0095,Product P0095,P0567,"Fried Romanian cheese doughnuts, 180 g",602,3929,2807,0.0193215007863401,0.126103283371313,0.0900921141316558,0.153219648765589,1.70069989190932,0.0079605893884752,1.07455007020641,0.0837548313844473,218.56236005685,1.86197606742446e-49,8.794008179913809e-49,0.961538461538462,0.368008238237551,0.702874759568146,384.542840531561,231494.79,602,1.62861992601191,0.0507888819674286,1.32167515502599,0.953387095911077,0.0900661882098412,0.894346937737375,0.35615873173558,0.5,0.5,0.882484010712863,50.6362772607846,50.9089675154065,50.636277260784546
P0535,"Grilled minced-meat rolls with mustard, 40/20/30 g",P0567,"Fried Romanian cheese doughnuts, 180 g",878,5898,2807,0.0281798632731007,0.189299354880123,0.0900921141316558,0.148864021702272,1.65235351769779,0.0111254841881919,1.06905113761982,0.0991909365720508,306.548797017251,1.2332735405329401e-68,8.73702229039892e-68,0.961538461538462,0.49823598979719,0.641780379116791,361.379031890661,317290.79,878,1.47027905332363,0.0696121259690646,1.31082119526231,0.945557618948538,0.116079699960611,0.875004305712074,0.39077531406477,0.5,0.5,0.798725350861434,50.6244399033634,50.89205700480491,50.62443990336344
P0082,"Tripe soup, 300/100 g",P0009,"Borsec sparkling mineral water, 750 ml",335,2454,3139,0.010751997945887,0.078762396893154,0.100747825528774,0.136511817440913,1.35498524880743,0.0028168577254674,1.04141804443246,0.034742497318085,37.6077801726354,8.649877854024541e-10,1.20063826192631e-09,0.961538461538462,0.411644426929442,0.681147775739791,498.890149253731,167128.2,335,2.41026395240294,0.0366671510111687,1.32672835536565,0.957032209446394,0.0423591756601031,0.903352148448312,0.408667905818959,0.5,0.5,0.852696933167725,50.6145539302247,50.87793418603533,50.61455393022473
P0594,Product P0594,P0076,"Grilled pork neck, 150 g",302,850,2088,0.0096928459094264,0.0272811888179221,0.0670154379433193,0.355294117647059,5.30167568176696,0.007864585093179,1.44714758713171,0.193074915706552,1161.46824925064,1.4435688286861101e-254,4.4998102631329994e-253,0.846153846153846,0.482971995895994,0.570579787410355,401.770364238411,121334.65,302,1.74638212912319,0.0266202587859937,1.33905811006322,0.965926247425174,0.202655606897005,0.925324766116863,0.301583697729059,0.5,0.5,0.701111362506018,50.6023950399187,50.86056434274102,50.60239503991871
P0101,Product P0101,P0072,"French fries, 180 g",234,500,5580,0.0075103508039926,0.0160477581281895,0.179092980710595,0.468,2.61316774193548,0.0046363099670925,1.54305830693497,0.0962259044713327,288.495895107646,1.05752354724955e-64,6.82697153875301e-64,0.807692307692308,0.530281181400147,0.527806469496868,496.949658119658,116286.22,234,2.39699933498288,0.0255126566866513,1.32374244508097,0.95487833046627,0.184130926204862,0.898031015409809,0.375474592028361,0.5,0.5,0.642470358875816,50.5774342616188,50.82490608802686,50.5774342616188
P0599,Product P0599,P0597,"Assorted pickled vegetables, 180 g",238,2260,971,0.0076387328690182,0.0725358667394165,0.031164746284944,0.105309734513274,3.37913017325447,0.0053781709855257,1.08287224203562,0.119330889159419,443.671352528796,1.71959378515436e-98,1.91436410163613e-97,0.846153846153846,0.42968945703006,0.591844503009478,524.111764705882,124738.6,238,2.58267137741725,0.0273670696095678,1.3488261549858,0.972972402409671,0.0678137799428717,0.942732210280816,0.402714782352048,0.5,0.5,0.730264683442343,50.5678622859381,50.811231837054486,50.56786228593814
P0570,Product P0570,P0095,Product P0095,287,1256,3929,0.0092114131655807,0.040311968418012,0.126103283371313,0.228503184713376,1.81203199952015,0.0041279415889087,1.1327288710894,0.0632205471755999,124.529468641524,6.45139102628922e-29,1.67184503792911e-28,0.884615384615385,0.506271228264753,0.587288243986758,475.314982578397,136415.4,287,2.24911115913764,0.0299289053077158,1.35895887766202,0.980281616787515,0.0849590922172699,0.960789539624926,0.370485119785325,0.5,0.5,0.724018181769692,50.5648568502473,50.80693835749619,50.56485685024733
P0071,Product P0071,P0011,Product P0011,222,1212,1889,0.0071252046089161,0.0388997657027313,0.0606284302082999,0.183168316831683,3.02116212150596,0.0047667728788888,1.1500185278662,0.103302244447655,332.487367477758,2.76084145890361e-74,2.13622555437152e-73,0.884615384615385,0.406395949583172,0.628994547998782,568.434189189189,126192.39,222,2.88564622413375,0.0276860243848154,1.30340462408382,0.940207693718738,0.0862246214852153,0.861787377483278,0.439490236364446,0.5,0.5,0.78119633965583,50.5620081032171,50.80286871888154,50.562008103217075
P0601,Cornflake-crusted pike-perch with potatoes and sauce,P0076,"Grilled pork neck, 150 g",198,952,2088,0.006354912218763,0.0305549314760728,0.0670154379433193,0.207983193277311,3.103511663286,0.0043072601045659,1.17798581310074,0.100086195199125,312.107348248262,7.588535928853959e-70,5.41117169828736e-69,0.807692307692308,0.46491491731278,0.55135782846278,560.061767676768,110892.23,198,2.82841485301759,0.0243292403279354,1.33882028762276,0.965754694797447,0.0925968981676587,0.924900947339826,0.42319779762351,0.5,0.5,0.674758602902375,50.5614988916437,50.80214127377663,50.56149889164364
P0076,"Grilled pork neck, 150 g",P0058,Product P0058,282,2088,2522,0.0090509355842988,0.0670154379433193,0.0809448919985878,0.135057471264368,1.66851135296745,0.0036263781977388,1.06256205177572,0.0531719926023161,88.0889646614996,6.25757632265062e-21,1.2666077491673201e-20,0.884615384615385,0.433939135010885,0.616912784522524,562.640070921986,158664.5,282,2.84603936340066,0.0348102545328172,1.32161646930057,0.953344763108554,0.0463720134862841,0.894242355039742,0.454998002147366,0.5,0.5,0.764632585183862,50.5585732653064,50.79796180758066,50.558573265306464
P0082,"Tripe soup, 300/100 g",P0011,Product P0011,287,2454,1889,0.0092114131655807,0.078762396893154,0.0606284302082999,0.116951915240424,1.92899461257061,0.0044361726825057,1.06378303288825,0.0690090875163005,148.377552857899,3.9228394359218e-34,1.16616289498384e-33,0.923076923076923,0.399750642736801,0.659458116962974,496.695818815331,142551.7,287,2.39526416536579,0.031275181033475,1.33921680245205,0.966040719786376,0.0477933515245133,0.925607568757497,0.391605825190447,0.5,0.5,0.822961027207806,50.5297451815272,50.75677883075315,50.529745181527204
P0095,Product P0095,P0072,"French fries, 180 g",1175,3929,5580,0.0377122316012453,0.126103283371313,0.179092980710595,0.299058284550776,1.66984927809114,0.0151280187048841,1.17114875772987,0.118850916434087,440.109460286838,1.02476302638569e-97,1.11801646178678e-96,1.0,0.366244211053235,0.731933567886155,381.562689361702,448336.16,1175,1.60824850331999,0.098362871630805,1.35774493949263,0.843614363128298,0.201278636070272,0.623154674603053,0.488618381435512,0.5,0.5,0.92232281132946,50.4842619554713,50.691802793530485,50.48426195547134
P0063,Product P0063,P0072,"French fries, 180 g",250,1031,5580,0.0080238790640947,0.0330904772603267,0.179092980710595,0.242483026188167,1.35395047436285,0.0020976068584066,1.08368135324888,0.030583937196491,29.143547870273,6.72091918352124e-08,8.76048127744525e-08,0.769230769230769,0.360021113604802,0.565602078920588,515.13424,128783.56,250,2.52130370172336,0.0282545150505774,1.35668634723754,0.978642332600682,0.0720315721471679,0.956739707054688,0.39796494681864,0.5,0.5,0.69428706558781,50.477595176288,50.68227882326859,50.47759517628801
P0076,"Grilled pork neck, 150 g",P0570,Product P0570,294,2088,1256,0.0094360817793754,0.0670154379433193,0.040311968418012,0.140804597701149,3.49287328867413,0.006734557561485,1.11696132103857,0.136931185630176,584.19841102756,4.57979992036581e-129,7.24139378712913e-128,0.923076923076923,0.468089616584126,0.628760610149052,502.805578231292,147824.84,294,2.43702865465321,0.0324320834633644,1.31979814059659,0.952033116206587,0.0922416050811393,0.891001946581647,0.399830404207672,0.5,0.5,0.78087561751024,50.4702352925116,50.67176470358794,50.47023529251155
P0076,"Grilled pork neck, 150 g",P0599,Product P0599,837,2088,2260,0.0268639471065892,0.0670154379433193,0.0725358667394165,0.400862068965517,5.52639800122063,0.022002924230449,1.54799769004644,0.339258533270679,3586.05705163248,0.0,0.0,1.0,0.369707228077411,0.730083027599737,378.897956989247,317137.59,837,1.59003318925501,0.0695785146004571,1.33699047595216,0.830718889882558,0.316742106952043,0.591296557518361,0.404858520794846,0.5,0.5,0.919785773172327,50.4558014370283,50.651144910040394,50.45580143702827
P0009,"Borsec sparkling mineral water, 750 ml",P0082,"Tripe soup, 300/100 g",335,3139,2454,0.010751997945887,0.100747825528774,0.078762396893154,0.10672188595094,1.35498524880743,0.0028168577254674,1.0312998702398,0.034742497318085,37.6077801726354,8.649877854024541e-10,1.20063826192631e-09,0.961538461538462,0.411644426929442,0.681147775739791,498.890149253731,167128.2,335,2.41026395240294,0.0366671510111687,1.32672835536565,0.957032209446394,0.0316601689145318,0.903352148448312,0.408667905818959,0.5,0.5,0.852696933167725,50.4005737953133,50.57224827901901,50.4005737953133
P0058,Product P0058,P0076,"Grilled pork neck, 150 g",282,2522,2088,0.0090509355842988,0.0809448919985878,0.0670154379433193,0.111816019032514,1.66851135296745,0.0036263781977388,1.05044065424417,0.0531719926023161,88.0889646614996,6.25757632265062e-21,1.2666077491673201e-20,0.884615384615385,0.433939135010885,0.616912784522524,562.640070921986,158664.5,282,2.84603936340066,0.0348102545328172,1.32161646930057,0.953344763108554,0.0380248827018721,0.894242355039742,0.454998002147366,0.5,0.5,0.764632585183862,50.3916306496182,50.55947235659745,50.391630649618214
P0601,Cornflake-crusted pike-perch with potatoes and sauce,P0095,Product P0095,197,952,3929,0.0063228167025066,0.0305549314760728,0.126103283371313,0.206932773109244,1.64097847079784,0.0024697395201884,1.10192009831856,0.0432270541653424,58.2192913454716,2.34468528459555e-14,3.8122975342678805e-14,0.807692307692308,0.623017838864386,0.497648447448639,607.304060913706,119638.9,197,3.15134904984584,0.0262482191103004,1.34750912954508,0.972022369373647,0.061522819911782,0.940385164684334,0.466872417274014,0.5,0.5,0.601124567464759,50.3868537120502,50.55264816007169,50.38685371205018
P0072,"French fries, 180 g",P0007,Product P0007,697,5580,2157,0.0223705748306962,0.179092980710595,0.0692300285650095,0.124910394265233,1.80428055360309,0.0099719626603089,1.06362818771396,0.102453297173355,327.044999614412,4.23057148403799e-73,3.22765978257724e-72,1.0,0.578635605503888,0.63345840959973,349.965193687231,243925.74,697,1.39225746672397,0.0535161746736403,1.34951248402529,0.973467484160515,0.0950608989719851,0.943955304004041,0.335906031224436,0.5,0.5,0.787316167088329,50.3716063548925,50.53086622127504,50.37160635489253
P0071,Product P0071,P0070,"Caru' cu Flori potatoes, 180 g",299,1212,4003,0.0095965593606573,0.0388997657027313,0.128478351574285,0.246699669966997,1.92016528033018,0.0045987815865444,1.15693782901639,0.071077293434266,157.404592017948,4.1758212817046096e-36,1.3399473583352102e-35,0.884615384615385,0.381335901512424,0.640405699762686,475.79508361204,142262.73,299,2.2523929863114,0.0312117823573228,1.32321224280955,0.954495870372449,0.0960505580943103,0.897086152184009,0.374510614802971,0.5,0.5,0.796840704522857,50.3213535468544,50.45907649550625,50.321353546854375
P0071,Product P0071,P0570,Product P0570,352,1212,1256,0.0112976217222454,0.0388997657027313,0.040311968418012,0.29042904290429,7.2045363772046,0.0097294955957688,1.35249057474113,0.255829398417066,2039.1845568594,0.0,0.0,0.961538461538462,0.397695358365519,0.687945664113026,351.016619318182,123557.85,352,1.39944469808789,0.0271080185424443,1.29789840569151,0.93623579673442,0.219174921630804,0.851974852051803,0.261890242622243,0.5,0.5,0.862016644993187,50.2809667760289,50.40138110861266,50.28096677602886
P0599,Product P0599,P0076,"Grilled pork neck, 150 g",837,2260,2088,0.0268639471065892,0.0725358667394165,0.0670154379433193,0.370353982300885,5.52639800122063,0.022002924230449,1.48176044290098,0.339258533270679,3586.05705163248,0.0,0.0,1.0,0.369707228077411,0.730083027599737,378.897956989247,317137.59,837,1.59003318925501,0.0695785146004571,1.33699047595216,0.830718889882558,0.30578517591213,0.591296557518361,0.404858520794846,0.5,0.5,0.919785773172327,50.23666281623,50.33808973747145,50.23666281623001
P0605,Product P0605,P0070,"Caru' cu Flori potatoes, 180 g",272,480,4003,0.008729980421735,0.0154058478030619,0.128478351574285,0.566666666666667,4.41060038304605,0.0067506624913933,2.01120380405934,0.163802641226447,835.982978383392,8.10823166190925e-184,1.92306103111804e-182,0.961538461538462,0.495388680400837,0.643002367304748,380.611985294118,103526.46,272,1.60174977445967,0.0227132245932866,1.28444637810623,0.926532209990827,0.259433620980946,0.828002253549381,0.273383319971425,0.5,0.5,0.800400661949318,50.2203905095282,50.314843585040315,50.220390509528215
P0601,Cornflake-crusted pike-perch with potatoes and sauce,P0070,"Caru' cu Flori potatoes, 180 g",267,952,4003,0.0085695028404531,0.0305549314760728,0.128478351574285,0.28046218487395,2.18295285888525,0.0046438556119421,1.21122424715515,0.0806347753907613,202.581785891238,5.70750138627337e-46,2.3676365066251902e-45,0.923076923076923,0.379118380289721,0.66932392191235,497.972284644195,132958.6,267,2.4039897042628,0.0291704994395535,1.29381910181193,0.933293200995745,0.110850723797102,0.844705203409276,0.38667215892674,0.5,0.5,0.836486765496833,50.2094293776307,50.29918482518669,50.209429377630684
P0570,Product P0570,P0071,Product P0071,352,1256,1212,0.0112976217222454,0.040311968418012,0.0388997657027313,0.280254777070064,7.2045363772046,0.0097294955957688,1.33533395384665,0.255829398417066,2039.1845568594,0.0,0.0,0.961538461538462,0.397695358365519,0.687945664113026,351.016619318182,123557.85,352,1.39944469808789,0.0271080185424443,1.29789840569151,0.93623579673442,0.215520850159432,0.851974852051803,0.261890242622243,0.5,0.5,0.862016644993187,50.2078853466014,50.29697906657346,50.20788534660142
P0072,"French fries, 180 g",P0076,"Grilled pork neck, 150 g",1205,5580,2088,0.0386750970889367,0.179092980710595,0.0670154379433193,0.21594982078853,3.22238916010931,0.0266731025540417,1.18995516714886,0.278203512559676,2411.46438593768,0.0,0.0,1.0,0.292246372179348,0.773846242890603,341.391543568465,411376.81,1205,1.33365055699789,0.0902541618635447,1.33679260077725,0.830595943123709,0.242185574087767,0.590992818976629,0.433118818283477,0.5,0.5,0.979783897983022,50.1237832067877,50.17683315255383,50.12378320678768
P0089,Product P0089,P0018,"Hot pepper, 1 pc.",563,1128,2461,0.0180697756523414,0.0362037423371955,0.0789870655069487,0.499113475177305,6.3189266745629,0.0152101482847566,1.83876564620914,0.301893139035161,2839.63238567285,0.0,0.0,1.0,0.370375057512756,0.729727233809268,275.495612788632,155104.03,563,0.883205669110942,0.0340291039480521,1.24287090161217,0.896541843110537,0.32178324148022,0.753911400016668,0.220390420387851,0.5,0.5,0.919297989994022,50.114681137635,50.163830196621426,50.114681137634996
P0613,Product P0613,P0567,"Fried Romanian cheese doughnuts, 180 g",399,1844,2807,0.0128061109862952,0.0591841319767628,0.0900921141316558,0.216377440347072,2.40173562839106,0.0074740874134617,1.16115580729497,0.110626993852055,381.309702918716,6.45386109783346e-85,5.86763538144692e-84,0.961538461538462,0.484319353656588,0.647797564028073,404.39,161351.61,399,1.76428917623474,0.0353997939890767,1.3319817751932,0.960821750812855,0.110867408447604,0.912714166440935,0.328593685798152,0.5,0.5,0.80697474042106,50.1132526179444,50.16178945420631,50.11325261794441
P0011,Product P0011,P0071,Product P0071,222,1889,1212,0.0071252046089161,0.0606284302082999,0.0388997657027313,0.117522498676548,3.02116212150596,0.0047667728788888,1.08909318691514,0.103302244447655,332.487367477758,2.76084145890361e-74,2.13622555437152e-73,0.884615384615385,0.406395949583172,0.628994547998782,568.434189189189,126192.39,222,2.88564622413375,0.0276860243848154,1.30340462408382,0.940207693718738,0.0626480297935985,0.861787377483278,0.439490236364446,0.5,0.5,0.78119633965583,50.0904762693848,50.12925181340678,50.090476269384745
P0627,"Chicken breast strips, 200 g",P0095,Product P0095,294,1085,3929,0.0094360817793754,0.0348236351381712,0.126103283371313,0.270967741935484,2.14877626253089,0.0050447070495274,1.19870788564112,0.0828900323684617,214.072190369552,1.77610593872633e-48,8.2107270302984e-48,0.961538461538462,0.460532537634384,0.658347853787537,453.507414965986,133331.18,294,2.10004114476786,0.0292522417614581,1.31431782233724,0.948079902218957,0.110206260787523,0.881235577276794,0.350917390894556,0.5,0.5,0.821438887937877,50.0615734585562,50.08796208365176,50.06157345855623
P0570,Product P0570,P0011,Product P0011,216,1256,1889,0.0069326315113778,0.040311968418012,0.0606284302082999,0.171974522292994,2.83653265806395,0.0044885801475872,1.13447181890228,0.0956246975552154,284.902187255176,6.41736960526465e-64,4.07055246473473e-63,0.884615384615385,0.416216516254191,0.624632868253182,496.35625,107212.95,216,2.39294297443425,0.023522023380871,1.33115373789645,0.960224448162007,0.0776733200213459,0.911238537169864,0.369350916269485,0.5,0.5,0.775216600643935,49.9174214756532,49.88203067950464,49.91742147565324
P0072,"French fries, 180 g",P0599,Product P0599,1216,5580,2260,0.0390281477677568,0.179092980710595,0.0725358667394165,0.217921146953405,3.00432264408285,0.0260374831849683,1.18589593574566,0.261810928761404,2135.65539408594,0.0,0.0,1.0,0.458715730246656,0.685534528259943,351.421620065789,427328.69,1216,1.40221316215223,0.0937539302621276,1.35945079236143,0.844674269108899,0.236353783505036,0.625773160034745,0.451158196237059,0.5,0.5,0.858711046241191,49.8528132579487,49.78973322564101,49.8528132579487
P0072,"French fries, 180 g",P0095,Product P0095,1175,5580,3929,0.0377122316012453,0.179092980710595,0.126103283371313,0.210573476702509,1.66984927809114,0.0151280187048841,1.10700197021296,0.118850916434087,440.109460286838,1.02476302638569e-97,1.11801646178678e-96,1.0,0.366244211053235,0.731933567886155,381.562689361702,448336.16,1175,1.60824850331999,0.098362871630805,1.35774493949263,0.843614363128298,0.169499457378041,0.623154674603053,0.488618381435512,0.5,0.5,0.92232281132946,49.8486783816267,49.78382625946674,49.84867838162672
P0091,Product P0091,P0070,"Caru' cu Flori potatoes, 180 g",218,606,4003,0.0069968225438906,0.0194498828513657,0.128478351574285,0.35973597359736,2.79997345225404,0.0044979336568342,1.3611910282113,0.0973342271722403,295.179915585073,3.69771449699414e-66,2.49025093593864e-65,0.846153846153846,0.428371350470924,0.592390659386213,368.231513761468,80274.47,218,1.51712057132807,0.0176118459591591,1.37063546197514,0.988704491929042,0.14563713491391,0.981598154968851,0.248901168450841,0.5,0.5,0.731013448318044,49.8328636498525,49.76123378550354,49.83286364985248
P0613,Product P0613,P0070,"Caru' cu Flori potatoes, 180 g",873,1844,4003,0.0280193856918189,0.0591841319767628,0.128478351574285,0.473427331887202,3.68488018476381,0.0204155059760894,1.65508333645419,0.258553917411008,2082.84944459468,0.0,0.0,1.0,0.373517225524437,0.728057851344514,311.155498281787,271638.75,873,1.12696598834361,0.0595962803807802,1.37849971460509,0.856510029964595,0.303868322129153,0.65501326995097,0.321733405727535,0.5,0.5,0.917009314063531,49.7823930967885,49.6891329954121,49.78239309678847
P0020,Product P0020,P0070,"Caru' cu Flori potatoes, 180 g",309,572,4003,0.0099175145232211,0.0183586352986488,0.128478351574285,0.54020979020979,4.20467560169034,0.0075588273228972,1.89547674106277,0.168268852905666,882.191974480584,7.29649617583616e-194,1.89535174472315e-192,0.884615384615385,0.48652301682872,0.59509027078678,329.128802588997,101700.8,309,1.24982612474063,0.0223126832668375,1.31627376894004,0.949490819451009,0.253127458180312,0.884721231933971,0.230581192562341,0.5,0.5,0.734714538849786,49.7157430420303,49.59391863147191,49.71574304203033
P0600,Product P0600,P0072,"French fries, 180 g",244,540,5580,0.0078313059665564,0.0173315787784447,0.179092980710595,0.451851851851852,2.5230014602416,0.0047273418627043,1.49760064329824,0.0944731030307128,278.081434333613,1.96648158259246e-62,1.21899511739112e-61,0.923076923076923,0.504578497542115,0.613511973343275,373.838032786885,91216.48,244,1.55544505971383,0.0200124721433442,1.33451224554241,0.962647099324813,0.177886964540602,0.917223668768313,0.260244401211294,0.5,0.5,0.759970169677276,49.7068023871769,49.581146267395624,49.706802387176936
P0605,Product P0605,P0072,"French fries, 180 g",211,480,5580,0.0067721539300959,0.0154058478030619,0.179092980710595,0.439583333333333,2.45449783452808,0.0040130747266718,1.46481549910377,0.0849805528772945,225.006331402921,7.31862470776014e-51,3.5805468861732297e-50,0.923076923076923,0.513089669286008,0.610060951319892,414.20355450237,87396.95,211,1.83137170174549,0.0191744849975382,1.32263474857523,0.954079296338454,0.166905967415954,0.896057010864684,0.290537523777721,0.5,0.5,0.755238916529919,49.6223992064664,49.460570294951964,49.62239920646637
P0076,"Grilled pork neck, 150 g",P0070,"Caru' cu Flori potatoes, 180 g",907,2088,4003,0.0291106332445357,0.0670154379433193,0.128478351574285,0.434386973180077,3.38101297111458,0.0205006002475493,1.54084437079839,0.245012279459207,1870.38639934216,0.0,0.0,1.0,0.412961103431119,0.707733565751868,353.881036383682,320970.1,907,1.41902499703293,0.0704193494979898,1.35090898495499,0.839366945762998,0.285610491328491,0.612661479266,0.386995469752886,0.5,0.5,0.889145295947607,49.5968017664236,49.4240025234623,49.59680176642361
P0567,"Fried Romanian cheese doughnuts, 180 g",P0613,Product P0613,399,2807,1844,0.0128061109862952,0.0900921141316558,0.0591841319767628,0.14214463840399,2.40173562839106,0.0074740874134617,1.09670686941081,0.110626993852055,381.309702918716,6.45386109783346e-85,5.86763538144692e-84,0.961538461538462,0.484319353656588,0.647797564028073,404.39,161351.61,399,1.76428917623474,0.0353997939890767,1.3319817751932,0.960821750812855,0.0842068151193174,0.912714166440935,0.328593685798152,0.5,0.5,0.80697474042106,49.5800407513787,49.40005821625527,49.58004075137868
P0011,Product P0011,P0570,Product P0570,216,1889,1256,0.0069326315113778,0.0606284302082999,0.040311968418012,0.114346214928534,2.83653265806395,0.0044885801475872,1.08359276249753,0.0956246975552154,284.902187255176,6.41736960526465e-64,4.07055246473473e-63,0.884615384615385,0.416216516254191,0.624632868253182,496.35625,107212.95,216,2.39294297443425,0.023522023380871,1.33115373789645,0.960224448162007,0.0569762046407436,0.911238537169864,0.369350916269485,0.5,0.5,0.775216600643935,49.5034791680412,49.290684525773145,49.503479168041196
P0009,"Borsec sparkling mineral water, 750 ml",P0072,"French fries, 180 g",799,3139,5580,0.0256443174888468,0.100747825528774,0.179092980710595,0.254539662312838,1.42127101410056,0.0076010891147877,1.10120817673053,0.0658614015318183,135.15047326504,3.06071476150421e-31,8.47522793096724e-31,1.0,0.347125136145234,0.742321535816246,462.254205256571,369341.11,799,2.15983158896049,0.08103172447859,1.35320980738748,0.840796527118528,0.133994682089838,0.616193243423753,0.504790451842363,0.5,0.5,0.936564420229919,49.4652117494183,49.23601678488324,49.465211749418266
P0091,Product P0091,P0072,"French fries, 180 g",217,606,5580,0.0069647270276342,0.0194498828513657,0.179092980710595,0.358085808580858,1.99944077741107,0.0034813895333112,1.278842297402,0.0657465486380243,134.679517951452,3.8800441921212304e-31,1.07167802876057e-30,0.769230769230769,0.440453312449383,0.534019924549134,430.319815668203,93379.4,217,1.94153764625966,0.0204870067477082,1.35910930774222,0.980390129152863,0.128037265608702,0.961057618164931,0.307301787822763,0.5,0.5,0.650988829222516,49.4378217241531,49.196888177361544,49.437821724153075
P0101,Product P0101,P0009,"Borsec sparkling mineral water, 750 ml",119,500,3139,0.0038193664345091,0.0160477581281895,0.100747825528774,0.238,2.36233386428799,0.0022025896984823,1.180120963873,0.0582345628719413,105.661622196592,8.74650288942092e-25,2.00893361102278e-24,0.653846153846154,0.546841368484313,0.422697612804881,661.688151260504,78740.89,119,3.52310243718239,0.0172753856284207,1.33010233724891,0.95946602291191,0.0767540697745822,0.909364856386138,0.48544894086058,0.5,0.5,0.498369102590115,49.4150483663272,49.164354809038784,49.41504836632715
P0601,Cornflake-crusted pike-perch with potatoes and sauce,P0011,Product P0011,171,952,1889,0.0054883332798408,0.0305549314760728,0.0606284302082999,0.179621848739496,2.96266698844705,0.0036358357493243,1.14504703513662,0.0885207587406052,244.143906750683,4.9111181425470896e-55,2.66568651418849e-54,0.769230769230769,0.444103250735393,0.532670201274769,639.411988304094,109339.45,171,3.37082924509444,0.0239885676063533,1.28694163132285,0.928332154711516,0.0750747718780243,0.832448996105077,0.486452069350271,0.5,0.5,0.649138396960238,49.3709007162698,49.10128673752832,49.37090071626982
P0621,Product P0621,P0072,"French fries, 180 g",243,633,5580,0.0077992104503,0.0203164617902879,0.179092980710595,0.383886255924171,2.14350252255007,0.0041606747507845,1.3323952390005,0.0769149137347027,184.321819520226,5.5188944681666195e-42,2.10074763206413e-41,0.769230769230769,0.475536307004552,0.521322833995434,444.349382716049,107976.9,243,2.03743957345277,0.0236896304634279,1.34041753201794,0.96690686308145,0.144437136913771,0.927747365721964,0.327735650483905,0.5,0.5,0.63358147880938,49.3342178504866,49.04888264355228,49.334217850486596
P0599,Product P0599,P0567,"Fried Romanian cheese doughnuts, 180 g",445,2260,2807,0.0142825047340886,0.0725358667394165,0.0900921141316558,0.196902654867257,2.1855703661201,0.0077475951491625,1.13299824907022,0.1043277522767,339.121508691895,9.91268018351728e-76,7.83676382624446e-75,0.846153846153846,0.495829025165317,0.565675509646118,440.742314606742,196130.33,445,2.01278273393522,0.0430300836602103,1.31676425607195,0.949844631127427,0.103830183262158,0.885595319576855,0.379646261575721,0.5,0.5,0.694387737026277,49.3253126585574,49.03616094079635,49.32531265855744
P0063,Product P0063,P0076,"Grilled pork neck, 150 g",127,1031,2088,0.0040761305645601,0.0330904772603267,0.0670154379433193,0.123181377303589,1.83810448881605,0.0018585577392058,1.06405650827482,0.0415534382797889,53.7984252716,2.22150704470792e-13,3.49735091742618e-13,0.692307692307692,0.61120245800789,0.429683860564407,628.146062992126,79774.55,127,3.29381874681273,0.0175021658325646,1.36724268421287,0.986257120102813,0.0265291493489591,0.97555195125814,0.458945427169613,0.5,0.5,0.50794704978272,49.3000010533614,49.00000150480206,49.300001053361434
P0072,"French fries, 180 g",P0613,Product P0613,989,5580,1844,0.0317424655775588,0.179092980710595,0.0591841319767628,0.177240143369176,2.99472404932397,0.0211430029710711,1.14348781171197,0.233682099486521,1701.40038204169,0.0,0.0,1.0,0.26808275843629,0.788592064159226,348.53646107179,344702.56,989,1.3824910775833,0.0756261410190288,1.35631361926944,0.842725033871089,0.193137048725772,0.620957596988055,0.397431151419416,0.5,0.5,1.0,49.2305159426649,48.900737060949794,49.23051594266485
P0140,Product P0140,P0076,"Grilled pork neck, 150 g",140,931,2088,0.004493372275893,0.0298809256346888,0.0670154379433193,0.150375939849624,2.24389997983464,0.0024908889583326,1.09811457304016,0.0585086615792192,106.658620239867,5.28854803106e-25,1.22241650463696e-24,0.807692307692308,0.442834650932659,0.559795474256325,540.740642857143,75703.69,140,2.69634141843324,0.0166090380518231,1.34213637864876,0.96814674883662,0.0462689226733534,0.930810489099222,0.385674079287493,0.5,0.5,0.68632637556407,49.1183335768421,48.7404765383458,49.11833357684206
P0020,Product P0020,P0072,"French fries, 180 g",282,572,5580,0.0090509355842988,0.0183586352986488,0.179092980710595,0.493006993006993,2.75279908263779,0.0057630328668851,1.61916832770186,0.111961370761333,390.563854546669,6.23915347173778e-87,5.81787729715036e-86,0.884615384615385,0.552235641224415,0.56989761162654,368.226560283688,103839.89,282,1.51708671083446,0.0227819896798574,1.31844114594802,0.951054251481583,0.203647742404908,0.888583672631945,0.263554440661601,0.5,0.5,0.700176118887647,49.1174783028456,48.73925471835078,49.11747830284554
P0058,Product P0058,P0009,"Borsec sparkling mineral water, 750 ml",455,2522,3139,0.0146034598966524,0.0809448919985878,0.100747825528774,0.180412371134021,1.79073215910248,0.0064484380401332,1.09720076633596,0.0785471517992637,192.227942572831,1.03760922993488e-43,4.08675693089875e-43,1.0,0.308837067536788,0.764037040822801,504.897846153846,229728.52,455,2.4513307728364,0.0504013705311988,1.3967879056524,0.867873121952191,0.0866761274083585,0.683085656910832,0.452466391564255,0.5,0.5,0.966335760636493,49.1079211240339,48.72560160576263,49.10792112403384
P0076,"Grilled pork neck, 150 g",P0594,Product P0594,302,2088,850,0.0096928459094264,0.0670154379433193,0.0272811888179221,0.14463601532567,5.30167568176696,0.007864585093179,1.13719869974702,0.193074915706552,1161.46824925064,1.4435688286861101e-254,4.4998102631329994e-253,0.846153846153846,0.482971995895994,0.570579787410355,401.770364238411,121334.65,302,1.74638212912319,0.0266202587859937,1.33905811006322,0.965926247425174,0.12699808286059,0.925324766116863,0.301583697729059,0.5,0.5,0.701111362506018,49.0892445591904,48.69892079884345,49.08924455919041
P0049,Product P0049,P0072,"French fries, 180 g",312,831,5580,0.0100138010719902,0.0266713740090509,0.179092980710595,0.375451263537906,2.09640412509866,0.0052371452010622,1.31440025631887,0.0847726784414916,223.906883215073,1.27123544071519e-50,6.19159761526905e-50,0.846153846153846,0.555091825925499,0.544118252084738,428.642275641026,133736.39,312,1.93007048401572,0.0293411429538436,1.31963833187516,0.951917838581641,0.149509153223546,0.890717154546271,0.331045459192389,0.5,0.5,0.664833349371083,49.073768832955,48.67681261850707,49.07376883295495
P0567,"Fried Romanian cheese doughnuts, 180 g",P0599,Product P0599,445,2807,2260,0.0142825047340886,0.0900921141316558,0.0725358667394165,0.158532240826505,2.1855703661201,0.0077475951491625,1.10219806183847,0.1043277522767,339.121508691895,9.91268018351728e-76,7.83676382624446e-75,0.846153846153846,0.495829025165317,0.565675509646118,440.742314606742,196130.33,445,2.01278273393522,0.0430300836602103,1.31676425607195,0.949844631127427,0.0900495097889561,0.885595319576855,0.379646261575721,0.5,0.5,0.694387737026277,49.0496991890934,48.64242741299059,49.04969918909341
P0011,Product P0011,P0072,"French fries, 180 g",686,1889,5580,0.022017524151876,0.0606284302082999,0.179092980710595,0.363155108523028,2.02774618570824,0.0111593978700673,1.28902191141952,0.121954443045915,463.394514667862,8.773887987128029e-103,1.01833104191028e-101,1.0,0.430335816929933,0.699136516168906,458.469591836735,314510.14,686,2.13396110276477,0.0690020642711632,1.34622456049186,0.836456349195751,0.18832802659593,0.605470884205344,0.467623562424301,0.5,0.5,0.877358985219429,49.0020393167058,48.574341881008266,49.00203931670578
P0612,"Sour cream, 50 g",P0009,"Borsec sparkling mineral water, 750 ml",313,2147,3139,0.0100458965882466,0.0689090734024457,0.100747825528774,0.145784816022357,1.44702692348154,0.0031034572837475,1.05272323805328,0.040705484726197,51.6251701190612,6.71748418007331e-13,1.0395425872992899e-12,0.923076923076923,0.40635053306129,0.656363332879467,464.37268370607,145348.65,313,2.17431287447209,0.0318888188756865,1.31098940205273,0.945678954499733,0.0467000299562567,0.875304063783983,0.367185575794877,0.5,0.5,0.818718166154972,48.9709750522521,48.52996436036007,48.970975052252044
P0063,Product P0063,P0599,Product P0599,143,1031,2260,0.0045896588246621,0.0330904772603267,0.0725358667394165,0.138700290979631,1.91216148940371,0.0021894123757634,1.07681928084647,0.0471908902309279,69.3860196233758,8.09605020273765e-17,1.45515498701594e-16,0.653846153846154,0.539354936447232,0.424753342042872,631.941258741259,90367.6,143,3.31976157064868,0.0198262318131643,1.34851357993143,0.972746927169251,0.035945407849232,0.942175176314548,0.468605664663342,0.5,0.5,0.501187448970248,48.9463994662449,48.49485638034988,48.94639946624491
P0600,Product P0600,P0070,"Caru' cu Flori potatoes, 180 g",216,540,4003,0.0069326315113778,0.0173315787784447,0.128478351574285,0.4,3.1133649762678,0.0047058988397434,1.45253608070952,0.107762077861886,361.81581665019,1.13291631961978e-80,9.50778234388599e-80,0.923076923076923,0.54810925215522,0.596260839983903,390.397916666667,84325.95,216,1.66864347651094,0.0185007218578927,1.32035390226699,0.952434013509487,0.165861002208315,0.89199235871863,0.269360930407338,0.5,0.5,0.736319355962096,48.9074793863066,48.43925626615231,48.90747938630662
P0627,"Chicken breast strips, 200 g",P0076,"Grilled pork neck, 150 g",202,1085,2088,0.0064832942837885,0.0348236351381712,0.0670154379433193,0.186175115207373,2.77809294277592,0.0041495731242256,1.14641930898244,0.0905187133549533,255.28916257291,1.82558363613884e-57,1.04826934054077e-56,0.807692307692308,0.500552604744438,0.538263240581204,519.807425742574,105001.1,202,2.55324820274152,0.023036753761716,1.32455261788504,0.955462746609623,0.0793920661513206,0.899474808713576,0.386954794026533,0.5,0.5,0.656806294945985,48.8844963272884,48.40642332469777,48.88449632728844
P0061,Product P0061,P0095,Product P0095,194,683,3929,0.0062265301537375,0.0219212376031068,0.126103283371313,0.284040995607613,2.25244726397211,0.003462190116423,1.22059602752023,0.0712259436906064,158.063668896715,2.9972916470350898e-36,9.6461509938504e-36,0.653846153846154,0.56038560001567,0.419028574628981,488.286597938144,94727.6,194,2.33778124479067,0.0207827955672686,1.37458659627531,0.991554632859415,0.103303423525509,0.988639395079811,0.355054279088259,0.5,0.5,0.493338955491696,48.8733315087885,48.390473583983635,48.87333150878854
P0537,Product P0537,P0567,"Fried Romanian cheese doughnuts, 180 g",328,1610,2807,0.0105273293320923,0.0516737811727702,0.0900921141316558,0.203726708074534,2.26131565496197,0.0058719291410608,1.14270803139472,0.092645579609527,267.426868993867,4.12782918405704e-60,2.46090799989412e-59,0.884615384615385,0.466140148054202,0.603363454571112,403.777591463415,132439.05,328,1.76010293451483,0.029056512582112,1.33412215421308,0.962365707911653,0.0931098023709458,0.916528494545836,0.310114939377934,0.5,0.5,0.746056838769365,48.855633113588,48.365190162268526,48.85563311358796
P0009,"Borsec sparkling mineral water, 750 ml",P0058,Product P0058,455,3139,2522,0.0146034598966524,0.100747825528774,0.0809448919985878,0.144950621216948,1.79073215910248,0.0064484380401332,1.07485617884368,0.0785471517992637,192.227942572831,1.03760922993488e-43,4.08675693089875e-43,1.0,0.308837067536788,0.764037040822801,504.897846153846,229728.52,455,2.4513307728364,0.0504013705311988,1.3967879056524,0.867873121952191,0.073940096051582,0.683085656910832,0.452466391564255,0.5,0.5,0.966335760636493,48.8532004968983,48.36171499556901,48.8532004968983
P0537,Product P0537,P0011,Product P0011,216,1610,1889,0.0069326315113778,0.0516737811727702,0.0606284302082999,0.13416149068323,2.21284783759523,0.0037997312759456,1.08492699237061,0.071925355304567,161.183160113837,6.23947245322097e-37,2.0817322466251003e-36,0.730769230769231,0.521015574941961,0.480448223416197,539.703703703704,116576.0,216,2.68925321229989,0.0255762330730422,1.34799056302339,0.972369650219482,0.0512351692262908,0.941243117986012,0.410256724681535,0.5,0.5,0.577543548990419,48.830135727781,48.32876532540135,48.83013572778094
P0071,Product P0071,P0095,Product P0095,255,1212,3929,0.0081843566453766,0.0388997657027313,0.126103283371313,0.21039603960396,1.66844220054482,0.0032789684678874,1.10675320852034,0.0510841480527191,81.3070013090527,1.9324075679028402e-19,3.73804371734398e-19,0.730769230769231,0.522309211984205,0.48003994524656,520.821254901961,132809.42,255,2.56017843586262,0.0291377700402789,1.33992305129242,0.966550170636194,0.0704898593817394,0.926866161173078,0.405071601907257,0.5,0.5,0.576983811219404,48.8183905614355,48.31198651633646,48.81839056143552
P0599,Product P0599,P0165,"Honey lemonade, 500 ml",501,2260,3686,0.0160798536444459,0.0725358667394165,0.118304072921013,0.221681415929204,1.87382742162404,0.007498565176317,1.13282137305202,0.0895146134909074,249.656866847686,3.08493488947683e-56,1.73487833217486e-55,0.846153846153846,0.729880027531154,0.489140190468271,409.582754491018,205200.96,501,1.79978529392896,0.0450201377622496,1.33746819478991,0.964779365985059,0.109758007419169,0.922491408821229,0.360069841667348,0.5,0.5,0.589459988872057,48.7409850468755,48.20140720982213,48.74098504687549
P0537,Product P0537,P0072,"French fries, 180 g",716,1610,5580,0.0229803896395674,0.0516737811727702,0.179092980710595,0.44472049689441,2.48318217235468,0.0137259781447489,1.47836722713193,0.161712293407602,814.782526950288,3.29693292690389e-179,7.653093240961999e-178,1.0,0.350760409238664,0.740323741472135,365.545251396648,261730.4,716,1.49875808467015,0.0574224344007391,1.35653882244514,0.842864960471526,0.23756351996616,0.621303284031489,0.359589541604063,0.5,0.5,0.933825500943312,48.7073819214674,48.15340274495337,48.70738192146735
P0570,Product P0570,P0009,"Borsec sparkling mineral water, 750 ml",220,1256,3139,0.0070610135764033,0.040311968418012,0.100747825528774,0.17515923566879,1.73859073135791,0.002999670415504,1.09021306094195,0.0506679004893789,79.9873764140298,3.7680943868262504e-19,7.212264870223581e-19,0.884615384615385,0.567161870977915,0.564469695822411,569.744318181818,125343.75,220,2.89460187435704,0.0274998367095211,1.29277167813565,0.932537644523999,0.0553345817920748,0.842838609909195,0.440022716481209,0.5,0.5,0.692734600532252,48.6912641689721,48.13037738424585,48.69126416897209
P0011,Product P0011,P0537,Product P0537,216,1889,1610,0.0069326315113778,0.0606284302082999,0.0516737811727702,0.114346214928534,2.21284783759523,0.0037997312759456,1.07076403309303,0.071925355304567,161.183160113837,6.23947245322097e-37,2.0817322466251003e-36,0.730769230769231,0.521015574941961,0.480448223416197,539.703703703704,116576.0,216,2.68925321229989,0.0255762330730422,1.34799056302339,0.972369650219482,0.0441185443009798,0.941243117986012,0.410256724681535,0.5,0.5,0.577543548990419,48.6878032292747,48.12543318467819,48.68780322927473
P0072,"French fries, 180 g",P0009,"Borsec sparkling mineral water, 750 ml",799,5580,3139,0.0256443174888468,0.179092980710595,0.100747825528774,0.143189964157706,1.42127101410056,0.0076010891147877,1.04953506244498,0.0658614015318183,135.15047326504,3.06071476150421e-31,8.47522793096724e-31,1.0,0.347125136145234,0.742321535816246,462.254205256571,369341.11,799,2.15983158896049,0.08103172447859,1.35320980738748,0.840796527118528,0.0940036142325628,0.616193243423753,0.504790451842363,0.5,0.5,0.936564420229919,48.6653903922728,48.093414846103954,48.66539039227276
P0627,"Chicken breast strips, 200 g",P0070,"Caru' cu Flori potatoes, 180 g",584,1085,4003,0.0187437814937253,0.0348236351381712,0.128478351574285,0.538248847926267,4.18941277912533,0.0142696982553487,1.88742712283812,0.232605688244809,1685.76214109308,0.0,0.0,1.0,0.300274465428411,0.769068397932834,353.238852739726,206291.49,584,1.41463522157819,0.0452593949803145,1.33191788858489,0.827567114142669,0.297845688962204,0.583510132109024,0.315147634913127,0.5,0.5,0.973233608288879,48.6624052025759,48.08915028939412,48.66240520257588
P0050,Product P0050,P0072,"French fries, 180 g",404,1560,5580,0.0129665885675771,0.0500690053599512,0.179092980710595,0.258974358974359,1.44603299329106,0.0039995811564487,1.10779839973311,0.0478297086641752,71.2772778797475,3.10389828811875e-17,5.63453083583621e-17,1.0,0.334114652597456,0.74956076530083,406.637871287129,164281.7,404,1.77965495251155,0.0360426421290454,1.2575328605727,0.907118210851575,0.0972835823302205,0.780040193850275,0.332235407990875,0.5,0.5,0.946489198180134,48.6560756652287,48.080108093183924,48.65607566522874
P0074,Product P0074,P0599,Product P0599,209,805,2260,0.0067079628975832,0.0258368905863851,0.0725358667394165,0.259627329192547,3.57929588303194,0.0048338616450483,1.25269903905163,0.117471709528888,429.954216327548,1.66284916467011e-95,1.76132858121853e-94,0.730769230769231,0.600360495838903,0.456627886447649,441.238851674641,92218.92,209,2.01617691292677,0.0202324028244598,1.36506061566414,0.984683090365744,0.121591989673069,0.971663329049188,0.315417032294137,0.5,0.5,0.54488654376416,48.6223124579695,48.031874939956396,48.62231245796947
P0011,Product P0011,P0009,"Borsec sparkling mineral water, 750 ml",421,1889,3139,0.0135122123439356,0.0606284302082999,0.100747825528774,0.222869242985707,2.21214941182086,0.0074040298352263,1.15714397655051,0.103074848047973,331.025187918614,5.7477926778758206e-74,4.41608578279051e-73,0.923076923076923,0.507522808196166,0.61231373618913,650.43541567696,273833.31,421,3.44618209994205,0.0600777566542222,1.33708861809508,0.83077986902451,0.1109438693676,0.591447205781283,0.597685917259338,0.5,0.5,0.758327420581959,48.584814053984,47.97830579140573,48.58481405398401
P0597,"Assorted pickled vegetables, 180 g",P0072,"French fries, 180 g",498,971,5580,0.0159835670956767,0.031164746284944,0.179092980710595,0.512873326467559,2.86372656500891,0.0104021797904167,1.68520235883724,0.156128189799957,759.483394985632,3.4784614256693804e-167,7.74490084776591e-166,0.961538461538462,0.320077675556219,0.728395365926717,389.591927710843,194016.78,498,1.66313397690228,0.042566380604594,1.36683632472304,0.849263158375488,0.244999226606161,0.63710995774335,0.336934411382272,0.5,0.5,0.917472036966632,48.555592284302,47.93656040614568,48.55559228430197
P0074,Product P0074,P0535,"Grilled minced-meat rolls with mustard, 40/20/30 g",289,805,5898,0.0092756041980935,0.0258368905863851,0.189299354880123,0.359006211180124,1.89649991891135,0.0043846974779825,1.26475585139826,0.070550296888155,155.079119190599,1.3455623883264e-35,4.20632826837852e-35,0.807692307692308,0.544157909039321,0.523063284502298,412.751487889273,119285.18,289,1.82144580837089,0.0261706145848184,1.33147795313918,0.960458320023444,0.135223329882658,0.911816314890966,0.309196254938456,0.5,0.5,0.635967587006496,48.4843938643066,47.834848377580805,48.48439386430656
P0011,Product P0011,P0018,"Hot pepper, 1 pc.",313,1889,2461,0.0100458965882466,0.0606284302082999,0.0789870655069487,0.16569613552144,2.09776289900102,0.0052570347998001,1.10392984343742,0.0816719885041612,207.826964144816,4.09234390454688e-47,1.7787837449644e-46,0.923076923076923,0.463516885342351,0.630725160961155,452.144728434505,141521.3,313,2.09072622691733,0.0310491160581931,1.29650486195596,0.935230567416148,0.0731439118107502,0.849491444680223,0.354908647488378,0.5,0.5,0.783568960858943,48.3865696881765,47.69509955453779,48.38656968817645
P0569,Product P0569,P0072,"French fries, 180 g",343,998,5580,0.011008762075938,0.0320313252238662,0.179092980710595,0.343687374749499,1.91904436112368,0.0052721765654853,1.25078657290203,0.07808822919959,189.988267857064,3.19809909468952e-43,1.2424443221836999e-42,0.846153846153846,0.540055386434011,0.549430789053055,411.265364431487,141064.02,343,1.81128711258487,0.0309487909495975,1.3093101200053,0.944467608558693,0.136972013574083,0.872311447686513,0.321539558394075,0.5,0.5,0.672116686620598,48.3376272592994,47.625181798999144,48.337627259299396
P0599,Product P0599,P0082,"Tripe soup, 300/100 g",364,2260,2454,0.0116827679173219,0.0725358667394165,0.078762396893154,0.161061946902655,2.04490916040995,0.0059696691922031,1.09809967458938,0.0854436929800531,227.465562845358,2.1285022679869e-51,1.05076740921887e-50,0.846153846153846,0.54307920423181,0.548354124553889,448.137582417582,163122.08,364,2.0633345743983,0.0357882268858035,1.31839668010157,0.951022176153506,0.0766067870211866,0.888504430905958,0.365100875519915,0.5,0.5,0.670640610181268,48.3106479707539,47.58663995821981,48.31064797075387
P0061,Product P0061,P0070,"Caru' cu Flori potatoes, 180 g",145,683,4003,0.0046538498571749,0.0219212376031068,0.128478351574285,0.212298682284041,1.65240820482735,0.0018374453854595,1.10641131203488,0.0375008336812837,43.8164793972367,3.60655476825271e-11,5.29576211596731e-11,0.769230769230769,0.464503825066172,0.525250092259754,486.109655172414,70485.9,145,2.32290031468707,0.015464279154913,1.35307020042113,0.976033834061097,0.057250183857502,0.950295441667468,0.338214510502603,0.5,0.5,0.638965638312754,48.304859103679,47.57837014811286,48.304859103679
P0063,Product P0063,P0613,Product P0613,115,1031,1844,0.0036909843694835,0.0330904772603267,0.0591841319767628,0.111542192046557,1.88466381648295,0.0017325531961343,1.05893139730563,0.0410475448191294,52.4964584529331,4.3102491043937e-13,6.72744173518387e-13,0.615384615384615,0.476500272392992,0.41678598161533,574.499130434783,66067.4,115,2.92710434980376,0.0144948807724566,1.37455857465217,0.991534419531047,0.0215148253359196,0.988589458286522,0.407002044064106,0.5,0.5,0.490264424184105,48.244770795572,47.492529707959996,48.244770795571995
P0567,"Fried Romanian cheese doughnuts, 180 g",P0537,Product P0537,328,2807,1610,0.0105273293320923,0.0900921141316558,0.0516737811727702,0.116850730317064,2.26131565496197,0.0058719291410608,1.07380060356919,0.092645579609527,267.426868993867,4.12782918405704e-60,2.46090799989412e-59,0.884615384615385,0.466140148054202,0.603363454571112,403.777591463415,132439.05,328,1.76010293451483,0.029056512582112,1.33412215421308,0.962365707911653,0.0619084324595003,0.916528494545836,0.310114939377934,0.5,0.5,0.746056838769365,48.2316057153591,47.47372245051294,48.23160571535905
P0082,"Tripe soup, 300/100 g",P0599,Product P0599,364,2454,2260,0.0116827679173219,0.078762396893154,0.0725358667394165,0.148329258353708,2.04490916040995,0.0059696691922031,1.08899377178061,0.0854436929800531,227.465562845358,2.1285022679869e-51,1.05076740921887e-50,0.846153846153846,0.54307920423181,0.548354124553889,448.137582417582,163122.08,364,2.0633345743983,0.0357882268858035,1.31839668010157,0.951022176153506,0.0720338620810842,0.888504430905958,0.365100875519915,0.5,0.5,0.670640610181268,48.2191894719518,47.45598495993117,48.21918947195182
P0015,Product P0015,P0072,"French fries, 180 g",391,1453,5580,0.0125493468562442,0.0466347851205187,0.179092980710595,0.269098417068135,1.5025626130093,0.0041973841842124,1.12314303109935,0.0519167877963873,83.9791089061982,5.00030825093117e-20,9.8117559384279e-20,0.923076923076923,0.54870304191401,0.596032227027921,359.386700767263,140520.2,391,1.45666007323045,0.0308294793668551,1.3315580816323,0.960516120513268,0.101735358716099,0.911959110330676,0.279214640749164,0.5,0.5,0.736005934094549,48.2182415368643,47.45463076694896,48.21824153686427
P0050,Product P0050,P0070,"Caru' cu Flori potatoes, 180 g",287,1560,4003,0.0092114131655807,0.0500690053599512,0.128478351574285,0.183974358974359,1.43194831440522,0.0027786298919701,1.06800767599695,0.0380755446801123,45.1697704784259,1.8067251178987498e-11,2.6818191886088897e-11,0.961538461538462,0.333761528643327,0.720922324485186,408.255261324042,117169.26,287,1.79071094739963,0.0257063915622073,1.29347448191003,0.933044610284011,0.0572575361612895,0.844091062939232,0.30424128341394,0.5,0.5,0.907226709466254,48.1840647449518,47.40580677850252,48.18406474495176
P0597,"Assorted pickled vegetables, 180 g",P0071,Product P0071,195,971,1212,0.0062586256699939,0.031164746284944,0.0388997657027313,0.200823892893924,5.16259903539273,0.0050463243413245,1.20261382410135,0.150196759051434,702.872832745628,7.09560791996231e-155,1.4335756001257198e-153,0.846153846153846,0.408067496614614,0.60093273098643,458.49358974359,89406.25,195,2.13412514528356,0.019615316087245,1.28988972162167,0.930458752338612,0.122050485342888,0.837702730877349,0.327632281938148,0.5,0.5,0.742724385793853,48.1749538211063,47.392791173008895,48.17495382110622
P0018,"Hot pepper, 1 pc.",P0089,Product P0089,563,2461,1128,0.0180697756523414,0.0789870655069487,0.0362037423371955,0.228768793173507,6.3189266745629,0.0152101482847566,1.24968524241737,0.301893139035161,2839.63238567285,0.0,0.0,1.0,0.370375057512756,0.729727233809268,275.495612788632,155104.03,563,0.883205669110942,0.0340291039480521,1.24287090161217,0.896541843110537,0.224689376817875,0.753911400016668,0.220390420387851,0.5,0.5,0.919297989994022,48.1728038443881,47.38971977769728,48.17280384438809
P0597,"Assorted pickled vegetables, 180 g",P0567,"Fried Romanian cheese doughnuts, 180 g",211,971,2807,0.0067721539300959,0.031164746284944,0.0900921141316558,0.2173017507724,2.41199524361085,0.0039644560509087,1.16252704891863,0.0796864976998115,197.845015638283,6.167514346005691e-45,2.4829365872664997e-44,0.769230769230769,0.409025652088505,0.54593099003598,465.56018957346,98233.2,211,2.18243030966075,0.0215519079288255,1.32548700826514,0.956136766793436,0.0848661394028356,0.901139967760022,0.33884166328017,0.5,0.5,0.667318561600688,48.1701410248674,47.385915749810614,48.170141024867426
P0165,"Honey lemonade, 500 ml",P0599,Product P0599,501,3686,2260,0.0160798536444459,0.118304072921013,0.0725358667394165,0.135919696147585,1.87382742162404,0.007498565176317,1.07335409582371,0.0895146134909074,249.656866847686,3.08493488947683e-56,1.73487833217486e-55,0.846153846153846,0.729880027531154,0.489140190468271,409.582754491018,205200.96,501,1.79978529392896,0.0450201377622496,1.33746819478991,0.964779365985059,0.0789568214961952,0.922491408821229,0.360069841667348,0.5,0.5,0.589459988872057,48.124961328416,47.32137332630859,48.12496132841601
P0599,Product P0599,P0070,"Caru' cu Flori potatoes, 180 g",808,2260,4003,0.0259331771351542,0.0725358667394165,0.128478351574285,0.357522123893805,2.78274214692963,0.016613888546462,1.35650063735683,0.191422181321155,1141.66886143999,2.90099558349353e-250,8.79162828219844e-249,1.0,0.368270922101139,0.730849412822706,359.579207920792,290540.0,808,1.45797599459558,0.0637431268618041,1.34011535655218,0.832660487365682,0.226495957095394,0.596093251580687,0.372680146622434,0.5,0.5,0.920836465539311,48.1137517613634,47.305359659090584,48.11375176136341
P0601,Cornflake-crusted pike-perch with potatoes and sauce,P0535,"Grilled minced-meat rolls with mustard, 40/20/30 g",277,952,5898,0.0088904580030169,0.0305549314760728,0.189299354880123,0.290966386554622,1.53707014341851,0.00310642918619,1.14338816911722,0.0460738359616796,66.1400285094918,4.1999906496951397e-16,7.29648057136529e-16,0.807692307692308,0.522070847636142,0.530653555941038,481.603429602888,133404.15,277,2.29209710351095,0.029268251040618,1.30257432694729,0.939608760938065,0.0984909831093605,0.860307720995384,0.373701568628998,0.5,0.5,0.646373633502436,48.1137417896992,47.30534541385601,48.113741789699205
P0018,"Hot pepper, 1 pc.",P0011,Product P0011,313,2461,1889,0.0100458965882466,0.0789870655069487,0.0606284302082999,0.127184071515644,2.09776289900102,0.0052570347998001,1.07625392609747,0.0816719885041612,207.826964144816,4.09234390454688e-47,1.7787837449644e-46,0.923076923076923,0.463516885342351,0.630725160961155,452.144728434505,141521.3,313,2.09072622691733,0.0310491160581931,1.29650486195596,0.935230567416148,0.0593123649767949,0.849491444680223,0.354908647488378,0.5,0.5,0.783568960858943,48.1099387514974,47.299912502139065,48.109938751497346
P0070,"Caru' cu Flori potatoes, 180 g",P0076,"Grilled pork neck, 150 g",907,4003,2088,0.0291106332445357,0.128478351574285,0.0670154379433193,0.226580064951287,3.38101297111458,0.0205006002475493,1.20631046573414,0.245012279459207,1870.38639934216,0.0,0.0,1.0,0.412961103431119,0.707733565751868,353.881036383682,320970.1,907,1.41902499703293,0.0704193494979898,1.35090898495499,0.839366945762998,0.210976969137798,0.612661479266,0.386995469752886,0.5,0.5,0.889145295947607,48.1041313226097,47.29161617515678,48.104131322609746
P0140,Product P0140,P0072,"French fries, 180 g",292,931,5580,0.0093718907468626,0.0298809256346888,0.179092980710595,0.313641245972073,1.75127603956127,0.0040204267085546,1.19603197959067,0.0615851973307682,118.170292073612,1.59122850747975e-27,3.94552341286455e-27,0.807692307692308,0.458395593689866,0.553822509603706,449.843801369863,131354.39,292,2.07499777720271,0.0288185432147893,1.29892725077561,0.936977951584752,0.114931858511976,0.853808337001621,0.34672280984445,0.5,0.5,0.678137610722732,48.0906362143883,47.27233744912608,48.090636214388255
P0101,Product P0101,P0599,Product P0599,166,500,2260,0.0053278556985589,0.0160477581281895,0.0725358667394165,0.332,4.57704601769912,0.0041638176535061,1.38841936116854,0.127753422333069,508.511431548255,1.3368585445651601e-112,1.6574007637733901e-111,0.653846153846154,0.515899087770474,0.431325646358034,513.971084337349,85319.2,166,2.51335271725653,0.0187186362956826,1.31066117398929,0.945442188000025,0.154675270474802,0.874719134892606,0.369989500895957,0.5,0.5,0.510197891461142,48.0896570398787,47.27093862839817,48.089657039878716
P0594,Product P0594,P0599,Product P0599,239,850,2260,0.0076708283852745,0.0272811888179221,0.0725358667394165,0.281176470588235,3.87637844872462,0.0056919637086849,1.29025288587806,0.134713728112697,565.430647603772,5.53707749683185e-125,8.16344803924804e-124,0.692307692307692,0.676489091309959,0.412950907880196,459.243430962343,109759.18,239,2.139250835743,0.0240806544193143,1.34114911284515,0.967434587097167,0.140036902663519,0.929051101781953,0.340898315073535,0.5,0.5,0.485006647051198,48.0497928608921,47.21398980127445,48.04979286089211
P0061,Product P0061,P0011,Product P0011,119,683,1889,0.0038193664345091,0.0219212376031068,0.0606284302082999,0.174231332357247,2.87375628494164,0.0024903162104095,1.13757230880803,0.0712653099912193,158.238439524561,2.7449916021794898e-36,8.913053089219709e-36,0.615384615384615,0.665688535844932,0.369447590075691,622.276890756302,74050.95,119,3.25369883958222,0.0162464345704107,1.33900430439464,0.965887434839558,0.0620776247538196,0.925228880074268,0.450635382958628,0.5,0.5,0.425364834310376,48.0124860988381,47.160694426911526,48.01248609883807
P0570,Product P0570,P0072,"French fries, 180 g",619,1256,5580,0.0198671245626986,0.040311968418012,0.179092980710595,0.492834394904459,2.75183534803552,0.0126475339804055,1.61861729392071,0.167701731282966,876.255438630456,1.4245562796103899e-192,3.53225204785211e-191,0.961538461538462,0.385852893350931,0.693824334568083,373.517431340872,231207.29,619,1.55325352404999,0.0507258058024504,1.35292171193059,0.840617523346669,0.251009645960253,0.615751016681562,0.347056778481193,0.5,0.5,0.87007613516865,47.9771101741467,47.11015739163808,47.97711017414666
P0537,Product P0537,P0082,"Tripe soup, 300/100 g",834,1610,2454,0.0267676605578201,0.0516737811727702,0.078762396893154,0.518012422360248,6.57690018071649,0.0226977096961204,1.91133059407477,0.380647294101561,4514.41133862562,0.0,0.0,1.0,0.469407742620592,0.68054629834505,288.366330935252,240497.52,834,0.971186051571112,0.0527640391247651,1.31536881415227,0.817284596063053,0.380762935040319,0.558107290455726,0.283920272165418,0.5,0.5,0.851872324748059,47.9745332007098,47.10647600101407,47.97453320070985
P0101,Product P0101,P0011,Product P0011,104,500,1889,0.0033379336906634,0.0160477581281895,0.0606284302082999,0.208,3.43073372154579,0.0023649833069888,1.18607521438346,0.0788636760777191,193.780319805739,4.75565635939179e-44,1.88669857748962e-43,0.538461538461538,0.627162026917009,0.33092066404829,670.001153846154,69680.12,104,3.57992763827422,0.015287494764596,1.32275412859778,0.954165410821708,0.0795648679441169,0.896269755696759,0.486541215852241,0.5,0.5,0.372545513312112,47.9729719229835,47.10424560426208,47.972971922983454
P0570,Product P0570,P0058,Product P0058,163,1256,2522,0.0052315691497897,0.040311968418012,0.0809448919985878,0.129777070063694,1.60327683266238,0.0019685212199433,1.05611456143621,0.0366937889100741,41.9508486425879,9.359675346823629e-11,1.35071505335775e-10,0.769230769230769,0.422903577189258,0.540606392142379,590.956441717791,96325.9,163,3.03960161098615,0.0211334551654762,1.29678301462954,0.935431212157537,0.0284392468061509,0.849987135186634,0.439141608984394,0.5,0.5,0.66001868916527,47.9515467111963,47.07363815885183,47.95154671119628
P0070,"Caru' cu Flori potatoes, 180 g",P0613,Product P0613,873,4003,1844,0.0280193856918189,0.128478351574285,0.0591841319767628,0.21808643517362,3.68488018476381,0.0204155059760894,1.20322233856135,0.258553917411008,2082.84944459468,0.0,0.0,1.0,0.373517225524437,0.728057851344514,311.155498281787,271638.75,873,1.12696598834361,0.0595962803807802,1.37849971460509,0.856510029964595,0.212163043207033,0.65501326995097,0.321733405727535,0.5,0.5,0.917009314063531,47.9482875183461,47.06898216906581,47.94828751834606
P0009,"Borsec sparkling mineral water, 750 ml",P0011,Product P0011,421,3139,1889,0.0135122123439356,0.100747825528774,0.0606284302082999,0.134119146224912,2.21214941182085,0.0074040298352263,1.0848739358264,0.103074848047973,331.025187918614,5.7477926778758206e-74,4.41608578279051e-73,0.923076923076923,0.507522808196166,0.61231373618913,650.43541567696,273833.31,421,3.44618209994205,0.0600777566542222,1.33708861809508,0.83077986902451,0.0790694125823121,0.591447205781283,0.597685917259338,0.5,0.5,0.758327420581959,47.9473249182782,47.06760702611179,47.94732491827825
P0594,Product P0594,P0570,Product P0570,175,850,1256,0.0056167153448663,0.0272811888179221,0.040311968418012,0.205882352941176,5.10722648932184,0.0045169569228324,1.20849603976991,0.140973864079703,619.202700925946,1.11472303891717e-136,1.9304171991406898e-135,0.730769230769231,0.578216294163953,0.463034904323016,472.860571428571,82750.6,175,2.2323335380899,0.0181550973831156,1.3342048337706,0.962425348605464,0.118531596311286,0.916675836188151,0.335120133038829,0.5,0.5,0.553670383242033,47.9432551431857,47.061793061693784,47.943255143185645
P0056,Product P0056,P0009,"Borsec sparkling mineral water, 750 ml",173,937,3139,0.0055525243123535,0.0300734987322271,0.100747825528774,0.184631803628602,1.83261328628746,0.0025226847090393,1.10287864853343,0.0490730436055982,75.0311535567937,4.63344848539295e-18,8.67082726854838e-18,0.730769230769231,0.529667623323052,0.47773073027571,578.107919075145,100012.67,173,2.95177295035736,0.0219423153837604,1.31018991352852,0.945102245435169,0.0550033164600343,0.873879310728972,0.431036092217897,0.5,0.5,0.573817943101284,47.9365538191509,47.052219741644144,47.9365538191509
P0097,Product P0097,P0095,Product P0095,197,697,3929,0.0063228167025066,0.0223705748306962,0.126103283371313,0.282639885222382,2.241336447919,0.0035018137654522,1.21821202298039,0.0713303065164724,158.527209442305,2.3738013152029798e-36,7.753943817025289e-36,0.769230769230769,0.60324700732877,0.479795543490465,412.633705583756,81288.84,197,1.82064068373306,0.0178343940268772,1.36381193996304,0.983782361244915,0.103004377333269,0.96943808820334,0.285467868527475,0.5,0.5,0.576648743355477,47.9246941148365,47.035277306909215,47.92469411483645
P0049,Product P0049,P0535,"Grilled minced-meat rolls with mustard, 40/20/30 g",330,831,5898,0.0105915203646051,0.0266713740090509,0.189299354880123,0.397111913357401,2.09779855620151,0.0055426464709252,1.34469508202518,0.0878132214202203,240.256669953519,3.45732447979295e-54,1.83997122314835e-53,0.692307692307692,0.648023144024161,0.42008371958734,438.045272727273,144554.94,330,1.99434656173693,0.0317146825873218,1.32076603010206,0.952731300901421,0.159854405868046,0.892726803772298,0.345384484509261,0.5,0.5,0.494785529251971,47.9071691755118,47.01024167930258,47.907169175511804
P0577,Product P0577,P0159,Product P0159,124,365,1626,0.0039798440157909,0.0117148634335783,0.0521873094328722,0.33972602739726,6.50974405634467,0.003368476812819,1.43548395044399,0.140760273526219,617.327805071158,2.8507020480003e-136,4.85955614745052e-135,0.615384615384615,0.635053662080944,0.376369674987554,473.893548387097,58762.8,124,2.23939465984304,0.0128922854517616,1.34410465291854,0.969566558600678,0.17202435199791,0.934318112653581,0.321036152358582,0.5,0.5,0.434854816061761,47.8961205008191,46.994457858312956,47.896120500819066
P0142,Product P0142,P0070,"Caru' cu Flori potatoes, 180 g",178,813,4003,0.0057130018936354,0.0260936547164361,0.128478351574285,0.218942189421894,1.70411736093379,0.0023605321491191,1.11582220499229,0.0442516836200882,61.0119958055883,5.6728096023474205e-15,9.434504994147912e-15,0.769230769230769,0.432921903721427,0.536826722540152,411.257303370787,73203.8,178,1.81123200958321,0.0160605737941975,1.36561698410926,0.985084425364089,0.0651034140188154,0.972654822507691,0.279325158366648,0.5,0.5,0.654836869524498,47.8900365931081,46.985766561582956,47.890036593108064
P0071,Product P0071,P0597,"Assorted pickled vegetables, 180 g",195,1212,971,0.0062586256699939,0.0388997657027313,0.031164746284944,0.160891089108911,5.16259903539273,0.0050463243413245,1.15460012537134,0.150196759051434,702.872832745628,7.09560791996231e-155,1.4335756001257198e-153,0.846153846153846,0.408067496614614,0.60093273098643,458.49358974359,89406.25,195,2.13412514528356,0.019615316087245,1.28988972162167,0.930458752338612,0.107708682065857,0.837702730877349,0.327632281938148,0.5,0.5,0.742724385793853,47.8881177555656,46.983025365093724,47.8881177555656
P0070,"Caru' cu Flori potatoes, 180 g",P0072,"French fries, 180 g",947,4003,5580,0.0303944538947909,0.128478351574285,0.179092980710595,0.236572570572071,1.32094831206344,0.0073848829545684,1.07529149156266,0.0575576802103688,103.21960627571,2.99982633093013e-24,6.76200522116689e-24,1.0,0.361422394408922,0.734525892997494,405.522492080253,384029.8,947,1.77203055361701,0.0842543548568639,1.32780169899483,0.825009581753094,0.135818228364915,0.577191778004269,0.468012198719237,0.5,0.5,0.925876815406771,47.8792122558361,46.970303222623045,47.87921225583613
P0578,Product P0578,P0072,"French fries, 180 g",162,615,5580,0.0051994736335334,0.0197387424976731,0.179092980710595,0.263414634146341,1.47082612116444,0.0016644034041462,1.11447641691608,0.0312062561119483,30.3416344122822,3.62265974872845e-08,4.75610323208513e-08,0.692307692307692,0.471469219188317,0.470487376344562,524.855617283951,85026.61,162,2.58775613131885,0.0186544434083401,1.32897532090605,0.958653052467486,0.0734590164137869,0.907356422332474,0.378616633675287,0.5,0.5,0.563887510652008,47.827516554951,46.89645222135862,47.82751655495103
P0076,"Grilled pork neck, 150 g",P0149,"Beck's draught beer, 0.4 L",392,2088,5044,0.0125814423725006,0.0670154379433193,0.161889783997176,0.187739463601533,1.15967455738163,0.0017323275993804,1.03182436970159,0.0188081065633547,11.0216289924359,0.0009005489694218,0.0010396814027927,0.807692307692308,0.493049780722447,0.540968103087284,410.791071428571,161030.1,392,1.80804498737326,0.0353292561880257,1.3353747781709,0.963269285097681,0.0582601944231856,0.918760771503725,0.333574255802213,0.5,0.5,0.660514584594196,47.8170502805244,46.88150040074919,47.817050280524434
P0074,Product P0074,P0076,"Grilled pork neck, 150 g",136,805,2088,0.0043649902108675,0.0258368905863851,0.0670154379433193,0.168944099378882,2.52097284690988,0.0026335196731273,1.12264958513547,0.0663859149991751,137.311694103122,1.0306793010423902e-31,2.89067125305206e-31,0.692307692307692,0.557985369909791,0.444360842969776,544.076470588235,73994.4,136,2.71914413979341,0.0162340277630036,1.34262966751867,0.968502581539792,0.0573666155480834,0.931689569665261,0.387310697602795,0.5,0.5,0.52806877567395,47.8080254130623,46.86860773294612,47.80802541306228
P0058,Product P0058,P0095,Product P0095,574,2522,3929,0.0184228263311615,0.0809448919985878,0.126103283371313,0.227597145122918,1.80484709864972,0.0082154096780032,1.13140016393098,0.0907340870225787,256.505440886456,9.914391540065471e-58,5.72306940222827e-57,0.961538461538462,0.356987758876397,0.70858300323551,409.332891986063,234957.08,574,1.7980773085238,0.0515484923160978,1.40646740489047,0.87388733297785,0.117754832966675,0.69794369549354,0.378375410690274,0.5,0.5,0.890309850604382,47.7845772890536,46.83511041293371,47.784577289053594
P0140,Product P0140,P0070,"Caru' cu Flori potatoes, 180 g",262,931,4003,0.0084090252591712,0.0298809256346888,0.128478351574285,0.281417830290011,2.19039104130549,0.0045699731901126,1.21283505931889,0.0802139752159715,200.472918664135,1.64676282689448e-45,6.72890728143025e-45,0.846153846153846,0.415590451366522,0.597739159187618,414.769427480916,108669.59,262,1.83523984029916,0.0238416034328844,1.29933623497341,0.937272971321741,0.110688290165143,0.854537179840048,0.304226710534076,0.5,0.5,0.738346089589986,47.7725045066852,46.81786358097886,47.7725045066852
P0601,Cornflake-crusted pike-perch with potatoes and sauce,P0613,Product P0613,147,952,1844,0.0047180408896877,0.0305549314760728,0.0591841319767628,0.154411764705882,2.60900615669261,0.0029096737926668,1.11261702653183,0.0716451975317798,159.929950600111,1.17206934402923e-36,3.88671019554982e-36,0.730769230769231,0.613693440520208,0.452855054386075,578.13537414966,84985.9,147,2.95196062504099,0.0186455118233792,1.31960292166933,0.951892295517466,0.0555446626709201,0.890654050702491,0.421711922819752,0.5,0.5,0.539714098197359,47.7553537058369,46.79336243690979,47.75535370583685
P0018,"Hot pepper, 1 pc.",P0567,"Fried Romanian cheese doughnuts, 180 g",384,2461,2807,0.0123246782424495,0.0789870655069487,0.0900921141316558,0.156034132466477,1.73193995912292,0.0052085665218729,1.07813351329899,0.0674474068725309,141.737950481622,1.10963536173244e-32,3.1858215253949803e-32,0.923076923076923,0.46260325061555,0.631119151887867,393.376901041667,151056.73,384,1.68900692334193,0.0331411451219085,1.30449878122178,0.940996961257179,0.0677574644356427,0.863737253782631,0.313277279292835,0.5,0.5,0.784109111225821,47.7365310624804,46.76647294640055,47.73653106248038
P0074,Product P0074,P0095,Product P0095,186,805,3929,0.0059697660236864,0.0258368905863851,0.126103283371313,0.231055900621118,1.83227505615988,0.0027116492886379,1.13648926799046,0.051487796460075,82.5969946436747,1.00609926089501e-19,1.95660301895982e-19,0.692307692307692,0.548359993452711,0.447123211162222,476.140107526882,88562.06,186,2.25475146667278,0.0194301047212869,1.35433053475172,0.976942973105405,0.0735995406995581,0.952541459131728,0.341388968791739,0.5,0.5,0.531855903984379,47.6691584123043,46.67022630329185,47.66915841230429
P0011,Product P0011,P0612,"Sour cream, 50 g",288,1889,2147,0.0092435086818371,0.0606284302082999,0.0689090734024457,0.152461619904711,2.21250428102985,0.0050656597343383,1.09858261108231,0.0838001689572358,218.799045360909,1.65327694725057e-49,7.842283258479889e-49,0.884615384615385,0.492297472987319,0.592787564562807,444.7921875,128100.15,288,2.04046645461071,0.0281045780700287,1.30127213789116,0.938669430091279,0.0679264505139241,0.857987115033282,0.340610334561419,0.5,0.5,0.731557594038714,47.6460539425596,46.63721991794234,47.64605394255963
P0600,Product P0600,P0076,"Grilled pork neck, 150 g",176,540,2088,0.0056488108611227,0.0173315787784447,0.0670154379433193,0.325925925925926,4.86344543777494,0.004487327519036,1.38409797667749,0.137511983747193,589.16471456757,3.8071100312478396e-130,6.19933887177821e-129,0.923076923076923,0.687723651389176,0.546936059299242,381.548522727273,67152.54,176,1.60815166444115,0.0147329554495504,1.31755291778235,0.950413530296692,0.158799966638984,0.887000778376113,0.251517337314232,0.5,0.5,0.668696483005681,47.6333264766434,46.61903782377627,47.63332647664338
P0095,Product P0095,P0535,"Grilled minced-meat rolls with mustard, 40/20/30 g",1053,3929,5898,0.0337965786179671,0.126103283371313,0.189299354880123,0.268007126495291,1.41578467958864,0.0099253084275121,1.10752532499165,0.0763213307074554,181.48782759645,2.29389964808317e-41,8.51239631312497e-41,0.961538461538462,0.50743939700242,0.637862101422123,371.48804368471,391176.91,1053,1.53938123657426,0.0858223976028723,1.35999361146299,0.845011541579847,0.163123095594984,0.626606387762347,0.444912665458626,0.5,0.5,0.793353503463906,47.6263780109582,46.609111444225995,47.62637801095819
P0600,Product P0600,P0009,"Borsec sparkling mineral water, 750 ml",130,540,3139,0.0041724171133292,0.0173315787784447,0.100747825528774,0.240740740740741,2.38953783346902,0.0024262982384203,1.1843809127182,0.0617679277085485,118.872582167928,1.1167767146956e-27,2.80092734651241e-27,0.846153846153846,0.688885369906263,0.501013189664145,497.455,64669.15,130,2.40045370104071,0.0141881112153061,1.3272885528489,0.957436306511896,0.0800935984980046,0.904350465561689,0.343778658210358,0.5,0.5,0.605737533446805,47.6218297798691,46.60261397124154,47.621829779869074
P0567,"Fried Romanian cheese doughnuts, 180 g",P0018,"Hot pepper, 1 pc.",384,2807,2461,0.0123246782424495,0.0900921141316558,0.0789870655069487,0.136800855005344,1.73193995912292,0.0052085665218729,1.06697618948493,0.0674474068725309,141.737950481622,1.10963536173244e-32,3.1858215253949803e-32,0.923076923076923,0.46260325061555,0.631119151887867,393.376901041667,151056.73,384,1.68900692334193,0.0331411451219085,1.30449878122178,0.940996961257179,0.0608498632763259,0.863737253782631,0.313277279292835,0.5,0.5,0.784109111225821,47.598379039294,46.56911291327721,47.598379039294045
P0095,Product P0095,P0070,"Caru' cu Flori potatoes, 180 g",858,3929,4003,0.0275379529479732,0.126103283371313,0.128478351574285,0.218376177144312,1.69971185393088,0.0113364109723219,1.1150141832187,0.102053584437714,324.498101647321,1.51753359610889e-72,1.1497424676074998e-71,0.961538461538462,0.348441882981042,0.713073713946617,382.283554778555,327999.29,858,1.61317612385791,0.071961521143566,1.35959742210556,0.844765375291374,0.140788362007661,0.625998236801849,0.414354356269243,0.5,0.5,0.8964664874041,47.5874839756161,46.55354853659437,47.58748397561606
P0061,Product P0061,P0072,"French fries, 180 g",151,683,5580,0.0048464229547132,0.0219212376031068,0.179092980710595,0.22108345534407,1.2344618670529,0.0009204831715076,1.05390882363659,0.0163949515268244,8.37482822895857,0.0038045351487128,0.0043102262172852,0.653846153846154,0.542835256582623,0.423795185556248,544.348344370861,82196.6,151,2.72100258771402,0.0180335523556445,1.34517225795739,0.970336672848269,0.0503834261918828,0.936220670970039,0.39263235737775,0.5,0.5,0.499873843649191,47.5834675272854,46.547810753264784,47.58346752728535
P0597,"Assorted pickled vegetables, 180 g",P0076,"Grilled pork neck, 150 g",335,971,2088,0.010751997945887,0.031164746284944,0.0670154379433193,0.345005149330587,5.14814436671125,0.008663478825209,1.42441510968088,0.199393453270559,1238.73219204744,2.33251087455663e-271,8.20893343271381e-270,1.0,0.397478441621525,0.715574544992392,449.301194029851,150515.9,335,2.07128867560044,0.0330224895312818,1.35372995657438,0.841119713979525,0.202862575779993,0.616991672815346,0.358201790249326,0.5,0.5,0.899895055716954,47.5600713340628,46.51438762008977,47.56007133406284
P0070,"Caru' cu Flori potatoes, 180 g",P0095,Product P0095,858,4003,3929,0.0275379529479732,0.128478351574285,0.126103283371313,0.214339245565826,1.69971185393088,0.0113364109723219,1.11230796714297,0.102053584437714,324.498101647321,1.51753359610889e-72,1.1497424676074998e-71,0.961538461538462,0.348441882981042,0.713073713946617,382.283554778555,327999.29,858,1.61317612385791,0.071961521143566,1.35959742210556,0.844765375291374,0.139338504420571,0.625998236801849,0.414354356269243,0.5,0.5,0.8964664874041,47.5584868238743,46.51212403410609,47.55848682387426
P0011,Product P0011,P0058,Product P0058,373,1889,2522,0.0119716275636294,0.0606284302082999,0.0809448919985878,0.197458973001588,2.43942475091613,0.0070640658283746,1.14518146372999,0.108525643407386,366.961390585088,8.58619686775774e-82,7.37601636434937e-81,0.961538461538462,0.425801381114463,0.674384577175038,526.680750670241,196451.92,373,2.6002321976531,0.0431006390128897,1.37867033492573,0.856616042330358,0.101468108395892,0.655275172270998,0.44939836267784,0.5,0.5,0.843424780084121,47.5570806677358,46.51011523962258,47.557080667735804
P0063,Product P0063,P0058,Product P0058,258,1031,2522,0.0082806431941457,0.0330904772603267,0.0809448919985878,0.250242483026188,3.09151667075612,0.0056021380861269,1.2258031259372,0.114826961983529,410.812248447518,2.4396148431782702e-91,2.44185302193348e-90,0.923076923076923,0.315017441997696,0.701950326738359,528.557286821705,136367.78,258,2.61305963792686,0.0299184577008418,1.37869460008277,0.856631119120116,0.117879819388128,0.655312419305225,0.41354579970691,0.5,0.5,0.881216639567209,47.5469271636774,46.49561023382478,47.546927163677346
P0612,"Sour cream, 50 g",P0011,Product P0011,288,2147,1889,0.0092435086818371,0.0689090734024457,0.0606284302082999,0.134140661387983,2.21250428102985,0.0050656597343383,1.08490089313759,0.0838001689572358,218.799045360909,1.65327694725057e-49,7.842283258479889e-49,0.884615384615385,0.492297472987319,0.592787564562807,444.7921875,128100.15,288,2.04046645461071,0.0281045780700287,1.30127213789116,0.938669430091279,0.0613465072595469,0.857987115033282,0.340610334561419,0.5,0.5,0.731557594038714,47.5144550774721,46.449221539245855,47.5144550774721
P0159,Product P0159,P0011,Product P0011,265,1626,1889,0.0085053118079404,0.0521873094328722,0.0606284302082999,0.162976629766298,2.68812220943808,0.0053412771602305,1.12227639418171,0.10063395315944,315.532937610359,1.36127301103287e-70,1.00347895610599e-69,0.846153846153846,0.51232876338172,0.559503903279444,478.288981132075,126746.58,265,2.26944052438423,0.0278076110974041,1.28806296259979,0.92914102424773,0.0791993349898672,0.834447298912574,0.366878211742367,0.5,0.5,0.685926640038564,47.4697633132818,46.38537616183115,47.4697633132818
P0570,Product P0570,P0594,Product P0594,175,1256,850,0.0056167153448663,0.040311968418012,0.0272811888179221,0.139331210191083,5.10722648932184,0.0045169569228324,1.13018947904227,0.140973864079703,619.202700925946,1.11472303891717e-136,1.9304171991406898e-135,0.730769230769231,0.578216294163953,0.463034904323016,472.860571428571,82750.6,175,2.2323335380899,0.0181550973831156,1.3342048337706,0.962425348605464,0.0946298587242635,0.916675836188151,0.335120133038829,0.5,0.5,0.553670383242033,47.4652203914452,46.378886273493144,47.4652203914452
P0599,Product P0599,P0009,"Borsec sparkling mineral water, 750 ml",468,2260,3139,0.0150207016079854,0.0725358667394165,0.100747825528774,0.207079646017699,2.05542546383353,0.0077128707611442,1.13410151467911,0.0987944393514497,304.102952225528,4.20626025112193e-68,2.96066447353163e-67,1.0,0.424552553592644,0.701974804283671,528.730790598291,247446.01,468,2.61424565788692,0.0542885055650762,1.33734583300836,0.830939685635818,0.106449658111325,0.591842030865877,0.482774946759303,0.5,0.5,0.881250197586403,47.4338346905942,46.33404955799162,47.43383469059413
P0076,"Grilled pork neck, 150 g",P0535,"Grilled minced-meat rolls with mustard, 40/20/30 g",630,2088,5898,0.0202201752415188,0.0670154379433193,0.189299354880123,0.301724137931034,1.59389945159668,0.0075341960718394,1.16100339301118,0.0769143604368577,184.319167641838,5.5262563739908796e-42,2.10074763206413e-41,1.0,0.348840733427431,0.7413773733382,408.855968253968,257579.26,630,1.79481720043379,0.0565116935607821,1.35454364499977,0.841625287024073,0.142457277147403,0.618240685157982,0.392060026966539,0.5,0.5,0.935270000297039,47.4078597884089,46.296942554869815,47.40785978840887
P0091,Product P0091,P0599,Product P0599,147,606,2260,0.0047180408896877,0.0194498828513657,0.0725358667394165,0.242574257425743,3.34419740646631,0.0033072267790837,1.22449513018718,0.0923305916916584,265.611498317539,1.0265796198016301e-59,6.05404521731665e-59,0.576923076923077,0.513845345281041,0.381097764524931,467.336530612245,68698.47,147,2.19457284609047,0.0150721253129409,1.3686465308362,0.987269781383635,0.0997401589380999,0.978053719207,0.321909211388553,0.5,0.5,0.441336892488145,47.4074307155545,46.2963295936493,47.407430715554504
P0072,"French fries, 180 g",P0070,"Caru' cu Flori potatoes, 180 g",947,5580,4003,0.0303944538947909,0.179092980710595,0.128478351574285,0.169713261648746,1.32094831206344,0.0073848829545684,1.04966345741755,0.0575576802103688,103.21960627571,2.99982633093013e-24,6.76200522116689e-24,1.0,0.361422394408922,0.734525892997494,405.522492080253,384029.8,947,1.77203055361701,0.0842543548568639,1.32780169899483,0.825009581753094,0.111805813384516,0.577191778004269,0.468012198719237,0.5,0.5,0.925876815406771,47.3989639562282,46.28423422318307,47.398963956228144
P0601,Cornflake-crusted pike-perch with potatoes and sauce,P0165,"Honey lemonade, 500 ml",281,952,3686,0.0090188400680424,0.0305549314760728,0.118304072921013,0.295168067226891,2.49499497302991,0.0054040672266006,1.25093073409716,0.0972208060559411,294.492385000611,5.22073602755617e-66,3.49436994237042e-65,0.730769230769231,0.582298152296514,0.461840412130045,453.477651245552,127427.22,281,2.09983768887072,0.0279569403528155,1.30866317193459,0.944000934172024,0.125409056013475,0.871158534026997,0.347221142001785,0.5,0.5,0.552032768382089,47.396102324666,46.28014617809432,47.396102324666025
P0142,Product P0142,P0072,"French fries, 180 g",246,813,5580,0.0078954969990692,0.0260936547164361,0.179092980710595,0.302583025830258,1.68953034691637,0.0032223065982696,1.17706773665306,0.0527174676669046,86.5893969429073,1.33561311798858e-20,2.6835246993104003e-20,0.769230769230769,0.511510730784254,0.508915188998791,375.159674796748,92289.28,246,1.56447940948193,0.0202478394817394,1.35005641947025,0.97385985064502,0.10360661635159,0.944924640853127,0.261981301339721,0.5,0.5,0.616570950031557,47.3759606712043,46.251372387434756,47.375960671204325
P0091,Product P0091,P0535,"Grilled minced-meat rolls with mustard, 40/20/30 g",202,606,5898,0.0064832942837885,0.0194498828513657,0.189299354880123,0.333333333333333,1.76087939414491,0.002801444007531,1.21605096767982,0.0517825850905838,83.5455051492001,6.22660560897107e-20,1.2174241432594e-19,0.653846153846154,0.522082546142126,0.429573386478541,386.420297029703,78056.9,202,1.64145365750049,0.0171253213985653,1.3758620789424,0.992474699118693,0.111243116394679,0.990912408101913,0.262242505559149,0.5,0.5,0.507795592949668,47.3659165306115,46.23702361515928,47.36591653061149
P0101,Product P0101,P0535,"Grilled minced-meat rolls with mustard, 40/20/30 g",143,500,5898,0.0045896588246621,0.0160477581281895,0.189299354880123,0.286,1.51083452017633,0.0015518285637236,1.13543507719871,0.0315242469074648,30.963145604031,2.62974852118513e-08,3.47764319589452e-08,0.615384615384615,0.659952029160619,0.370724336953155,581.417272727273,83142.67,143,2.97439470282629,0.0182411157205174,1.32510327252476,0.955859959968605,0.0804234543957284,0.900456119709839,0.423221586603111,0.5,0.5,0.427115218005831,47.3531753942319,46.21882199175982,47.35317539423187
P0011,Product P0011,P0535,"Grilled minced-meat rolls with mustard, 40/20/30 g",609,1889,5898,0.0195461694001348,0.0606284302082999,0.189299354880123,0.322392800423504,1.70308451725926,0.008069246674309,1.19641681143082,0.0863120233948396,232.112340022906,2.06388456719433e-52,1.04245280685602e-51,0.923076923076923,0.482151123766801,0.622795414229405,446.061592775041,271651.51,609,2.04914372967204,0.0595990798655285,1.37333155738892,0.853298873338896,0.15233250032754,0.64708014475197,0.43092414329372,0.5,0.5,0.772697503381091,47.3337108012755,46.191015430393584,47.33371080127551
P0094,Product P0094,P0070,"Caru' cu Flori potatoes, 180 g",306,1003,4003,0.0098212279744519,0.0321918028051481,0.128478351574285,0.305084745762712,2.37460040562798,0.005685278215842,1.25414090871018,0.0962565645061199,288.679768741197,9.643284539893521e-65,6.26239490060942e-64,0.884615384615385,0.559213096027012,0.567347328514267,383.162745098039,117247.8,306,1.61918600611019,0.0257236228735026,1.2989014925536,0.936959370955173,0.129817385892872,0.853762433771753,0.283982146970159,0.5,0.5,0.696679753196603,47.3180368646617,46.16862409237387,47.31803686466171
P0009,"Borsec sparkling mineral water, 750 ml",P0070,"Caru' cu Flori potatoes, 180 g",639,3139,4003,0.0205090348878262,0.100747825528774,0.128478351574285,0.203568015291494,1.58445382274221,0.0075651203391956,1.09428258176333,0.0751109377575905,175.776981611983,4.05075483536592e-40,1.45853911728852e-39,1.0,0.355176827418367,0.737911082721961,446.508215962441,285318.75,639,2.05219671229472,0.0625976088569607,1.34474227106137,0.83553535098946,0.107215049596273,0.603195568818953,0.439786391818634,0.5,0.5,0.930517814342672,47.3091183481039,46.15588335443417,47.309118348103915
P0011,Product P0011,P0159,Product P0159,265,1889,1626,0.0085053118079404,0.0606284302082999,0.0521873094328722,0.140285865537321,2.68812220943808,0.0053412771602305,1.10247424413873,0.10063395315944,315.532937610359,1.36127301103287e-70,1.00347895610599e-69,0.846153846153846,0.51232876338172,0.559503903279444,478.288981132075,126746.58,265,2.26944052438423,0.0278076110974041,1.28806296259979,0.92914102424773,0.071049982930105,0.834447298912574,0.366878211742367,0.5,0.5,0.685926640038564,47.3067762720866,46.15253753155223,47.30677627208656
P0058,Product P0058,P0072,"French fries, 180 g",571,2522,5580,0.0183265397823924,0.0809448919985878,0.179092980710595,0.226407613005551,1.26419032229641,0.0038298778010681,1.06116222585745,0.0366212487971188,41.7851469578379,1.01874384008306e-10,1.46436038146327e-10,1.0,0.384872406920925,0.722088182999734,456.806217162872,260836.35,571,2.12259077064236,0.0572262839823086,1.36476362923125,0.847975320257738,0.0937896463358547,0.633928368610515,0.432893189217076,0.5,0.5,0.908825068366591,47.3004747669348,46.14353538133546,47.30047476693482
P0011,Product P0011,P0095,Product P0095,436,1889,3929,0.0139936450877812,0.0606284302082999,0.126103283371313,0.230809952355744,1.83032468453752,0.0063482009728661,1.13612587591988,0.0801309973796038,200.058372320897,2.02812052336789e-45,8.25626675744166e-45,0.961538461538462,0.446021009833757,0.664954696369872,544.49369266055,237399.25,436,2.72199614518076,0.0520842930737494,1.34653211400312,0.836647442936543,0.104084571785939,0.605942979075559,0.489283338943321,0.5,0.5,0.830496681411801,47.2911846102144,46.13026372887769,47.29118461021439
P0072,"French fries, 180 g",P0011,Product P0011,686,5580,1889,0.022017524151876,0.179092980710595,0.0606284302082999,0.122939068100358,2.02774618570824,0.0111593978700673,1.07104482211641,0.121954443045915,463.394514667862,8.773887987128029e-103,1.01833104191028e-101,1.0,0.430335816929933,0.699136516168906,458.469591836735,314510.14,686,2.13396110276477,0.0690020642711632,1.34622456049186,0.836456349195751,0.102054815872313,0.605470884205344,0.467623562424301,0.5,0.5,0.877358985219429,47.2765751022334,46.10939300319064,47.276575102233444
P0015,Product P0015,P0535,"Grilled minced-meat rolls with mustard, 40/20/30 g",382,1453,5898,0.0122604872099368,0.0466347851205187,0.189299354880123,0.262904335856848,1.38882848292503,0.0034325524716494,1.09985811144648,0.0415554239701606,53.8035670635641,2.2157008492135e-13,3.49325090533516e-13,0.884615384615385,0.594967293076544,0.554629169171892,319.165837696335,121921.35,382,1.18172227445751,0.0267489780416205,1.34988187394629,0.97373394266411,0.0942522503700892,0.944613586646639,0.235094751700112,0.5,0.5,0.679243518072777,47.2716469550646,46.10235279294939,47.27164695506457
P0071,Product P0071,P0567,"Fried Romanian cheese doughnuts, 180 g",261,1212,2807,0.0083769297429149,0.0388997657027313,0.0900921141316558,0.215346534653465,2.39029283227575,0.0048723676115297,1.15963023940319,0.0880116391857941,241.343637232534,2.0032537879245402e-54,1.07134798167925e-53,0.846153846153846,0.523831666122465,0.555280392818562,442.972030651341,115615.7,261,2.02802440640032,0.0253655477122471,1.29735037611978,0.935840476961717,0.0910720815030901,0.85099821913848,0.331372126456518,0.5,0.5,0.680136327190501,47.2702118138668,46.10030259123824,47.270211813866766
P0066,Product P0066,P0072,"French fries, 180 g",164,422,5580,0.0052636646660461,0.0135443078601919,0.179092980710595,0.388625592417062,2.16996551665563,0.0028379741997024,1.34272388426407,0.064033166128232,127.75137597579,1.27222231840051e-29,3.38535255945112e-29,0.807692307692308,0.494602614700545,0.540406058271305,397.807865853658,65240.49,164,1.71929567447343,0.0143134605582579,1.31573019624004,0.949098714631685,0.135269099056361,0.883752541525683,0.263487159459744,0.5,0.5,0.659744037119697,47.2476163720327,46.06802338861819,47.24761637203273
P0071,Product P0071,P0058,Product P0058,176,1212,2522,0.0056488108611227,0.0388997657027313,0.0809448919985878,0.145214521452145,1.79399240479163,0.0025000735275447,1.07518802210204,0.0474055780549579,70.0187780988897,5.87425837548374e-17,1.05930841118227e-16,0.769230769230769,0.496823902942039,0.513908662013501,559.567613636364,98483.9,176,2.82503696368976,0.0216069103446865,1.29417274077612,0.933548297585696,0.0402207533714484,0.845335416575997,0.415080101330896,0.5,0.5,0.623416859665576,47.2468940222226,46.066991460317986,47.24689402222259
P0142,Product P0142,P0009,"Borsec sparkling mineral water, 750 ml",134,813,3139,0.0043007991783547,0.0260936547164361,0.100747825528774,0.164821648216482,1.63598218970402,0.0016719202055752,1.07671873025789,0.0348442325849581,37.8283538029507,7.725079659567711e-10,1.07775727731309e-09,0.692307692307692,0.642880528523927,0.421398683767777,496.619776119403,66547.05,134,2.39474436022401,0.0146001137551759,1.37059069813185,0.988672201641681,0.038234977788034,0.981518382188448,0.344270712223384,0.5,0.5,0.496588307784011,47.2463645218374,46.06623503119632,47.24636452183742
P0612,"Sour cream, 50 g",P0567,"Fried Romanian cheese doughnuts, 180 g",365,2147,2807,0.0117148634335783,0.0689090734024457,0.0900921141316558,0.170004657661854,1.8870093048701,0.0055066993278985,1.09628071322073,0.0759302811909327,179.63280464723,5.82900465219336e-41,2.14122696146227e-40,0.961538461538462,0.439240363001944,0.668087476043891,384.044109589041,140176.1,365,1.62521075034916,0.0307539854247021,1.28014497746593,0.923429405304508,0.0753726297784532,0.820336810559892,0.298956460432203,0.5,0.5,0.834791633339737,47.2412343488083,46.05890621258333,47.24123434880833
P0020,Product P0020,P0095,Product P0095,140,572,3929,0.004493372275893,0.0183586352986488,0.126103283371313,0.244755244755245,1.94091095974527,0.0021782880865169,1.1571039859065,0.0488793523237325,74.440026591338,6.25086789921885e-18,1.16377079830167e-17,0.730769230769231,0.601536388495066,0.4562926175258,479.817142857143,67174.4,140,2.27988658120102,0.0147377514320423,1.34399853274217,0.969490009074585,0.0746006389436935,0.934128997937231,0.331062131040975,0.5,0.5,0.544426899597602,47.240104354414,46.057291934877156,47.24010435441401
P0101,Product P0101,P0076,"Grilled pork neck, 150 g",108,500,2088,0.0034663157556889,0.0160477581281895,0.0670154379433193,0.216,3.22313793103448,0.0023908682167198,1.19003132915393,0.0760916120639161,180.396955769009,3.969623199677e-41,1.46312801042149e-40,0.576923076923077,0.667751089638196,0.345928766293437,599.6875,64766.25,108,3.09928451587149,0.014209414504417,1.32934602176265,0.958920456611227,0.0803336017397698,0.908017041168085,0.426578314813634,0.5,0.5,0.39312119509626,47.2297911053924,46.04255872198911,47.22979110539237
P0058,Product P0058,P0011,Product P0011,373,2522,1889,0.0119716275636294,0.0809448919985878,0.0606284302082999,0.147898493259318,2.43942475091613,0.0070640658283746,1.10241744951823,0.108525643407386,366.961390585088,8.58619686775774e-82,7.37601636434937e-81,0.961538461538462,0.425801381114463,0.674384577175038,526.680750670241,196451.92,373,2.6002321976531,0.0431006390128897,1.37867033492573,0.856616042330358,0.0836685405367054,0.655275172270998,0.44939836267784,0.5,0.5,0.843424780084121,47.2010893105521,46.00155615793153,47.20108931055207
P0095,Product P0095,P0058,Product P0058,574,3929,2522,0.0184228263311615,0.126103283371313,0.0809448919985878,0.146093153474166,1.80484709864972,0.0082154096780032,1.07629434257453,0.0907340870225787,256.505440886456,9.914391540065471e-58,5.72306940222827e-57,0.961538461538462,0.356987758876397,0.70858300323551,409.332891986063,234957.08,574,1.7980773085238,0.0515484923160978,1.40646740489047,0.87388733297785,0.0884828033638382,0.69794369549354,0.378375410690274,0.5,0.5,0.890309850604382,47.1991366969969,45.99876670999552,47.19913669699687
P0597,"Assorted pickled vegetables, 180 g",P0570,Product P0570,166,971,1256,0.0053278556985589,0.031164746284944,0.040311968418012,0.170957775489186,4.24086895773613,0.0040715434305648,1.1575864331256,0.11912975957579,442.177016353953,3.63618678631507e-98,4.00715129683812e-97,0.769230769230769,0.468587924054241,0.523789387500342,442.656927710843,73481.05,166,2.0258704568768,0.0161214011567721,1.32212325559476,0.953710332145263,0.0914089567574714,0.895145489104858,0.304910086820809,0.5,0.5,0.636963053587562,47.1989211895384,45.9984588421977,47.19892118953839
P0049,Product P0049,P0009,"Borsec sparkling mineral water, 750 ml",125,831,3139,0.0040119395320473,0.0266713740090509,0.100747825528774,0.150421179302046,1.49304641080403,0.0013248565967708,1.05846821102775,0.0273185623436295,23.2525890084241,1.42059081552099e-06,1.7794082430923e-06,0.653846153846154,0.677000148120703,0.389890337564295,725.47952,90684.94,125,3.95916116797145,0.0198958547355789,1.27425687731547,0.919182038860845,0.0286304680064214,0.809843741024154,0.54450584670485,0.5,0.5,0.453391260320049,47.193513717909,45.990733882727135,47.19351371790899
P0605,Product P0605,P0009,"Borsec sparkling mineral water, 750 ml",106,480,3139,0.0034021247231761,0.0154058478030619,0.100747825528774,0.220833333333333,2.19194143570139,0.0018500190565904,1.15412043782403,0.0499052442400014,77.5975492264967,1.26326766913157e-18,2.38860489951914e-18,0.730769230769231,0.59929825659342,0.456931174505125,564.611320754717,59848.8,106,2.85951423809161,0.0131305488088619,1.31136197015129,0.945947705573825,0.0653532728717483,0.875968010195404,0.395131736917083,0.5,0.5,0.545302343074267,47.1820838304274,45.9744054720391,47.182083830427366
P0600,Product P0600,P0599,Product P0599,134,540,2260,0.0043007991783547,0.0173315787784447,0.0725358667394165,0.248148148148148,3.42104064241232,0.0030436380896978,1.23357298512491,0.0899177608539187,251.910692210024,9.951711167358459e-57,5.65485254353546e-56,0.692307692307692,0.56126919292307,0.443426217237738,469.480223880597,62910.35,134,2.20922649256757,0.013802238662389,1.3389486061947,0.965847257081141,0.100344663719753,0.925129621388102,0.320044044847606,0.5,0.5,0.5267874303489,47.1782409025982,45.96891557514031,47.17824090259821
P0089,Product P0089,P0082,"Tripe soup, 300/100 g",298,1128,2454,0.0095644638444009,0.0362037423371955,0.078762396893154,0.264184397163121,3.35419448346021,0.0067129703214212,1.25199520036689,0.133413594784614,554.569277875864,1.27642096787835e-122,1.83233588941485e-121,0.884615384615385,0.527647106097821,0.579070507242357,386.362248322148,115135.95,298,1.64105685388519,0.0252602927899922,1.28552088896335,0.927307305733302,0.134651948124711,0.82991711859117,0.285258049213371,0.5,0.5,0.712751898166556,47.1240613002506,45.89151614321514,47.124061300250595
P0076,"Grilled pork neck, 150 g",P0095,Product P0095,482,2088,3929,0.0154700388355747,0.0670154379433193,0.126103283371313,0.230842911877395,1.83058605379587,0.0070191720743556,1.13617456059819,0.0845605851026166,222.787896470607,2.2299199409722997e-50,1.08126340248924e-49,1.0,0.450571344965748,0.689383533923051,482.949045643154,232781.44,482,2.30129533258554,0.0510711670027997,1.36094926555424,0.845605322852093,0.109421870114019,0.628073317508425,0.436601553723899,0.5,0.5,0.863987923651531,47.1218140634422,45.88830580491739,47.121814063442166
P0599,Product P0599,P0535,"Grilled minced-meat rolls with mustard, 40/20/30 g",854,2260,5898,0.0274095708829477,0.0725358667394165,0.189299354880123,0.37787610619469,1.99618274681383,0.0136785781035055,1.30311767992242,0.13462048908445,564.648218666201,8.193746490402959e-125,1.19191698947062e-123,0.961538461538462,0.535150375095343,0.626348061491203,356.99200234192,304871.17,854,1.44029063052038,0.0668873190122415,1.35974486859767,0.844856988947903,0.211570458770599,0.626224567277718,0.379499996249074,0.5,0.5,0.777568081843049,47.1215812643783,45.88797323482616,47.121581264378314
P0165,"Honey lemonade, 500 ml",P0072,"French fries, 180 g",1161,3686,5580,0.037262894373656,0.118304072921013,0.179092980710595,0.314975583288117,1.75872656783295,0.0160754653240282,1.19836169231713,0.129812950322585,525.039134340287,3.39017054624526e-116,4.56626674809084e-115,0.961538461538462,0.673558424815484,0.574547292332788,364.227760551249,422868.43,1161,1.48975211102163,0.092775369929586,1.3319308997761,0.82757519845031,0.210440394577053,0.583530104297283,0.458748314766784,0.5,0.5,0.706550699034219,47.1198832631646,45.885547518806554,47.11988326316459
P0097,Product P0097,P0535,"Grilled minced-meat rolls with mustard, 40/20/30 g",213,697,5898,0.0068363449626087,0.0223705748306962,0.189299354880123,0.305595408895265,1.61434997540688,0.0026016095788604,1.16747592902594,0.0449067465952318,62.831701277513,2.25145683942456e-15,3.8320427641375906e-15,0.692307692307692,0.520085628821709,0.455439929949429,399.286948356807,85048.12,213,1.72940624039794,0.0186591626024573,1.35722481602084,0.979030755722348,0.0986766094358927,0.957699301871616,0.277004218287072,0.5,0.5,0.543257889156033,47.100181483452,45.85740211921706,47.10018148345194
P0050,Product P0050,P0095,Product P0095,246,1560,3929,0.0078954969990692,0.0500690053599512,0.126103283371313,0.157692307692308,1.25050120406445,0.0015816310280435,1.03750295124867,0.0218464771096474,14.8702565894229,0.0001151646111585,0.0001370170019345,0.961538461538462,0.428691152677227,0.673020519331021,461.362398373984,113495.15,246,2.15373546365366,0.0249003088891357,1.26893867268611,0.915345765138237,0.0373833236918521,0.800366271287699,0.344936955544796,0.5,0.5,0.841554695534109,47.069277965828,45.81325423689718,47.06927796582802
P0597,"Assorted pickled vegetables, 180 g",P0070,"Caru' cu Flori potatoes, 180 g",394,971,4003,0.0126456334050133,0.031164746284944,0.128478351574285,0.405767250257467,3.15825386367022,0.0086416381750928,1.46663348461242,0.148622734079309,688.218158223853,1.0908725183898201e-151,2.16389439556962e-150,1.0,0.395742896443613,0.716464330607037,410.569543147208,161764.4,394,1.80653068625206,0.035490358198264,1.35662803593997,0.842920391932494,0.197425584071353,0.621440226812885,0.333851689369729,0.5,0.5,0.901114926515006,47.0654992702294,45.80785610032771,47.065499270229395
P0576,Product P0576,P0072,"French fries, 180 g",276,1175,5580,0.0088583624867606,0.0377122316012453,0.179092980710595,0.234893617021277,1.31157355296271,0.0021043665200452,1.07293186614577,0.0288098845431234,25.860604352271,3.66983016578547e-07,4.69927782966191e-07,0.692307692307692,0.552088794026778,0.446049024367705,490.608876811594,135408.05,276,2.35365564908869,0.0297078973954,1.31592696452223,0.949240652944143,0.0704758249616767,0.884103198480328,0.382236288191358,0.5,0.5,0.530383224407729,47.0401384767446,45.771626395349344,47.04013847674454
P0613,Product P0613,P0095,Product P0095,450,1844,3929,0.0144429823153705,0.0591841319767628,0.126103283371313,0.244034707158351,1.93519709110022,0.0069796689496196,1.15600110865373,0.0891018282140932,247.359653843109,9.77396893325545e-56,5.4405102582559696e-55,1.0,0.344142559764694,0.743968705354483,442.9062,199307.79,450,2.02757440774317,0.043727203629503,1.36564803372564,0.848524831666384,0.11393304731673,0.635285930172036,0.383373871766416,0.5,0.5,0.938822642869244,47.0400834137961,45.7715477339944,47.04008341379608
P0009,"Borsec sparkling mineral water, 750 ml",P0599,Product P0599,468,3139,2260,0.0150207016079854,0.100747825528774,0.0725358667394165,0.149092067537432,2.05542546383353,0.0077128707611442,1.08997001658741,0.0987944393514497,304.102952225528,4.20626025112193e-68,2.96066447353163e-67,1.0,0.424552553592644,0.701974804283671,528.730790598291,247446.01,468,2.61424565788692,0.0542885055650762,1.33734583300836,0.830939685635818,0.0856235110781058,0.591842030865877,0.482774946759303,0.5,0.5,0.881250197586403,47.0173117499298,45.73901678561392,47.01731174992974
P0074,Product P0074,P0072,"French fries, 180 g",470,805,5580,0.0150848926404981,0.0258368905863851,0.179092980710595,0.583850931677019,3.26004363409693,0.0104576868930889,1.97262731500887,0.171914854960513,920.836328663832,2.89941475662965e-202,8.11092692175114e-201,1.0,0.411866072907396,0.708282477487927,339.208510638298,159428.0,470,1.31872799635044,0.0349777628874637,1.34505117650321,0.835727284731952,0.276659549957505,0.603669738903626,0.274644260658107,0.5,0.5,0.889897838342657,46.9984493738113,45.712070534016185,46.998449373811326
P0070,"Caru' cu Flori potatoes, 180 g",P0599,Product P0599,808,4003,2260,0.0259331771351542,0.128478351574285,0.0725358667394165,0.201848613539845,2.78274214692963,0.016613888546462,1.16201531312742,0.191422181321155,1141.66886143999,2.90099558349353e-250,8.79162828219844e-249,1.0,0.368270922101139,0.730849412822706,359.579207920792,290540.0,808,1.45797599459558,0.0637431268618041,1.34011535655218,0.832660487365682,0.170586062238993,0.596093251580687,0.372680146622434,0.5,0.5,0.920836465539311,46.9955538642354,45.70793409176484,46.99555386423539
P0070,"Caru' cu Flori potatoes, 180 g",P0009,"Borsec sparkling mineral water, 750 ml",639,4003,3139,0.0205090348878262,0.128478351574285,0.100747825528774,0.159630277292031,1.58445382274221,0.0075651203391956,1.07006731700604,0.0751109377575905,175.776981611983,4.05075483536592e-40,1.45853911728852e-39,1.0,0.355176827418367,0.737911082721961,446.508215962441,285318.75,639,2.05219671229472,0.0625976088569607,1.34474227106137,0.83553535098946,0.0914348805348023,0.603195568818953,0.439786391818634,0.5,0.5,0.930517814342672,46.9935149668745,45.705021381249296,46.9935149668745
P0535,"Grilled minced-meat rolls with mustard, 40/20/30 g",P0095,Product P0095,1053,5898,3929,0.0337965786179671,0.189299354880123,0.126103283371313,0.17853509664293,1.41578467958864,0.0099253084275121,1.06382721045944,0.0763213307074554,181.48782759645,2.29389964808317e-41,8.51239631312497e-41,0.961538461538462,0.50743939700242,0.637862101422123,371.48804368471,391176.91,1053,1.53938123657426,0.0858223976028723,1.35999361146299,0.845011541579847,0.130989357682475,0.626606387762347,0.444912665458626,0.5,0.5,0.793353503463906,46.983703252708,45.691004646725744,46.98370325270802
P0567,"Fried Romanian cheese doughnuts, 180 g",P0612,"Sour cream, 50 g",365,2807,2147,0.0117148634335783,0.0900921141316558,0.0689090734024457,0.130032062700392,1.8870093048701,0.0055066993278985,1.07025889883675,0.0759302811909327,179.63280464723,5.82900465219336e-41,2.14122696146227e-40,0.961538461538462,0.439240363001944,0.668087476043891,384.044109589041,140176.1,365,1.62521075034916,0.0307539854247021,1.28014497746593,0.923429405304508,0.0610165355633787,0.820336810559892,0.298956460432203,0.5,0.5,0.834791633339737,46.9541124645068,45.64873209215264,46.95411246450685
P0091,Product P0091,P0076,"Grilled pork neck, 150 g",156,606,2088,0.0050069005359951,0.0194498828513657,0.0670154379433193,0.257425742574257,3.84129016349911,0.0037034581187646,1.25641921023633,0.10724804542814,358.372277182806,6.36822092424591e-80,5.26343108208506e-79,0.692307692307692,0.497348292927204,0.46235581633067,413.097884615385,64443.27,156,1.8238136728598,0.0141385541921921,1.34186794205189,0.967953112763073,0.114612446047079,0.930332113425425,0.275365888555508,0.5,0.5,0.552739372898039,46.9336026895407,45.61943241362947,46.93360268954062
P0592,Product P0592,P0072,"French fries, 180 g",197,565,5580,0.0063228167025066,0.0181339666848541,0.179092980710595,0.348672566371681,1.9468801344879,0.0030751505568095,1.26035996168074,0.0601045834292098,112.556561494188,2.6985569198963004e-26,6.57170892769388e-26,0.653846153846154,0.689517723903604,0.387001654137994,437.185989847716,86125.64,197,1.98847276079407,0.0188955654869349,1.34891391038398,0.973035704548552,0.12063622114535,0.942888597480708,0.308347037983201,0.5,0.5,0.449430957412736,46.9317467063126,45.616781009017906,46.93174670631253
P0570,Product P0570,P0597,"Assorted pickled vegetables, 180 g",166,1256,971,0.0053278556985589,0.040311968418012,0.031164746284944,0.132165605095541,4.24086895773613,0.0040715434305648,1.11638264097808,0.11912975957579,442.177016353953,3.63618678631507e-98,4.00715129683812e-97,0.769230769230769,0.468587924054241,0.523789387500342,442.656927710843,73481.05,166,2.0258704568768,0.0161214011567721,1.32212325559476,0.953710332145263,0.0774768101576494,0.895145489104858,0.304910086820809,0.5,0.5,0.636963053587562,46.920278257542,45.60039751077421,46.920278257541945
P0049,Product P0049,P0095,Product P0095,161,831,3929,0.005167378117277,0.0266713740090509,0.126103283371313,0.193742478941035,1.53637933732905,0.0018040302827113,1.0838927933111,0.0337285855898453,35.4447480079221,2.6238893552919e-09,3.5605264758998303e-09,0.615384615384615,0.59671055652172,0.385407745236664,586.215776397516,94380.74,161,3.00719583974307,0.0207066960939318,1.3182209400703,0.950895406517706,0.0497182703823584,0.888191247991061,0.434095016946906,0.5,0.5,0.447245753593426,46.9125482423408,45.58935463191538,46.91254824234076
P0537,Product P0537,P0007,Product P0007,194,1610,2157,0.0062265301537375,0.0516737811727702,0.0692300285650095,0.120496894409938,1.74052931809478,0.0026491528070846,1.05829071610899,0.0471437985995911,69.2476085645477,8.68461711854586e-17,1.5532651272677899e-16,0.769230769230769,0.496027212997862,0.51418233742508,375.658505154639,72877.75,194,1.56788926471845,0.0159890399382283,1.38096150681146,0.996153158767719,0.0323376447953706,1.0,0.250311383063318,0.5,0.5,0.623792060879482,46.8909011659686,45.558430237097994,46.89090116596859
P0155,Product P0155,P0156,Product P0156,102,423,1346,0.0032737426581506,0.0135764033764483,0.0432005648810861,0.24113475177305,5.58174997101999,0.0026872343632346,1.26082916216605,0.114215825678428,406.451004906715,2.17099914802438e-90,2.13383790134648e-89,0.423076923076923,0.722659651851954,0.245595189172796,550.153921568627,56115.7,102,2.7606877782716,0.0123115240037136,1.36109398588863,0.981821771812657,0.118860297413149,0.964594474750958,0.381109086994992,0.5,0.5,0.255566711432802,46.84694429751,45.495634710728574,46.84694429751
P0076,"Grilled pork neck, 150 g",P0007,Product P0007,282,2088,2157,0.0090509355842988,0.0670154379433193,0.0692300285650095,0.135057471264368,1.95085101167543,0.0044114549011862,1.07610614637667,0.0695006310204576,150.498832100318,1.34873949246828e-34,4.07610744122686e-34,0.807692307692308,0.609261291029439,0.501902526454004,398.849645390071,112475.6,282,1.7264169680181,0.0246766243534712,1.34780855069589,0.97223835607835,0.0542194324771602,0.940918757333169,0.293709713601222,0.5,0.5,0.606956788918828,46.8465259574193,45.49503708202757,46.8465259574193
P0050,Product P0050,P0076,"Grilled pork neck, 150 g",166,1560,2088,0.0053278556985589,0.0500690053599512,0.0670154379433193,0.106410256410256,1.5878469152176,0.0019724593769753,1.04408602353545,0.0361703655308532,40.7625579904953,1.71895236236726e-10,2.46112470779879e-10,0.730769230769231,0.469327347458851,0.49734950624384,522.06265060241,86662.4,166,2.56866424584352,0.0190133281384608,1.32097268011051,0.952880367372617,0.0199943990052202,0.893095070760431,0.377373650360673,0.5,0.5,0.600714727566173,46.8164096781882,45.45201382598316,46.81640967818821
P0007,Product P0007,P0076,"Grilled pork neck, 150 g",282,2157,2088,0.0090509355842988,0.0692300285650095,0.0670154379433193,0.130737134909597,1.95085101167543,0.0044114549011862,1.07330544019001,0.0695006310204576,150.498832100318,1.34873949246828e-34,4.07610744122686e-34,0.807692307692308,0.609261291029439,0.501902526454004,398.849645390071,112475.6,282,1.7264169680181,0.0246766243534712,1.34780855069589,0.97223835607835,0.0526677905132171,0.940918757333169,0.293709713601222,0.5,0.5,0.606956788918828,46.8154931181404,45.45070445448634,46.81549311814044
P0599,Product P0599,P0095,Product P0095,468,2260,3929,0.0150207016079854,0.0725358667394165,0.126103283371313,0.207079646017699,1.64214317408334,0.0058736906499609,1.10212420735538,0.0682170373934304,144.991099490783,2.15728153201981e-33,6.32686599847746e-33,0.961538461538462,0.441329254676458,0.667119229293866,486.294914529915,227586.02,468,2.32416669228478,0.0499313159800134,1.37170821831711,0.852290236062944,0.0925465907116012,0.64458831806047,0.436077986393672,0.5,0.5,0.833464194554232,46.7988998488572,45.42699978408169,46.798899848857175
P0599,Product P0599,P0018,"Hot pepper, 1 pc.",423,2260,2461,0.0135764033764483,0.0725358667394165,0.0789870655069487,0.18716814159292,2.36960495230013,0.0078470081186987,1.13309157972471,0.112167821015475,392.00553656335,3.02881228555525e-87,2.8734210465572002e-86,0.846153846153846,0.558154928484378,0.543048595929355,393.286430260047,166360.16,423,1.68838849211862,0.036498646601604,1.28697289180256,0.928354704381042,0.102655215383156,0.832504704802098,0.322722526244205,0.5,0.5,0.663366881171966,46.7913177403088,45.4161682004412,46.79131774030884
P0599,Product P0599,P0594,Product P0594,239,2260,850,0.0076708283852745,0.0725358667394165,0.0272811888179221,0.105752212389381,3.87637844872462,0.0056919637086849,1.08775087247476,0.134713728112697,565.430647603772,5.53707749683185e-125,8.16344803924804e-124,0.692307692307692,0.676489091309959,0.412950907880196,459.243430962343,109759.18,239,2.139250835743,0.0240806544193143,1.34114911284515,0.967434587097167,0.0770335579784825,0.929051101781953,0.340898315073535,0.5,0.5,0.485006647051198,46.7897259671914,45.41389423884484,46.78972596719139
P0071,Product P0071,P0082,"Tripe soup, 300/100 g",240,1212,2454,0.0077029239015309,0.0388997657027313,0.078762396893154,0.198019801980198,2.51414138968909,0.0046390851162017,1.14870367794804,0.0890695413809086,247.18042041865,1.06941716046065e-55,5.92250823382017e-55,0.846153846153846,0.413335175319674,0.598692978799215,450.083875,108020.13,240,2.07663884878531,0.023699114924687,1.27006061859403,0.916155078036986,0.0843835646788111,0.802365669417196,0.332403603619891,0.5,0.5,0.739653749178595,46.7795942461039,45.399420351577014,46.77959424610391
P0082,"Tripe soup, 300/100 g",P0072,"French fries, 180 g",804,2454,5580,0.0258047950701287,0.078762396893154,0.179092980710595,0.327628361858191,1.82937578322861,0.0116990026426229,1.22091262141588,0.113270621065685,399.75158816945,6.23750384799533e-89,6.02222716651585e-88,1.0,0.366386687616136,0.73185724733944,358.854664179105,288519.15,804,1.45302323012847,0.0632997617557303,1.32705715558085,0.824546970919693,0.180608201030237,0.57604890330597,0.370836822119887,0.5,0.5,0.922218178028249,46.7720603094044,45.38865758486339,46.77206030940437
P0594,Product P0594,P0009,"Borsec sparkling mineral water, 750 ml",170,850,3139,0.0054562377635844,0.0272811888179221,0.100747825528774,0.2,1.98515450780503,0.0027077173123388,1.12406521808903,0.0552229279751369,95.0155077671029,1.88899639720007e-22,3.97089608737047e-22,0.538461538461538,0.585706334493903,0.339572042280701,550.551176470588,93593.7,170,2.76340329405017,0.0205340231725946,1.3404847262825,0.966955333497579,0.0635528101734673,0.927867111322823,0.404741258951646,0.5,0.5,0.384406307075157,46.7672866797103,45.38183811387185,46.767286679710296
P0101,Product P0101,P0095,Product P0095,126,500,3929,0.0040440350483037,0.0160477581281895,0.126103283371313,0.252,1.99836192415373,0.0020203600575903,1.16831111848755,0.0484329952543865,73.0866894482562,1.24078490971678e-17,2.27895006144951e-17,0.538461538461538,0.668370923925773,0.322746896831855,603.127380952381,75994.05,126,3.12279851395305,0.0166727416875208,1.32147136257369,0.953240090730925,0.076302987270042,0.893983763144858,0.436345790808812,0.5,0.5,0.361339510682602,46.7460459313003,45.3514941875718,46.74604593130026
P0071,Product P0071,P0076,"Grilled pork neck, 150 g",421,1212,2088,0.0135122123439356,0.0388997657027313,0.0670154379433193,0.347359735973597,5.18327935523437,0.0109053275094745,1.42955409508558,0.225556953288447,1585.14163693052,0.0,0.0,0.961538461538462,0.363146018417064,0.705381850915015,431.961781472684,181855.91,421,1.95276163374964,0.0398983421962512,1.31650422088478,0.817990063930896,0.220374307153507,0.559850140640821,0.363661520551278,0.5,0.5,0.885921161720656,46.7369309841187,45.338472834455246,46.73693098411867
P0613,Product P0613,P0599,Product P0599,502,1844,2260,0.0161119491607023,0.0591841319767628,0.0725358667394165,0.272234273318872,3.75309878486553,0.0118189768505477,1.2743993008439,0.193107863835573,1161.86469092008,1.18379718305719e-254,3.79859625504529e-253,1.0,0.436248147696031,0.696258513268865,404.613227091633,203115.84,502,1.76581508991521,0.044562672116617,1.35340534814441,0.840918023421935,0.178385144477196,0.616493398632138,0.354750973268406,0.5,0.5,0.873413325010174,46.7267235776565,45.32389082522363,46.72672357765654
P0082,"Tripe soup, 300/100 g",P0537,Product P0537,834,2454,1610,0.0267676605578201,0.078762396893154,0.0516737811727702,0.339853300733496,6.57690018071649,0.0226977096961204,1.4365386055568,0.380647294101561,4514.41133862562,0.0,0.0,1.0,0.469407742620592,0.68054629834505,288.366330935252,240497.52,834,0.971186051571112,0.0527640391247651,1.31536881415227,0.817284596063053,0.31677736848367,0.558107290455726,0.283920272165418,0.5,0.5,0.851872324748059,46.6948218695769,45.27831695653838,46.69482186957687
P0159,Product P0159,P0058,Product P0058,186,1626,2522,0.0059697660236864,0.0521873094328722,0.0809448919985878,0.114391143911439,1.41319780763232,0.0017454698979457,1.03776639278493,0.028774192834673,25.7965681771014,3.79362398378314e-07,4.84642127202272e-07,0.769230769230769,0.450559005987759,0.530299536975375,442.291666666667,82266.25,186,2.02337364154774,0.018048833242221,1.34197525014697,0.968030519191377,0.0206028637258893,0.930523345108745,0.310078713656176,0.5,0.5,0.645888283558516,46.6829812854014,45.26140183628766,46.68298128540136
P0018,"Hot pepper, 1 pc.",P0599,Product P0599,423,2461,2260,0.0135764033764483,0.0789870655069487,0.0725358667394165,0.171881349045104,2.36960495230013,0.0078470081186987,1.11996527573812,0.112167821015475,392.00553656335,3.02881228555525e-87,2.8734210465572002e-86,0.846153846153846,0.558154928484378,0.543048595929355,393.286430260047,166360.16,423,1.68838849211862,0.036498646601604,1.28697289180256,0.928354704381042,0.097164988034285,0.832504704802098,0.322722526244205,0.5,0.5,0.663366881171966,46.6815131933314,45.25930456190203,46.68151319333141
P0631,Product P0631,P0072,"French fries, 180 g",188,509,5580,0.0060339570561992,0.0163366177744969,0.179092980710595,0.369351669941061,2.06234587461535,0.0031081834842349,1.30168745426264,0.0639463934031366,127.405373280325,1.51452543631253e-29,4.02030961317997e-29,0.730769230769231,0.555873287694207,0.469684283771094,409.842978723404,77050.48,188,1.80156410900594,0.016904517523931,1.31984317648935,0.952065602736162,0.129518042406025,0.891082204176165,0.280573078870175,0.5,0.5,0.56278649355038,46.6513314445511,45.216187777930145,46.651331444551104
P0011,Product P0011,P0070,"Caru' cu Flori potatoes, 180 g",559,1889,4003,0.0179413935873159,0.0606284302082999,0.128478351574285,0.295923769190048,2.30329674660363,0.0101519528156169,1.23782285253848,0.127127250774903,503.538804625802,1.6143704843903102e-111,1.97896426794363e-110,0.961538461538462,0.421643303539269,0.67635704339102,442.540161001789,247379.95,559,2.02507227455284,0.0542740123078294,1.33490304165444,0.829421894029786,0.157673468604748,0.58809234430737,0.412977674477714,0.5,0.5,0.846128975226659,46.6361595000632,45.1945135715189,46.63615950006323
P0089,Product P0089,P0095,Product P0095,208,1128,3929,0.0066758673813268,0.0362037423371955,0.126103283371313,0.184397163120567,1.46227091151629,0.0021104566022774,1.07147336560561,0.0340340650447133,36.0897009481056,1.88440162349608e-09,2.57629344766193e-09,0.807692307692308,0.509626406964894,0.53502794066525,410.770817307692,85440.33,208,1.80790653625647,0.0187452116552089,1.33527044274104,0.963194022994054,0.0497652439574538,0.918574837349648,0.286542342033841,0.5,0.5,0.652370790679049,46.6213563736093,45.173366248013345,46.62135637360934
P0572,"Medium Capricciosa pizza, 550 g",P0072,"French fries, 180 g",360,1605,5580,0.0115543858522964,0.0515133035914883,0.179092980710595,0.224299065420561,1.25241684252839,0.002328714765847,1.05827772366225,0.0274760758691494,23.5215018551762,1.23525540591521e-06,1.54903867569367e-06,0.769230769230769,0.584967109308765,0.485329168481134,446.719222222222,160818.92,360,2.0536390880212,0.0352829242766515,1.29842192481482,0.936613435955923,0.0725760041094585,0.852907805368456,0.362520436488282,0.5,0.5,0.584235186002322,46.6024367793471,45.146338256210214,46.602436779347144
P0613,Product P0613,P0535,"Grilled minced-meat rolls with mustard, 40/20/30 g",536,1844,5898,0.0172031967134191,0.0591841319767628,0.189299354880123,0.290672451193059,1.53551738925434,0.0059996787110778,1.14291436513842,0.0649035138201441,131.247806470924,2.1854797833528e-30,5.931239909547039e-30,1.0,0.385666587733238,0.721674325449287,397.431585820896,213023.33,536,1.71672353663174,0.0467363294166516,1.37111840710188,0.851923765750123,0.126137646980134,0.643682957403174,0.35510098175989,0.5,0.5,0.908257681423,46.581008537094,45.1157264815628,46.581008537093965
P0697,Product P0697,P0009,"Borsec sparkling mineral water, 750 ml",162,811,3139,0.0051994736335334,0.0260294636839234,0.100747825528774,0.199753390875462,1.98270672172883,0.0025770617676979,1.12371881894632,0.0537725608111661,90.0901008444091,2.2755741837382e-21,4.63181237772085e-21,0.769230769230769,0.560790915205307,0.492846775142579,431.903703703704,69968.4,162,1.95236463147913,0.0153507420579523,1.33914222704266,0.965986924999723,0.0622754750658174,0.925474669361013,0.294022432511464,0.5,0.5,0.594541611153063,46.5808676502965,45.115525214709315,46.58086765029652
P0570,Product P0570,P0070,"Caru' cu Flori potatoes, 180 g",506,1256,4003,0.0162403312257278,0.040311968418012,0.128478351574285,0.402866242038217,3.13567412020602,0.0110611159746669,1.45950825389693,0.168059410716553,879.997234030515,2.18895014043026e-193,5.55382465862654e-192,1.0,0.384280970981827,0.722396696164025,357.380632411067,180834.6,506,1.44294718951962,0.0396742715247594,1.34847018189441,0.837851632222951,0.21232195106522,0.608917914740768,0.30266593586987,0.5,0.5,0.909248031149691,46.5705963450141,45.10085192144867,46.57059634501407
P0142,Product P0142,P0599,Product P0599,182,813,2260,0.0058413839586609,0.0260936547164361,0.0725358667394165,0.223862238622386,3.08622821626446,0.0039486580974052,1.19497359800452,0.0954989317277658,284.153272011379,9.3443596230297e-64,5.85902089007207e-63,0.730769230769231,0.654297499934887,0.44173991122999,385.131868131868,70094.0,182,1.6326463426395,0.0153782981147219,1.36075937643816,0.981580402115248,0.0952268841979575,0.96399817371305,0.256246963308088,0.5,0.5,0.524475552721778,46.5541959515997,45.07742278799955,46.55419595159968
P0156,Product P0156,P0072,"French fries, 180 g",316,1346,5580,0.0101421831370158,0.0432005648810861,0.179092980710595,0.234769687964339,1.31088157130912,0.0024052652040806,1.07275810481897,0.0308547146082864,29.6618819262516,5.14363757844813e-08,6.72866738379726e-08,0.653846153846154,0.620650933590352,0.403446627706337,430.66079113924,136088.81,316,1.94386845266919,0.0298572529782541,1.34325926664666,0.968956741309638,0.074401845761773,0.932811566109068,0.334142257448769,0.5,0.5,0.471976548958153,46.5468788759737,45.066969822819615,46.54687887597373
P0049,Product P0049,P0070,"Caru' cu Flori potatoes, 180 g",201,831,4003,0.0064511987675321,0.0266713740090509,0.128478351574285,0.24187725631769,1.88263044593811,0.003024504600628,1.1495785553044,0.0560980466102987,98.0507933990866,4.07787205714781e-23,8.82729844116719e-23,0.692307692307692,0.69046592553715,0.409536614639369,470.67039800995,94604.75,201,2.21736216719752,0.0207558428477293,1.33304980787693,0.961592173541017,0.0807133670379295,0.914617486855064,0.340720647163474,0.5,0.5,0.480325748021226,46.5242875013416,45.03469643048801,46.524287501341604
P0063,Product P0063,P0535,"Grilled minced-meat rolls with mustard, 40/20/30 g",224,1031,5898,0.0071893956414288,0.0330904772603267,0.189299354880123,0.217264791464597,1.1477312830896,0.0009253896433736,1.03572783781734,0.0132061241044686,5.4338341988179,0.0197502698938619,0.0216340807773125,0.653846153846154,0.535656432262034,0.425776326077724,452.111517857143,101272.98,224,2.09049920933643,0.0222188215454428,1.3477701915754,0.972210685821897,0.0531668592455028,0.940850398285537,0.329848014671372,0.5,0.5,0.502589931018115,46.5032047542294,45.00457822032769,46.50320475422938
P0050,Product P0050,P0599,Product P0599,187,1560,2260,0.0060018615399428,0.0500690053599512,0.0725358667394165,0.119871794871795,1.65258651009757,0.0023700628393783,1.05378299190569,0.0418990702118698,54.6971131604802,1.40612688738514e-13,2.22331077411186e-13,0.653846153846154,0.508091109003218,0.433558788287213,486.452139037433,90966.55,187,2.32524143202704,0.0199576386619076,1.34619013825879,0.97107091827979,0.0290452376988954,0.938034615792421,0.351230298988259,0.5,0.5,0.513259465600436,46.4987977055959,44.998282436565525,46.49879770559586
P0058,Product P0058,P0063,Product P0063,258,2522,1031,0.0082806431941457,0.0809448919985878,0.0330904772603267,0.102299762093577,3.09151667075612,0.0056021380861269,1.07709620863492,0.114826961983529,410.812248447518,2.4396148431782702e-91,2.44185302193348e-90,0.923076923076923,0.315017441997696,0.701950326738359,528.557286821705,136367.78,258,2.61305963792686,0.0299184577008418,1.37869460008277,0.856631119120116,0.0647464253167466,0.655312419305225,0.41354579970691,0.5,0.5,0.881216639567209,46.4842592822497,44.97751326035675,46.484259282249724
P0537,Product P0537,P0612,"Sour cream, 50 g",742,1610,2147,0.0238148730622332,0.0516737811727702,0.0689090734024457,0.460869565217391,6.68808246086552,0.0202540806824169,1.72702349288256,0.36121375805447,4065.22138374707,0.0,0.0,0.961538461538462,0.519530235256972,0.632786659474303,293.091334231806,217473.77,742,1.00348476190109,0.0477127352867929,1.31726408551613,0.818462194371889,0.34652870629361,0.561016533419262,0.273423961004611,0.5,0.5,0.786395216751406,46.4833361818637,44.9761945455196,46.48333618186372
P0072,"French fries, 180 g",P0537,Product P0537,716,5580,1610,0.0229803896395674,0.179092980710595,0.0516737811727702,0.12831541218638,2.48318217235468,0.0137259781447489,1.08792358163157,0.161712293407602,814.782526950288,3.29693292690389e-179,7.653093240961999e-178,1.0,0.350760409238664,0.740323741472135,365.545251396648,261730.4,716,1.49875808467015,0.0574224344007391,1.35653882244514,0.842864960471526,0.123927134573206,0.621303284031489,0.359589541604063,0.5,0.5,0.933825500943312,46.4346542136083,44.906648876583255,46.434654213608276
P0091,Product P0091,P0613,Product P0613,109,606,1844,0.0034984112719453,0.0194498828513657,0.0591841319767628,0.17986798679868,3.03912519776924,0.0023472868383375,1.14715174249916,0.072030729414413,161.655788257999,4.9191472348404e-37,1.6564165534601498e-36,0.692307692307692,0.483491203810769,0.466674618986148,414.825688073394,45216.0,109,1.83562442089422,0.0099201804370597,1.36008407510163,0.981093275170584,0.064705140114074,0.96279473224623,0.264805214774247,0.5,0.5,0.558660328637555,46.4327050290666,44.90386432723796,46.43270502906657
P0095,Product P0095,P0011,Product P0011,436,3929,1889,0.0139936450877812,0.126103283371313,0.0606284302082999,0.110969712395011,1.83032468453752,0.0063482009728661,1.05662493493031,0.0801309973796038,200.058372320897,2.02812052336789e-45,8.25626675744166e-45,0.961538461538462,0.446021009833757,0.664954696369872,544.49369266055,237399.25,436,2.72199614518076,0.0520842930737494,1.34653211400312,0.836647442936543,0.0610441392773133,0.605942979075559,0.489283338943321,0.5,0.5,0.830496681411801,46.4303759600419,44.900537085774104,46.43037596004187
P0142,Product P0142,P0095,Product P0095,146,813,3929,0.0046859453734313,0.0260936547164361,0.126103283371313,0.179581795817958,1.42408501203872,0.0013954498385313,1.06518445370183,0.0263690768142073,21.6643411023297,3.24772772222226e-06,4.03561611041514e-06,0.653846153846154,0.55391365504224,0.42077380022018,430.614383561644,62869.7,146,1.943551224339,0.0137933202411495,1.37815042254241,0.994125390100484,0.0399850239099325,0.994990421026792,0.288563686316837,0.5,0.5,0.495731610193771,46.4280987270089,44.89728389572706,46.42809872700894
P0072,"French fries, 180 g",P0058,Product P0058,571,5580,2522,0.0183265397823924,0.179092980710595,0.0809448919985878,0.102329749103943,1.26419032229641,0.0038298778010681,1.02382261981391,0.0366212487971188,41.7851469578379,1.01874384008306e-10,1.46436038146327e-10,1.0,0.384872406920925,0.722088182999734,456.806217162872,260836.35,571,2.12259077064236,0.0572262839823086,1.36476362923125,0.847975320257738,0.0492272778958263,0.633928368610515,0.432893189217076,0.5,0.5,0.908825068366591,46.4092273981342,44.8703248544775,46.40922739813425
P0576,Product P0576,P0011,Product P0011,143,1175,1889,0.0045896588246621,0.0377122316012453,0.0606284302082999,0.121702127659574,2.00734419877679,0.0023032254230268,1.06953642878415,0.0506624255893749,79.9700913391233,3.80120247166434e-19,7.26289298876671e-19,0.692307692307692,0.521789112632066,0.454930112563551,525.801748251748,75189.65,143,2.59422359983583,0.0164962600627956,1.32147528209317,0.95324291806658,0.0317502072955614,0.893990748044801,0.37326394265437,0.5,0.5,0.542558944004374,46.4056873999384,44.8652677141977,46.40568739993839
P0007,Product P0007,P0165,"Honey lemonade, 500 ml",433,2157,3686,0.0138973585390121,0.0692300285650095,0.118304072921013,0.20074177097821,1.69682890894414,0.0057071641913334,1.10314275795207,0.0696133709170552,150.987489084939,1.0546847963719899e-34,3.2141371867090698e-34,0.692307692307692,0.813338740353216,0.381786191901927,370.188799076212,160291.75,433,1.53049998874777,0.0351672656265939,1.35836346597953,0.979852118046708,0.0883202221107139,0.959728467967328,0.300254603107239,0.5,0.5,0.442280706863154,46.3888729323372,44.84124704619594,46.38887293233715
P0009,"Borsec sparkling mineral water, 750 ml",P0095,Product P0095,504,3139,3929,0.016176140193215,0.100747825528774,0.126103283371313,0.160560688117235,1.27324748273573,0.0034715086015164,1.04104811897436,0.034742927139491,37.6087107176559,8.645752329361721e-10,1.20063826192631e-09,0.923076923076923,0.463188418575213,0.630866750555458,550.030535714286,277215.39,504,2.75984434944879,0.0608197693013509,1.33900446798783,0.831970253492249,0.0641042109130903,0.594388036802087,0.518529387661477,0.5,0.5,0.783763076170042,46.3780634692335,44.82580495604787,46.37806346923351
P0599,Product P0599,P0613,Product P0613,502,2260,1844,0.0161119491607023,0.0725358667394165,0.0591841319767628,0.22212389380531,3.75309878486553,0.0118189768505477,1.20946749814136,0.193107863835573,1161.86469092008,1.18379718305719e-254,3.79859625504529e-253,1.0,0.436248147696031,0.696258513268865,404.613227091633,203115.84,502,1.76581508991521,0.044562672116617,1.35340534814441,0.840918023421935,0.160388080985486,0.616493398632138,0.354750973268406,0.5,0.5,0.873413325010174,46.3667823078223,44.80968901117477,46.366782307822334
P0482,Product P0482,P0072,"French fries, 180 g",271,713,5580,0.0086978849054787,0.0228841030907982,0.179092980710595,0.380084151472651,2.12227274326763,0.0045995026720591,1.3242233139216,0.0802203627177191,200.504847566781,1.62055411006715e-45,6.6467087747491e-45,0.692307692307692,0.654251349510783,0.418502117294588,437.059704797048,118443.18,271,1.98760951393168,0.0259858836946909,1.29510428428815,0.93422026418828,0.146386892714988,0.846995502273837,0.328345779930755,0.5,0.5,0.492617197443379,46.3607354728254,44.80105067546484,46.36073547282539
P0071,Product P0071,P0165,"Honey lemonade, 500 ml",282,1212,3686,0.0090509355842988,0.0388997657027313,0.118304072921013,0.232673267326733,1.96673928109034,0.0044489348659926,1.14904888561262,0.071242466629774,158.137012377413,2.8887048401165397e-36,9.324192250198649e-36,0.730769230769231,0.550391338349598,0.471345016379632,431.076914893617,121563.69,282,1.94671295028337,0.026670509098434,1.30796233745445,0.943495388957535,0.0900174468632298,0.869909590438197,0.325444664688027,0.5,0.5,0.565063310773749,46.3580671475266,44.797238782180806,46.35806714752656
P0072,"French fries, 180 g",P0165,"Honey lemonade, 500 ml",1161,5580,3686,0.037262894373656,0.179092980710595,0.118304072921013,0.208064516129032,1.75872656783295,0.0160754653240282,1.11334312584312,0.129812950322585,525.039134340287,3.39017054624526e-116,4.56626674809084e-115,0.961538461538462,0.673558424815484,0.574547292332788,364.227760551249,422868.43,1161,1.48975211102163,0.092775369929586,1.3319308997761,0.82757519845031,0.172043454016908,0.583530104297283,0.458748314766784,0.5,0.5,0.706550699034219,46.3519444519617,44.78849207423098,46.351944451961685
P0095,Product P0095,P0076,"Grilled pork neck, 150 g",482,3929,2088,0.0154700388355747,0.126103283371313,0.0670154379433193,0.122677526088063,1.83058605379587,0.0070191720743556,1.06344541465643,0.0845605851026166,222.787896470607,2.2299199409722997e-50,1.08126340248924e-49,1.0,0.450571344965748,0.689383533923051,482.949045643154,232781.44,482,2.30129533258554,0.0510711670027997,1.36094926555424,0.845605322852093,0.0705744430030536,0.628073317508425,0.436601553723899,0.5,0.5,0.863987923651531,46.3448655212229,44.778379316032655,46.34486552122286
P0570,Product P0570,P0599,Product P0599,488,1256,2260,0.0156626119331129,0.040311968418012,0.0725358667394165,0.388535031847134,5.35645397666422,0.0127385483639405,1.51679030126991,0.249696775551293,1942.59158265824,0.0,0.0,1.0,0.445878853790252,0.691620876381574,337.189754098361,164548.6,488,1.3049283800078,0.0361011987496808,1.34679072945932,0.836808129754097,0.250506629320781,0.606339953994589,0.276195355723801,0.5,0.5,0.867055256597215,46.3313913467556,44.7591304953651,46.33139134675557
P0597,"Assorted pickled vegetables, 180 g",P0535,"Grilled minced-meat rolls with mustard, 40/20/30 g",342,971,5898,0.0109766665596816,0.031164746284944,0.189299354880123,0.35221421215242,1.86062024551254,0.005077200192939,1.25149495454913,0.0745869240162642,173.332910110218,1.38441389361775e-39,4.93593319587243e-39,0.961538461538462,0.385370654068428,0.69406585069108,413.672660818713,141476.05,342,1.8277426711971,0.031039188418314,1.38777271470075,0.862271668872206,0.13828536315176,0.669247332045514,0.32374411771506,0.5,0.5,0.870407246911585,46.3296087273625,44.756583896232186,46.329608727362526
P0057,Product P0057,P0070,"Caru' cu Flori potatoes, 180 g",188,647,4003,0.0060339570561992,0.0207657990178772,0.128478351574285,0.290571870170015,2.2616407091899,0.0033660014292594,1.22848476368505,0.0705411634989898,155.038968933931,1.37302321617728e-35,4.2799095109983203e-35,0.807692307692308,0.455109524068091,0.555073205372349,443.526117021277,83382.91,188,2.0318119752203,0.0182938232609499,1.27334296102683,0.918522787612141,0.104978949099921,0.808215068460597,0.311772327602749,0.5,0.5,0.679852279088128,46.2978496941466,44.711213848780886,46.29784969414662
P0074,Product P0074,P0613,Product P0613,131,805,1844,0.0042045126295856,0.0258368905863851,0.0591841319767628,0.162732919254658,2.74960388569273,0.0026753786872518,1.1236747385144,0.0714651553848333,159.127162603695,1.75531861448398e-36,5.76823074819886e-36,0.576923076923077,0.674612306130003,0.344511427995137,498.329389312977,65281.15,131,2.40643076504743,0.014322381173451,1.36191496024632,0.98241397962993,0.0581388442289366,0.966057517294774,0.344866976213052,0.5,0.5,0.391178064557171,46.293047400307,44.70435342900994,46.29304740030696
P0627,"Chicken breast strips, 200 g",P0082,"Tripe soup, 300/100 g",177,1085,2454,0.005680906377379,0.0348236351381712,0.078762396893154,0.163133640552995,2.07121224071299,0.002938113405364,1.1008180609812,0.0594953293686645,110.286252709282,8.48147737213335e-26,2.0292306607450602e-25,0.846153846153846,0.45554326623175,0.581331978089837,467.420282485876,82733.39,177,2.19514534886691,0.0181513215890312,1.28153561350086,0.924432537160144,0.0530153706043094,0.822815036174357,0.330706469848165,0.5,0.5,0.71585231044799,46.2892606370165,44.69894376716647,46.289260637016525
P0627,"Chicken breast strips, 200 g",P0599,Product P0599,241,1085,2260,0.0077350194177873,0.0348236351381712,0.0725358667394165,0.222119815668203,3.06220667998858,0.0052090568600228,1.1922969011703,0.10954529838438,373.889371408312,2.6629878601905697e-83,2.38140963562944e-82,0.730769230769231,0.514576500953292,0.482490802088423,475.064730290456,114490.6,241,2.24740050929248,0.0251187059967098,1.27605657197031,0.920480244137665,0.104291921911042,0.813050942103229,0.356645740399744,0.5,0.5,0.580343866318508,46.2832107514654,44.690301073521965,46.283210751465376
P0049,Product P0049,P0076,"Grilled pork neck, 150 g",110,831,2088,0.0035305067882016,0.0266713740090509,0.0670154379433193,0.1323706377858,1.9752260351974,0.001743112978435,1.07532617346616,0.0432661682431339,58.3246986741057,2.2223645669721902e-14,3.61880558592039e-14,0.615384615384615,0.667364890301339,0.369076150615957,543.047181818182,59735.19,110,2.71210822939435,0.0131056233024161,1.34912538757896,0.97318825309878,0.0300154192409922,0.943265466904703,0.377608688534981,0.5,0.5,0.424855601364017,46.2663475072537,44.66621072464814,46.2663475072537
P0069,Product P0069,P0070,"Caru' cu Flori potatoes, 180 g",225,475,4003,0.0072214911576852,0.01524537022178,0.128478351574285,0.473684210526316,3.68687957715924,0.0052627911224512,1.65589113200886,0.128359809098498,513.350228118803,1.18387427729704e-113,1.5195374547424402e-112,0.769230769230769,0.579067599135121,0.48714239317689,347.911688888889,78280.13,225,1.37822032167241,0.0171742970239847,1.28766294322398,0.928852471262858,0.204443284325012,0.833734432110247,0.231215392533639,0.5,0.5,0.586721065544828,46.2550728348262,44.65010404975177,46.25507283482624
P0049,Product P0049,P0058,Product P0058,122,831,2522,0.0039156529832782,0.0266713740090509,0.0809448919985878,0.146811070998797,1.81371631209735,0.0017567414946616,1.07719999259404,0.0399751328850074,49.7892364905143,1.71180466712734e-12,2.62300406156732e-12,0.5,0.582786886579533,0.315898497921296,627.349180327869,76536.6,122,3.28837149509153,0.0167917746381605,1.32285045636773,0.954234896619715,0.033872713732747,0.896441419554799,0.456286541986746,0.5,0.5,0.35195055034552,46.251519008941,44.64502715563005,46.25151900894103
P0076,"Grilled pork neck, 150 g",P0597,"Assorted pickled vegetables, 180 g",335,2088,971,0.010751997945887,0.0670154379433193,0.031164746284944,0.16044061302682,5.14814436671125,0.008663478825209,1.1539806102436,0.199393453270559,1238.73219204744,2.33251087455663e-271,8.20893343271381e-270,1.0,0.397478441621525,0.715574544992392,449.301194029851,150515.9,335,2.07128867560044,0.0330224895312818,1.35372995657438,0.841119713979525,0.136576514680058,0.616991672815346,0.358201790249326,0.5,0.5,0.899895055716954,46.2343501120641,44.62050016009162,46.234350112064135
P0600,Product P0600,P0613,Product P0613,111,540,1844,0.003562602304458,0.0173315787784447,0.0591841319767628,0.205555555555556,3.47315316943842,0.0025368478586689,1.18424374995932,0.0823790731644942,211.441113494858,6.65979233435502e-48,2.99005491225569e-47,0.692307692307692,0.756334458767109,0.394177594621511,447.839189189189,49710.15,111,2.06129484747253,0.0109061760782313,1.35651352611207,0.978517668510343,0.0808165434574315,0.956431725865429,0.294319131588695,0.5,0.5,0.459268967940587,46.224037697637,44.6057681394814,46.22403769763697
P0612,"Sour cream, 50 g",P0599,Product P0599,380,2147,2260,0.012196296177424,0.0689090734024457,0.0725358667394165,0.176991150442478,2.44005012138774,0.0071979168119675,1.12691878557469,0.109558885710521,373.982127043844,2.54199081343291e-83,2.2919933697977798e-82,0.884615384615385,0.56160960361995,0.566476654962141,384.558236842105,146132.13,380,1.62872517058915,0.0320607107495548,1.27732732358309,0.921396897662646,0.0950615324578773,0.815315524004832,0.303077103209781,0.5,0.5,0.695486084493273,46.2239440383825,44.60563434054647,46.22394403838253
P0056,Product P0056,P0011,Product P0011,167,937,1889,0.0053599512148152,0.0300734987322271,0.0606284302082999,0.178228388473853,2.93968337727889,0.003536642195809,1.14310540375951,0.0867706528858465,234.585608223069,5.96128365556953e-53,3.0823509328087e-52,0.576923076923077,0.66547882798599,0.346400727063418,575.47245508982,96103.9,167,2.93375770623909,0.0210847493963452,1.30484227770388,0.941244741592826,0.0734596500797882,0.864349392227951,0.426471959846777,0.5,0.5,0.393768239903066,46.223302442121,44.60471777445855,46.22330244212098
P0605,Product P0605,P0599,Product P0599,142,480,2260,0.0045575633084058,0.0154058478030619,0.0725358667394165,0.295833333333333,4.07844210914454,0.0034400867851551,1.31710882829905,0.107689412361123,361.328026072151,1.4468102013639499e-80,1.20493887762448e-79,0.576923076923077,0.541608887457864,0.374234399929045,439.946830985915,62472.45,142,2.00734504565677,0.0137061654358013,1.33576242326637,0.963548911926108,0.129061420455024,0.919451586340085,0.295869581631708,0.5,0.5,0.431927414621668,46.206925914753,44.581322735361454,46.206925914753015
P0101,Product P0101,P0165,"Honey lemonade, 500 ml",128,500,3686,0.0041082260808165,0.0160477581281895,0.118304072921013,0.256,2.16391535539881,0.0022097109330004,1.18507517080509,0.0544480090632542,92.3675963729981,7.1983120497962e-22,1.47897522529711e-21,0.615384615384615,0.720864299029173,0.357602058298138,516.675625,66134.48,128,2.53184014889542,0.014509597812967,1.33223560995453,0.96100485388854,0.0812144979578556,0.913166520465681,0.360245789777697,0.5,0.5,0.409124946785774,46.1837856318824,44.54826518840344,46.18378563188241
P0071,Product P0071,P0018,"Hot pepper, 1 pc.",256,1212,2461,0.008216452161633,0.0388997657027313,0.0789870655069487,0.211221122112211,2.67412291818373,0.0051438738198664,1.16764401318575,0.0986328581189094,303.109026911863,6.92517184853874e-68,4.8431810812537e-67,0.846153846153846,0.420616584966929,0.595624361356829,421.7641796875,107971.63,256,1.88305387579733,0.0236884742498994,1.26116874964182,0.909740950416192,0.0949780231895188,0.786519641524662,0.309453615559331,0.5,0.5,0.735446761847319,46.1734932239434,44.533561748490605,46.173493223943424
P0095,Product P0095,P0599,Product P0599,468,3929,2260,0.0150207016079854,0.126103283371313,0.0725358667394165,0.119114278442352,1.64214317408334,0.0058736906499609,1.05287679271333,0.0682170373934304,144.991099490783,2.15728153201981e-33,6.32686599847746e-33,0.961538461538462,0.441329254676458,0.667119229293866,486.294914529915,227586.02,468,2.32416669228478,0.0499313159800134,1.37170821831711,0.852290236062944,0.0609539681712615,0.64458831806047,0.436077986393672,0.5,0.5,0.833464194554232,46.1670473980504,44.524353425786266,46.167047398050386
P0599,Product P0599,P0612,"Sour cream, 50 g",380,2260,2147,0.012196296177424,0.0725358667394165,0.0689090734024457,0.168141592920354,2.44005012138774,0.0071979168119675,1.11929015644174,0.109558885710521,373.982127043844,2.54199081343291e-83,2.2919933697977798e-82,0.884615384615385,0.56160960361995,0.566476654962141,384.558236842105,146132.13,380,1.62872517058915,0.0320607107495548,1.27732732358309,0.921396897662646,0.0918832278801581,0.815315524004832,0.303077103209781,0.5,0.5,0.695486084493273,46.1603779468281,44.51482563832593,46.16037794682815
P0095,Product P0095,P0009,"Borsec sparkling mineral water, 750 ml",504,3929,3139,0.016176140193215,0.126103283371313,0.100747825528774,0.12827691524561,1.27324748273573,0.0034715086015164,1.03158008569269,0.034742927139491,37.6087107176559,8.645752329361721e-10,1.20063826192631e-09,0.923076923076923,0.463188418575213,0.630866750555458,550.030535714286,277215.39,504,2.75984434944879,0.0608197693013509,1.33900446798783,0.831970253492249,0.0525095449823456,0.594388036802087,0.518529387661477,0.5,0.5,0.783763076170042,46.1461701506186,44.49452878659802,46.14617015061861
P0091,Product P0091,P0009,"Borsec sparkling mineral water, 750 ml",124,606,3139,0.0039798440157909,0.0194498828513657,0.100747825528774,0.204620462046205,2.03101616310086,0.0020203106117265,1.13059505753021,0.0486033454004688,73.6017194815419,9.558138449066059e-18,1.7704463578830302e-17,0.576923076923077,0.690177257426553,0.341338800050768,577.613629032258,71624.09,124,2.94839413135721,0.0157139927556663,1.32003445348276,0.952203579921072,0.0594106950572858,0.891423075211148,0.412978848425223,0.5,0.5,0.38682848178271,46.1445371917002,44.49219598814319,46.14453719170023
P0697,Product P0697,P0070,"Caru' cu Flori potatoes, 180 g",196,811,4003,0.0062907211862502,0.0260294636839234,0.128478351574285,0.241676942046856,1.88107131735046,0.002946498599777,1.1492748892248,0.0553027403497588,95.2903535111384,1.6441235576045e-22,3.46281621881567e-22,0.769230769230769,0.513041085484962,0.508400450331601,383.1125,75090.05,196,1.61884254563721,0.0164744082852936,1.33136676010698,0.96037811120537,0.0799384816340603,0.911618159936221,0.257720095464754,0.5,0.5,0.615865257943037,46.1441873201311,44.49169617161582,46.144187320131074
P0572,"Medium Capricciosa pizza, 550 g",P0159,Product P0159,587,1605,1626,0.0188400680424945,0.0515133035914883,0.0521873094328722,0.365732087227414,7.00806558532875,0.016151727328056,1.49434122628707,0.328548839883464,3363.2218072615,0.0,0.0,1.0,0.427393334926057,0.70057774233043,311.244804088586,182700.7,587,1.12757645614724,0.0400836851994232,1.31695414395528,0.818269616852462,0.290197491713192,0.560540772891137,0.266487763599186,0.5,0.5,0.87933486534032,46.1378692174735,44.482670310676426,46.137869217473494
P0627,"Chicken breast strips, 200 g",P0071,Product P0071,133,1085,1212,0.0042687036620984,0.0348236351381712,0.0388997657027313,0.12258064516129,3.15119237730225,0.0029140724143061,1.09537159055939,0.0822057345339823,210.552238396492,1.04083952788277e-47,4.61608099561019e-47,0.653846153846154,0.480994595351343,0.441491249123052,536.511654135338,71356.05,133,2.6674333154878,0.0156551860243245,1.30496730590503,0.941334930375707,0.050523307292704,0.86457220257,0.379547298878148,0.5,0.5,0.524134644037885,46.1342026151959,44.477432307422696,46.13420261519589
P0095,Product P0095,P0613,Product P0613,450,3929,1844,0.0144429823153705,0.126103283371313,0.0591841319767628,0.114532960040723,1.93519709110022,0.0069796689496196,1.06250806135766,0.0891018282140932,247.359653843109,9.77396893325545e-56,5.4405102582559696e-55,1.0,0.344142559764694,0.743968705354483,442.9062,199307.79,450,2.02757440774317,0.043727203629503,1.36564803372564,0.848524831666384,0.0674226998041437,0.635285930172036,0.383373871766416,0.5,0.5,0.938822642869244,46.1098764635444,44.44268066220622,46.10987646354435
P0159,Product P0159,P0572,"Medium Capricciosa pizza, 550 g",587,1626,1605,0.0188400680424945,0.0521873094328722,0.0515133035914883,0.361008610086101,7.00806558532875,0.016151727328056,1.4843497289319,0.328548839883464,3363.2218072615,0.0,0.0,1.0,0.427393334926057,0.70057774233043,311.244804088586,182700.7,587,1.12757645614724,0.0400836851994232,1.31695414395528,0.818269616852462,0.28850106237382,0.560540772891137,0.266487763599186,0.5,0.5,0.87933486534032,46.1039406306861,44.43420090098009,46.103940630686054
P0082,"Tripe soup, 300/100 g",P0089,Product P0089,298,2454,1128,0.0095644638444009,0.078762396893154,0.0362037423371955,0.121434392828036,3.35419448346021,0.0067129703214212,1.09701113928781,0.133413594784614,554.569277875864,1.27642096787835e-122,1.83233588941485e-121,0.884615384615385,0.527647106097821,0.579070507242357,386.362248322148,115135.95,298,1.64105685388519,0.0252602927899922,1.28552088896335,0.927307305733302,0.0833835100007276,0.82991711859117,0.285258049213371,0.5,0.5,0.712751898166556,46.0986925377709,44.42670362538704,46.09869253777093
P0142,Product P0142,P0011,Product P0011,137,813,1889,0.0043970857271239,0.0260936547164361,0.0606284302082999,0.168511685116851,2.77941692598504,0.002815068403269,1.12974716899505,0.0739956229988383,170.595549211581,5.48395521321232e-39,1.92379264875069e-38,0.653846153846154,0.538594674821129,0.424963224263185,429.36700729927,58823.28,137,1.93502453302425,0.0129055544829195,1.35691269133225,0.978805605352167,0.061820004705642,0.957143070493503,0.285037351377381,0.5,0.5,0.501475191531351,46.094760446844,44.421086352634326,46.09476044684403
P0058,Product P0058,P0070,"Caru' cu Flori potatoes, 180 g",434,2522,4003,0.0139294540552685,0.0809448919985878,0.128478351574285,0.17208564631245,1.33941356036898,0.0035297877629313,1.05267126308891,0.03867488446838,46.6029795780358,8.69279763707194e-12,1.3027255799513e-11,1.0,0.370045948761875,0.729902526921605,449.029239631336,194878.69,434,2.06942967661371,0.0427554796562683,1.37186632525618,0.852388473427582,0.0644589500873019,0.644831012330397,0.385574574333989,0.5,0.5,0.919538311870797,46.0926738537417,44.41810550534532,46.09267385374173
P0537,Product P0537,P0149,"Beck's draught beer, 0.4 L",340,1610,5044,0.0109124755271689,0.0516737811727702,0.161889783997176,0.211180124223602,1.30446850325828,0.0025470182547917,1.06248617934216,0.0312361693538434,30.3998311822781,3.51558751581541e-08,4.62109154187303e-08,0.730769230769231,0.534380292238246,0.47626343642829,352.383823529412,119810.5,340,1.40879049744694,0.0262858673534666,1.34667082411246,0.971417659828447,0.0679648579292378,0.938891236766676,0.260665967929097,0.5,0.5,0.571806324923635,46.0685045017366,44.38357785962366,46.068504501736555
P0570,Product P0570,P0567,"Fried Romanian cheese doughnuts, 180 g",246,1256,2807,0.0078954969990692,0.040311968418012,0.0900921141316558,0.195859872611465,2.17399574312626,0.0042637065394819,1.13152901450558,0.0757117282979542,178.600205588653,9.79622346478084e-41,3.5625599333586297e-40,0.807692307692308,0.520249296875328,0.531289380861687,419.671544715447,103239.2,246,1.86874924857347,0.0226502010831939,1.29564244934104,0.934608468214773,0.0769242020977846,0.847954555818681,0.304816505794583,0.5,0.5,0.647245331404277,46.0663585882638,44.3805122689482,46.06635858826374
P0078,Product P0078,P0084,Product P0084,328,412,661,0.0105273293320923,0.0132233526976281,0.0212151362454665,0.796116504854369,37.5258728316907,0.0102467941029903,4.80070671270081,0.62250271846573,12073.63768203,0.0,0.0,0.538461538461538,1.07427312068415,0.259590472003003,204.709512195122,67144.72,328,0.399333041947797,0.014731239777863,1.32141297297006,0.821040043086572,0.739648921834993,0.567385078769555,0.108392338026073,0.5,0.5,0.274753846574195,46.0560652383544,44.36580748336338,46.056065238354364
P0094,Product P0094,P0535,"Grilled minced-meat rolls with mustard, 40/20/30 g",325,1003,5898,0.0104310427833232,0.0321918028051481,0.189299354880123,0.324027916251246,1.71172224256359,0.0043371552798804,1.19931083636466,0.0627238701991912,122.580483246879,1.72282926068312e-28,4.41222235541147e-28,0.730769230769231,0.616453839277891,0.452081719262508,377.775784615385,122777.13,325,1.58236235430128,0.0269367321997598,1.31268277941417,0.946900468060579,0.121471920852527,0.878321798868257,0.283061495171663,0.5,0.5,0.538653877714109,46.04364307499,44.34806153570005,46.04364307499003
P0071,Product P0071,P0627,"Chicken breast strips, 200 g",133,1212,1085,0.0042687036620984,0.0388997657027313,0.0348236351381712,0.10973597359736,3.15119237730225,0.0029140724143061,1.08414620408947,0.0822057345339823,210.552238396492,1.04083952788277e-47,4.61608099561019e-47,0.653846153846154,0.480994595351343,0.441491249123052,536.511654135338,71356.05,133,2.6674333154878,0.0156551860243245,1.30496730590503,0.941334930375707,0.0459101638300076,0.86457220257,0.379547298878148,0.5,0.5,0.524134644037885,46.041939745942,44.34562820848851,46.04193974594196
P0572,"Medium Capricciosa pizza, 550 g",P0537,Product P0537,184,1605,1610,0.0059055749911737,0.0515133035914883,0.0516737811727702,0.114641744548287,2.21856697819315,0.0032436878139006,1.07112145054026,0.0662902605981554,136.916278743389,1.25777891435961e-31,3.5185558860675202e-31,0.730769230769231,0.446630866969593,0.505152521942276,377.821467391304,69519.15,184,1.58267462810384,0.0152521786940689,1.35628233909026,0.978350902325399,0.0396362791883315,0.956019731939773,0.249972930533867,0.5,0.5,0.611412440397896,46.0267032372184,44.323861767454844,46.026703237218385
P0597,"Assorted pickled vegetables, 180 g",P0007,Product P0007,137,971,2157,0.0043970857271239,0.031164746284944,0.0692300285650095,0.141091658084449,2.0380124204623,0.0022395494515959,1.08366623772587,0.050773307440912,80.3205260166834,3.18344932944003e-19,6.12547304835816e-19,0.692307692307692,0.532797916632667,0.45166273048478,458.353284671533,62794.4,137,2.13316606174524,0.0137767997708091,1.34327718942178,0.968969669859037,0.0384792475872623,0.932843505940405,0.310966621981565,0.5,0.5,0.5380794560037,46.0265820702217,44.32368867174521,46.02658207022164
P0537,Product P0537,P0572,"Medium Capricciosa pizza, 550 g",184,1610,1605,0.0059055749911737,0.0516737811727702,0.0515133035914883,0.114285714285714,2.21856697819315,0.0032436878139006,1.07087207659026,0.0662902605981554,136.916278743389,1.25777891435961e-31,3.5185558860675202e-31,0.730769230769231,0.446630866969593,0.505152521942276,377.821467391304,69519.15,184,1.58267462810384,0.0152521786940689,1.35628233909026,0.978350902325399,0.0395084114830241,0.956019731939773,0.249972930533867,0.5,0.5,0.611412440397896,46.0241458831123,44.32020840444606,46.02414588311224
P0535,"Grilled minced-meat rolls with mustard, 40/20/30 g",P0076,"Grilled pork neck, 150 g",630,5898,2088,0.0202201752415188,0.189299354880123,0.0670154379433193,0.106815869786368,1.59389945159668,0.0075341960718394,1.04456016458054,0.0769143604368577,184.319167641838,5.5262563739908796e-42,2.10074763206413e-41,1.0,0.348840733427431,0.7413773733382,408.855968253968,257579.26,630,1.79481720043379,0.0565116935607821,1.35454364499977,0.841625287024073,0.0724562811280166,0.618240685157982,0.392060026966539,0.5,0.5,0.935270000297039,46.0078398680212,44.29691409717306,46.00783986802114
P0600,Product P0600,P0535,"Grilled minced-meat rolls with mustard, 40/20/30 g",170,540,5898,0.0054562377635844,0.0173315787784447,0.189299354880123,0.314814814814815,1.66305276113686,0.0021753810817708,1.18318472531009,0.042550822406831,56.4120069929649,5.87703936326423e-14,9.45700581905792e-14,0.692307692307692,0.556741287743627,0.444715957467241,375.187941176471,63781.95,170,1.56467263000548,0.0139934636550673,1.34870065684006,0.972881874633422,0.0979914698478408,0.942508562459586,0.244273114804041,0.5,0.5,0.528555627560846,45.9810192178378,44.25859888262544,45.98101921783781
P0621,Product P0621,P0599,Product P0599,106,633,2260,0.0034021247231761,0.0203164617902879,0.0725358667394165,0.167456556082148,2.30860350347412,0.0019284525581394,1.1140128963073,0.052700781067861,86.5345895350916,1.3731451094704302e-20,2.75311993510132e-20,0.5,0.789975282541941,0.279333466152645,526.342452830189,55792.3,106,2.59791969472869,0.0122405715454389,1.37430163361448,0.991349075750605,0.0479954969211204,0.988131568626661,0.361636733921845,0.5,0.5,0.301820930636785,45.9734852957604,44.24783613680054,45.97348529576037
P0047,Product P0047,P0535,"Grilled minced-meat rolls with mustard, 40/20/30 g",130,305,5898,0.0041724171133292,0.0097891324581955,0.189299354880123,0.426229508196721,2.25161627448037,0.0023193406541567,1.41293541006607,0.0601345087551642,112.668670425459,2.55020410790479e-26,6.22432367276091e-26,0.615384615384615,0.760325143848,0.349585766888161,389.93,50690.9,130,1.66544493802817,0.0111213480740656,1.35431367261324,0.97693080964362,0.145173889149163,0.952511409440466,0.248061818186018,0.5,0.5,0.398134839012885,45.8962907256418,44.137558179488266,45.896290725641784
P0594,Product P0594,P0601,Cornflake-crusted pike-perch with potatoes and sauce,111,850,952,0.003562602304458,0.0272811888179221,0.0305549314760728,0.130588235294118,4.27388408304498,0.0027290274495406,1.11505860385025,0.0973375343594383,295.199974958862,3.66068939044769e-66,2.48062864905493e-65,0.538461538461538,0.66040189686808,0.324295906597799,557.344594594595,61865.25,111,2.80984106993441,0.0135729485753673,1.32899599582066,0.958667966265876,0.0648012780453607,0.907393266698421,0.390504794557921,0.5,0.5,0.363463159062923,45.8886183766633,44.12659768094754,45.888618376663274
P0594,Product P0594,P0071,Product P0071,183,850,1212,0.0058734794749173,0.0272811888179221,0.0388997657027313,0.215294117647059,5.53458648806057,0.0048122476218082,1.22479040352725,0.152779410221617,727.252616883078,3.54489235444963e-160,7.58328933079322e-159,0.653846153846154,0.719380303176628,0.38028012338989,426.754262295082,78096.03,183,1.91716458907079,0.017133906338863,1.32380334092661,0.954922257533534,0.129764490514774,0.898139536719994,0.294910108094873,0.5,0.5,0.440215929721937,45.8584420038122,44.08348857687456,45.858442003812186
P0594,Product P0594,P0058,Product P0058,133,850,2522,0.0042687036620984,0.0272811888179221,0.0809448919985878,0.156470588235294,1.93305080001866,0.0020604307796386,1.08953534421367,0.0463732170595775,67.0023576899869,2.71182617443671e-16,4.75659542815184e-16,0.538461538461538,0.794403725296588,0.30007825489358,553.372180451128,73598.5,133,2.78268683412169,0.0161471691413867,1.34793767685341,0.972331500911899,0.0413662031717079,0.941148870564105,0.394587699987425,0.5,0.5,0.330261446622133,45.8446699406861,44.06381420098012,45.84466994068608
P0070,"Caru' cu Flori potatoes, 180 g",P0627,"Chicken breast strips, 200 g",584,4003,1085,0.0187437814937253,0.128478351574285,0.0348236351381712,0.145890582063452,4.18941277912533,0.0142696982553487,1.13003831194557,0.232605688244809,1685.76214109308,0.0,0.0,1.0,0.300274465428411,0.769068397932834,353.238852739726,206291.49,584,1.41463522157819,0.0452593949803145,1.33191788858489,0.827567114142669,0.156930838769955,0.583510132109024,0.315147634913127,0.5,0.5,0.973233608288879,45.8441081987309,44.06301171247273,45.84410819873091
P0140,Product P0140,P0613,Product P0613,132,931,1844,0.004236608145842,0.0298809256346888,0.0591841319767628,0.141783029001074,2.39562572374537,0.0024681314994907,1.09624477237751,0.0614332924490773,117.588057814267,2.13411682215091e-27,5.27964048291755e-27,0.653846153846154,0.517237942989751,0.430945031968905,525.333257575758,69343.99,132,2.59102113759688,0.0152137494034339,1.30987444633471,0.944874683957129,0.0446355192443101,0.87331712273686,0.369248882894015,0.5,0.5,0.50967607994725,45.8407912969762,44.05827328139457,45.84079129697619
P0089,Product P0089,P0009,"Borsec sparkling mineral water, 750 ml",145,1128,3139,0.0046538498571749,0.0362037423371955,0.100747825528774,0.12854609929078,1.27591934233923,0.0010064015406985,1.03189873123453,0.0178996011322359,9.98256946963623,0.0015802901008832,0.0018148384211196,0.653846153846154,0.608218321129973,0.406565542287036,542.883448275862,78718.1,145,2.7109889958356,0.0172703856082473,1.32317714287771,0.954470551123649,0.0174925893302759,0.897023601273515,0.389283214676545,0.5,0.5,0.476252492237068,45.8385130279774,44.05501861139627,45.838513027977385
P0101,Product P0101,P0071,Product P0071,123,500,1212,0.0039477484995346,0.0160477581281895,0.0388997657027313,0.246,6.32394554455446,0.0033234944682939,1.27466874575235,0.13678640357856,582.963677994683,8.50008469029419e-129,1.32479891387299e-127,0.576923076923077,0.493342802128729,0.386329967975662,488.483983739837,60083.53,123,2.33913051513653,0.0131820474808805,1.29576724320356,0.934698487958066,0.135568568209811,0.848176948550388,0.333666019540723,0.5,0.5,0.448510094767398,45.8333316736924,44.04761667670346,45.83333167369242
P0627,"Chicken breast strips, 200 g",P0537,Product P0537,155,1085,1610,0.0049748050197387,0.0348236351381712,0.0516737811727702,0.142857142857143,2.76459627329193,0.0031753361179684,1.10638058863177,0.0782411657116763,190.733184131454,2.19935009688589e-43,8.60032600610216e-43,0.692307692307692,0.381769931899883,0.501029640553688,470.860967741935,72983.45,155,2.21866484492803,0.0160122300274046,1.29995072781908,0.93771623421229,0.0554969223779975,0.855632255669939,0.327426807536671,0.5,0.5,0.605760087148984,45.828720583182,44.0410294045457,45.82872058318199
P0572,"Medium Capricciosa pizza, 550 g",P0165,"Honey lemonade, 500 ml",371,1605,3686,0.0119074365311166,0.0515133035914883,0.118304072921013,0.231152647975078,1.95388579841549,0.0058132029066269,1.1467763071003,0.0814293359763412,206.593865154918,7.60354675389615e-47,3.2797074219441302e-46,0.807692307692308,0.606109968420286,0.502887301351305,391.96846361186,145420.3,371,1.67937926602445,0.0319045385529759,1.28450606650509,0.926575266069338,0.10026833112099,0.828108623091955,0.308631635059762,0.5,0.5,0.60830688732467,45.8232406587008,44.0332009410012,45.82324065870084
P0592,Product P0592,P0599,Product P0599,100,565,2260,0.0032095516256379,0.0181339666848541,0.0725358667394165,0.176991150442478,2.44005012138774,0.0018941886347283,1.12691878557469,0.054730036442892,93.3269577318281,4.43312709360778e-22,9.19494612001158e-22,0.423076923076923,0.718888915185844,0.24613395277564,552.7704,55277.04,100,2.77857324281745,0.0121275258940766,1.36842252150127,0.987108192805323,0.052571085923322,0.977654516498475,0.382705035042414,0.5,0.5,0.256305341025533,45.8216661595395,44.030951656485065,45.82166615953955
P0159,Product P0159,P0072,"French fries, 180 g",616,1626,5580,0.0197708380139295,0.0521873094328722,0.179092980710595,0.378843788437884,2.11534693841562,0.0104244572123302,1.32157902313324,0.122242851252784,465.588855559854,2.92196857978301e-103,3.4278147532723298e-102,1.0,0.382236207939925,0.723465348582058,368.939334415584,227266.63,616,1.52195902176673,0.0498612432971181,1.3129701731925,0.815794236639287,0.189006562023914,0.554425374785333,0.340900590744391,0.5,0.5,0.910713123253419,45.7937817836069,43.991116833724206,45.793781783606946
P0613,Product P0613,P0009,"Borsec sparkling mineral water, 750 ml",315,1844,3139,0.0101100876207594,0.0591841319767628,0.100747825528774,0.170824295010846,1.69556309641699,0.0041474150182925,1.08451341381618,0.0583934249771514,106.238891854077,6.536121985291471e-25,1.50441119956814e-24,0.846153846153846,0.466332768581943,0.577054447860524,555.512507936508,174986.44,315,2.79731747311235,0.0383912123770065,1.38258857502138,0.859050581783777,0.0639620800020197,0.661289673753519,0.459381453800522,0.5,0.5,0.709987938032158,45.7925435314428,43.989347902061134,45.79254353144279
P0165,"Honey lemonade, 500 ml",P0007,Product P0007,433,3686,2157,0.0138973585390121,0.118304072921013,0.0692300285650095,0.117471513836137,1.69682890894414,0.0057071641913334,1.05466280808773,0.0696133709170552,150.987489084939,1.0546847963719899e-34,3.2141371867090698e-34,0.692307692307692,0.813338740353216,0.381786191901927,370.188799076212,160291.75,433,1.53049998874777,0.0351672656265939,1.35836346597953,0.979852118046708,0.0584138410514499,0.959728467967328,0.300254603107239,0.5,0.5,0.442280706863154,45.7907453111519,43.98677901593125,45.790745311151866
P0601,Cornflake-crusted pike-perch with potatoes and sauce,P0594,Product P0594,111,952,850,0.003562602304458,0.0305549314760728,0.0272811888179221,0.116596638655462,4.27388408304498,0.0027290274495406,1.10110381479826,0.0973375343594383,295.199974958862,3.66068939044769e-66,2.48062864905493e-65,0.538461538461538,0.66040189686808,0.324295906597799,557.344594594595,61865.25,111,2.80984106993441,0.0135729485753673,1.32899599582066,0.958667966265876,0.0597762182573356,0.907393266698421,0.390504794557921,0.5,0.5,0.363463159062923,45.7881171809028,43.98302454414683,45.78811718090277
P0697,Product P0697,P0599,Product P0599,118,811,2260,0.0037872709182527,0.0260294636839234,0.0725358667394165,0.145499383477189,2.00589570398176,0.0018992012091771,1.08538731901058,0.045987573432264,65.8925967507235,4.76176931179172e-16,8.259285086112501e-16,0.615384615384615,0.624033109541349,0.378923688051168,485.645762711864,57306.2,118,2.31972928447457,0.0125727141755625,1.35471951841662,0.977223565507573,0.0365730576654631,0.953234659406816,0.329641526929038,0.5,0.5,0.438356295410123,45.7725478341276,43.96078262018224,45.772547834127565
P0091,Product P0091,P0011,Product P0011,103,606,1889,0.003305838174407,0.0194498828513657,0.0606284302082999,0.16996699669967,2.80342070734337,0.0021266223093934,1.13172797473911,0.0645267965252343,129.728633636839,4.69809446408573e-30,1.27186626806887e-29,0.461538461538462,0.624713088516772,0.284073824972881,513.614077669903,52902.25,103,2.51091232637974,0.0116065079955424,1.36892497962922,0.987470639730051,0.0563304653613402,0.978549937422152,0.349537787853049,0.5,0.5,0.308319827901386,45.7715620917447,43.959374416778125,45.771562091744684
P0535,"Grilled minced-meat rolls with mustard, 40/20/30 g",P0011,Product P0011,609,5898,1889,0.0195461694001348,0.189299354880123,0.0606284302082999,0.103255340793489,1.70308451725926,0.008069246674309,1.0475351708511,0.0863120233948396,232.112340022906,2.06388456719433e-52,1.04245280685602e-51,0.923076923076923,0.482151123766801,0.622795414229405,446.061592775041,271651.51,609,2.04914372967204,0.0595990798655285,1.37333155738892,0.853298873338896,0.0736296285341608,0.64708014475197,0.43092414329372,0.5,0.5,0.772697503381091,45.7596533654079,43.94236195058275,45.75965336540793
P0569,Product P0569,P0095,Product P0095,250,998,3929,0.0080238790640947,0.0320313252238662,0.126103283371313,0.250501002004008,1.98647485859987,0.0039846237826308,1.16597449625057,0.0681672802364823,144.779665100902,2.3995614552569698e-33,6.98783780767642e-33,0.730769230769231,0.573576872360409,0.464400083405558,419.1538,104788.45,250,1.86521010044181,0.0229900993391678,1.30349079727355,0.940269854535474,0.0928545379598468,0.861940945060049,0.305361088877925,0.5,0.5,0.555542004978209,45.7585514877385,43.94078783962644,45.7585514877385
P0063,Product P0063,P0095,Product P0095,237,1031,3929,0.0076066373527618,0.0330904772603267,0.126103283371313,0.229873908826382,1.82290185220249,0.0034338195219108,1.13474498091206,0.0578282140714779,104.1921966914,1.83612310121075e-24,4.17335479879359e-24,0.884615384615385,0.375828858115753,0.642969057813555,475.20805907173,112624.31,237,2.24838026200327,0.0247092506369283,1.40933910425529,0.875671620114765,0.0795303523029678,0.702351756170128,0.355600939982229,0.5,0.5,0.800354995583245,45.7532109249389,43.93315846419849,45.75321092493894
P0007,Product P0007,P0567,"Fried Romanian cheese doughnuts, 180 g",381,2157,2807,0.0122283916936804,0.0692300285650095,0.0900921141316558,0.17663421418637,1.96059572903624,0.0059913120588637,1.10510771949213,0.0824349539501088,211.728067511796,5.76577427457064e-48,2.61014926703592e-47,0.807692307692308,0.697108621456662,0.475922576481315,351.241942257218,133823.18,381,1.40098493835479,0.0293601842768295,1.32540909584843,0.956080564864828,0.0819069310848488,0.901001121547259,0.268457458620962,0.5,0.5,0.571339015620477,45.7407003812662,43.91528625895166,45.74070038126616
P0570,Product P0570,P0082,"Tripe soup, 300/100 g",198,1256,2454,0.006354912218763,0.040311968418012,0.078762396893154,0.157643312101911,2.0015047576036,0.0031798449626792,1.09364312807391,0.0600175984642558,112.231007491606,3.18011620222705e-26,7.71001505917715e-26,0.846153846153846,0.430155313693348,0.591651716461949,446.781818181818,88462.8,198,2.05406697529236,0.0194083275382061,1.26975102967898,0.915931756840756,0.0524526423206037,0.801813956992114,0.317566849347644,0.5,0.5,0.730000378562924,45.7366727588365,43.90953251262353,45.73667275883646
P0537,Product P0537,P0165,"Honey lemonade, 500 ml",321,1610,3686,0.0103026607182977,0.0516737811727702,0.118304072921013,0.199378881987578,1.68530868857487,0.0041894419423297,1.10126488952457,0.0585980158507194,106.984646522354,4.48631602148161e-25,1.03918700200349e-24,0.653846153846154,0.765843745514844,0.370274071818014,395.473115264798,126946.87,321,1.7033360172564,0.0278515537933467,1.35224877697489,0.975441302294921,0.0747063676449481,0.948831598811645,0.299977883333619,0.5,0.5,0.426497917297997,45.7352961687842,43.907565955406014,45.7352961687842
P0056,Product P0056,P0567,"Fried Romanian cheese doughnuts, 180 g",223,937,2807,0.0071573001251725,0.0300734987322271,0.0900921141316558,0.237993596584845,2.6416695720677,0.0044479150450505,1.19409480260314,0.0909605313981041,257.78735590773,5.2098773724682995e-58,3.0233916028526096e-57,0.807692307692308,0.581983787751608,0.510556627663195,448.757533632287,100072.93,223,2.06757237561149,0.0219555361479398,1.2696664313955,0.915870732078737,0.0989247311266468,0.801663196025345,0.326387143006709,0.5,0.5,0.618821315805676,45.7277145612308,43.896735087472535,45.72771456123077
P0061,Product P0061,P0165,"Honey lemonade, 500 ml",143,683,3686,0.0045896588246621,0.0219212376031068,0.118304072921013,0.209370424597365,1.76976514356486,0.0019962871327453,1.11518207073139,0.0422128128908439,55.519330423708,9.254448448219541e-14,1.47827280483273e-13,0.615384615384615,0.662285221770564,0.370203986250414,430.46958041958,61557.15,143,1.9425613933385,0.0135053528660463,1.3674064730808,0.986375268796568,0.0585475353646533,0.975843836235707,0.28763011033266,0.5,0.5,0.426401831976013,45.7044479584205,43.8634970834579,45.70444795842053
P0076,"Grilled pork neck, 150 g",P0071,Product P0071,421,2088,1212,0.0135122123439356,0.0670154379433193,0.0388997657027313,0.201628352490421,5.18327935523437,0.0109053275094745,1.20382560840594,0.225556953288447,1585.14163693052,0.0,0.0,0.961538461538462,0.363146018417064,0.705381850915015,431.961781472684,181855.91,421,1.95276163374964,0.0398983421962512,1.31650422088478,0.817990063930896,0.168035111427168,0.559850140640821,0.363661520551278,0.5,0.5,0.885921161720656,45.6901470695919,43.84306724227414,45.690147069591895
P0597,"Assorted pickled vegetables, 180 g",P0095,Product P0095,236,971,3929,0.0075745418365054,0.031164746284944,0.126103283371313,0.243048403707518,1.92737569720416,0.00364456500454,1.1544948460496,0.0631823369274105,124.378983896712,6.95967915441313e-29,1.7992914591148599e-28,0.846153846153846,0.49240207491017,0.566974450370405,538.98093220339,127199.5,236,2.68431256234512,0.0279069796422456,1.39674863974487,0.867848724672105,0.0868358570868943,0.683025383713353,0.416279400174717,0.5,0.5,0.696168547855178,45.6844982980511,43.83499756864438,45.68449829805107
P0524,Product P0524,P0072,"French fries, 180 g",109,313,5580,0.0034984112719453,0.0100458965882466,0.179092980710595,0.348242811501597,1.94448051576259,0.0016992617080458,1.25952890704698,0.0444398027187347,61.5318367183936,4.35641864340878e-15,7.32334782736361e-15,0.538461538461538,0.651319742186422,0.32607951367952,439.115871559633,47863.63,109,2.0016648553752,0.0105010581646467,1.35675980185286,0.978695318905309,0.107678458782714,0.956870609105705,0.286110634014975,0.5,0.5,0.365908433698049,45.6722783750484,43.81754053578339,45.672278375048364
P0071,Product P0071,P0072,"French fries, 180 g",456,1212,5580,0.0146355554129088,0.0388997657027313,0.179092980710595,0.376237623762376,2.1007949182015,0.0076688804242629,1.31605728489254,0.103439845908967,333.373722242096,1.7700979164703002e-74,1.37941201919221e-73,0.923076923076923,0.425238764356716,0.647664760573331,454.163793859649,207098.69,456,2.10452795470693,0.0454364909120377,1.31943473306043,0.819810893521779,0.168224578948576,0.564348479026099,0.397330721985289,0.5,0.5,0.806792670657676,45.6660023057761,43.808574722537195,45.66600230577603
P0140,Product P0140,P0095,Product P0095,219,931,3929,0.007028918060147,0.0298809256346888,0.126103283371313,0.235230934479055,1.86538310653192,0.0032608352274387,1.14269359997375,0.0576933899297497,103.706923266099,2.34570111910718e-24,5.30946041690027e-24,0.923076923076923,0.410028500209135,0.654651252042077,528.682831050228,115781.54,219,2.61391782075048,0.0254019322381601,1.37102568744467,0.851866155787982,0.0802412237920454,0.643540632659896,0.400843122659184,0.5,0.5,0.816370951968697,45.6562091019095,43.79458443129925,45.65620910190947
P0612,"Sour cream, 50 g",P0537,Product P0537,742,2147,1610,0.0238148730622332,0.0689090734024457,0.0516737811727702,0.345598509548207,6.68808246086552,0.0202540806824169,1.44915045681286,0.36121375805447,4065.22138374707,0.0,0.0,0.961538461538462,0.519530235256972,0.632786659474303,293.091334231806,217473.77,742,1.00348476190109,0.0477127352867929,1.31726408551613,0.818462194371889,0.305129289091565,0.561016533419262,0.273423961004611,0.5,0.5,0.786395216751406,45.6553478378228,43.793354054032605,45.655347837822816
P0056,Product P0056,P0058,Product P0058,116,937,2522,0.0037230798857399,0.0300734987322271,0.0809448919985878,0.123799359658485,1.52942769582847,0.0012887837788401,1.04890942289564,0.0276664329909928,23.8485496955658,1.04220370988764e-06,1.30995881046937e-06,0.538461538461538,0.680868716366583,0.320347171208881,620.006465517241,71920.75,116,3.23817889123091,0.0157790785821095,1.31740452312691,0.950306486179943,0.0187169451208119,0.886736327127243,0.447472924962332,0.5,0.5,0.358049555031911,45.6390194945268,43.770027849324066,45.63901949452685
P0070,"Caru' cu Flori potatoes, 180 g",P0058,Product P0058,434,4003,2522,0.0139294540552685,0.128478351574285,0.0809448919985878,0.108418685985511,1.33941356036898,0.0035297877629313,1.03081468123554,0.03867488446838,46.6029795780358,8.69279763707194e-12,1.3027255799513e-11,1.0,0.370045948761875,0.729902526921605,449.029239631336,194878.69,434,2.06942967661371,0.0427554796562683,1.37186632525618,0.852388473427582,0.0415930620527081,0.644831012330397,0.385574574333989,0.5,0.5,0.919538311870797,45.6353560930498,43.764794418642644,45.63535609304985
P0156,Product P0156,P0011,Product P0011,165,1346,1889,0.0052957601823025,0.0432005648810861,0.0606284302082999,0.12258543833581,2.02191344744776,0.0026765777494504,1.07061315236209,0.0551655341366324,94.8181089305617,2.08707614587101e-22,4.3788462983563e-22,0.538461538461538,0.757408967447176,0.306395123978291,529.886363636364,87431.25,165,2.62214480979843,0.0191820102582643,1.34798505766127,0.97236567894017,0.0355765897909811,0.941233306986532,0.384183783949951,0.5,0.5,0.338921694669229,45.6090905612416,43.7272722303451,45.60909056124157
P0020,Product P0020,P0599,Product P0599,163,572,2260,0.0052315691497897,0.0183586352986488,0.0725358667394165,0.284965034965035,3.92860867009097,0.0038999096262494,1.29708920348424,0.112003851304313,390.860287361955,5.37764567724921e-87,5.0577684774818e-86,0.538461538461538,0.699896604097788,0.316761347227542,434.872392638037,70884.2,163,1.97265770175482,0.0155516643253855,1.34140239989952,0.967617295085797,0.127389804082123,0.929502479748715,0.296994676722258,0.5,0.5,0.353133492230042,45.6090741333623,43.7272487619462,45.60907413336234
P0600,Product P0600,P0095,Product P0095,110,540,3929,0.0035305067882016,0.0173315787784447,0.126103283371313,0.203703703703704,1.61537192575625,0.0013449377982312,1.09745169064998,0.0310446226560075,30.0281381410197,4.25822234284883e-08,5.58379876928855e-08,0.730769230769231,0.663983692184162,0.439168505197317,454.447272727273,49989.2,110,2.10646573152006,0.0109673983524475,1.33672454384938,0.964242935223032,0.0487416607063799,0.921166162845466,0.299840779424694,0.5,0.5,0.520950228106987,45.6044743406007,43.72067762942953,45.604474340600675
P0605,Product P0605,P0535,"Grilled minced-meat rolls with mustard, 40/20/30 g",125,480,5898,0.0040119395320473,0.0154058478030619,0.189299354880123,0.260416666666667,1.37568702667571,0.0010956224815463,1.09615861875364,0.0227083030461188,16.0666375675412,6.11519527887708e-05,7.34766304984019e-05,0.692307692307692,0.520913053783078,0.455192156175966,460.4308,57553.85,125,2.1473673356045,0.0126270474355863,1.31480195039993,0.948429126796559,0.0656611810568946,0.882098332545257,0.309388475027463,0.5,0.5,0.542918198352095,45.5721417561133,43.67448822301891,45.57214175611324
P0159,Product P0159,P0095,Product P0095,468,1626,3929,0.0150207016079854,0.0521873094328722,0.126103283371313,0.287822878228782,2.28243762203466,0.0084397105381854,1.22707777309002,0.114311674718685,407.133472246088,1.54205981171924e-90,1.52944295871426e-89,1.0,0.422053139030055,0.703208602093501,400.287606837607,187334.6,468,1.73624644269667,0.041100341341658,1.34457503272481,0.835431439968556,0.142622510834764,0.602938857847027,0.341434486351609,0.5,0.5,0.882941699330352,45.5693340939715,43.67047727710217,45.56933409397152
P0537,Product P0537,P0018,"Hot pepper, 1 pc.",732,1610,2461,0.0234939178996694,0.0516737811727702,0.0789870655069487,0.454658385093168,5.75611186686218,0.0194123575611841,1.6888733764622,0.325127292832634,3293.53657066252,0.0,0.0,0.961538461538462,0.547338464985005,0.621414437304627,295.971816939891,216651.37,732,1.02317488077715,0.0475323045456517,1.30539992937275,0.81109057969094,0.324032570550755,0.542805044850085,0.275243687605809,0.5,0.5,0.770804223252041,45.5496682926534,43.642383275219125,45.54966829265339
P0057,Product P0057,P0095,Product P0095,187,647,3929,0.0060018615399428,0.0207657990178772,0.126103283371313,0.28902627511592,2.29198056853823,0.0033832261019597,1.22915472969296,0.0714694042326277,159.146084473764,1.7386878598302698e-36,5.730841254002479e-36,0.653846153846154,0.598022160918749,0.409159628593786,450.994812834225,84336.03,187,2.08286574755968,0.0185029333630857,1.30467356379122,0.941123040230264,0.104887143036164,0.864048730423302,0.318409749807542,0.5,0.5,0.479808910863251,45.5450015739727,43.63571653424667,45.54500157397267
P0592,Product P0592,P0009,"Borsec sparkling mineral water, 750 ml",115,565,3139,0.0036909843694835,0.0181339666848541,0.100747825528774,0.20353982300885,2.02028998581928,0.0018640266577733,1.12906106350276,0.0464110084368193,67.111607955345,2.56563289915354e-16,4.50741625278021e-16,0.461538461538462,0.725644201561808,0.267458645948419,511.326434782609,58802.54,115,2.4952746833311,0.0129010042232268,1.36713017182762,0.986175959572695,0.0574275874481002,0.975351445109829,0.3513562202356,0.5,0.5,0.285540889511323,45.5381139509838,43.625877072834015,45.53811395098381
P0070,"Caru' cu Flori potatoes, 180 g",P0011,Product P0011,559,4003,1889,0.0179413935873159,0.128478351574285,0.0606284302082999,0.139645266050462,2.30329674660363,0.0101519528156169,1.09184215850063,0.127127250774903,503.538804625802,1.6143704843903102e-111,1.97896426794363e-110,0.961538461538462,0.421643303539269,0.67635704339102,442.540161001789,247379.95,559,2.02507227455284,0.0542740123078294,1.33490304165444,0.829421894029786,0.101546291546923,0.58809234430737,0.412977674477714,0.5,0.5,0.846128975226659,45.5136159589067,43.59087994129533,45.513615958906726
P0592,Product P0592,P0535,"Grilled minced-meat rolls with mustard, 40/20/30 g",178,565,5898,0.0057130018936354,0.0181339666848541,0.189299354880123,0.315044247787611,1.66426477251926,0.0022802536987749,1.18358104520085,0.0436220245354385,59.2880640825399,1.36200155309309e-14,2.23786700967555e-14,0.576923076923077,0.72517709342895,0.334413828655926,417.455561797753,74307.09,178,1.85360145165934,0.0163026304970107,1.35301306398978,0.975992618838017,0.0991169251430398,0.950193619936887,0.285027787656475,0.5,0.5,0.37733454274517,45.4601120821798,43.514445831685336,45.460112082179734
P0599,Product P0599,P0627,"Chicken breast strips, 200 g",241,2260,1085,0.0077350194177873,0.0725358667394165,0.0348236351381712,0.106637168141593,3.06220667998858,0.0052090568600228,1.08038562882008,0.10954529838438,373.889371408312,2.6629878601905697e-83,2.38140963562944e-82,0.730769230769231,0.514576500953292,0.482490802088423,475.064730290456,114490.6,241,2.24740050929248,0.0251187059967098,1.27605657197031,0.920480244137665,0.0628165118282931,0.813050942103229,0.356645740399744,0.5,0.5,0.580343866318508,45.4537025498104,43.505289356872,45.4537025498104
P0072,"French fries, 180 g",P0082,"Tripe soup, 300/100 g",804,5580,2454,0.0258047950701287,0.179092980710595,0.078762396893154,0.144086021505376,1.82937578322861,0.0116990026426229,1.07632031518765,0.113270621065685,399.75158816945,6.23750384799533e-89,6.02222716651585e-88,1.0,0.366386687616136,0.73185724733944,358.854664179105,288519.15,804,1.45302323012847,0.0632997617557303,1.32705715558085,0.824546970919693,0.114689259988239,0.57604890330597,0.370836822119887,0.5,0.5,0.922218178028249,45.4536814885644,43.505259269377724,45.453681488564406
P0057,Product P0057,P0165,"Honey lemonade, 500 ml",197,647,3686,0.0063228167025066,0.0207657990178772,0.118304072921013,0.304482225656878,2.57372563884735,0.0038661381012326,1.26768281071134,0.0839460929448635,219.561712745689,1.1271601877555899e-49,5.3700077067308e-49,0.615384615384615,0.649279945013256,0.373123202792397,417.50076142132,82247.65,197,1.85391042277682,0.0180447524885911,1.32463473404579,0.955521980898564,0.117696135898374,0.899621146337371,0.290003258964509,0.5,0.5,0.430403994917453,45.4504507731796,43.50064396168516,45.45045077317961
P0535,"Grilled minced-meat rolls with mustard, 40/20/30 g",P0599,Product P0599,854,5898,2260,0.0274095708829477,0.189299354880123,0.0725358667394165,0.14479484571041,1.99618274681383,0.0136785781035055,1.08449315185784,0.13462048908445,564.648218666201,8.193746490402959e-125,1.19191698947062e-123,0.961538461538462,0.535150375095343,0.626348061491203,356.99200234192,304871.17,854,1.44029063052038,0.0668873190122415,1.35974486859767,0.844856988947903,0.127859692969512,0.626224567277718,0.379499996249074,0.5,0.5,0.777568081843049,45.4473659483566,43.49623706908081,45.44736594835656
P0567,"Fried Romanian cheese doughnuts, 180 g",P0007,Product P0007,381,2807,2157,0.0122283916936804,0.0900921141316558,0.0692300285650095,0.135732098325615,1.96059572903624,0.0059913120588637,1.07694612935615,0.0824349539501088,211.728067511796,5.76577427457064e-48,2.61014926703592e-47,0.807692307692308,0.697108621456662,0.475922576481315,351.241942257218,133823.18,381,1.40098493835479,0.0293601842768295,1.32540909584843,0.956080564864828,0.0672170009099622,0.901001121547259,0.268457458620962,0.5,0.5,0.571339015620477,45.4469017777684,43.49557396824061,45.44690177776843
P0569,Product P0569,P0165,"Honey lemonade, 500 ml",284,998,3686,0.0091151266168116,0.0320313252238662,0.118304072921013,0.284569138276553,2.40540440620797,0.0053256903817706,1.23239850871825,0.0936480079833747,273.245313432564,2.2264998876605102e-61,1.3570454622556501e-60,0.730769230769231,0.658124093540969,0.440720470570241,360.246126760563,102309.9,284,1.46253485245608,0.0224463169784487,1.31616058262597,0.94940917278401,0.119937172489669,0.884519524790134,0.256144053512716,0.5,0.5,0.523077928540506,45.4427943012555,43.489706144650626,45.44279430125543
P0631,Product P0631,P0535,"Grilled minced-meat rolls with mustard, 40/20/30 g",142,509,5898,0.0045575633084058,0.0163366177744969,0.189299354880123,0.278978388998035,1.47374188979515,0.0014650521027704,1.12437773396735,0.0295014877252136,27.117114149175,1.91495136184468e-07,2.46369332048649e-07,0.653846153846154,0.576429538503301,0.41476395733293,404.869929577465,57491.53,142,1.76756983138532,0.0126133747169726,1.34543091438646,0.970523254022025,0.0768341230769925,0.936681617595728,0.264382942035279,0.5,0.5,0.487492286340498,45.432896517565,43.475566453664236,45.43289651756496
P0601,Cornflake-crusted pike-perch with potatoes and sauce,P0071,Product P0071,101,952,1212,0.0032416471418942,0.0305549314760728,0.0388997657027313,0.10609243697479,2.72732843137255,0.002053067466412,1.0751673596369,0.0616940280829065,118.5883121708,1.2888616153855e-27,3.21038361275245e-27,0.538461538461538,0.664567145604884,0.323484420489309,717.755445544554,72493.3,101,3.90636170355933,0.0159046933934426,1.25793090657998,0.90740534035195,0.0316807964155278,0.780749543950664,0.526939680845084,0.5,0.5,0.362350634663247,45.410906770858,43.44415252979712,45.410906770857984
P0018,"Hot pepper, 1 pc.",P0071,Product P0071,256,2461,1212,0.008216452161633,0.0789870655069487,0.0388997657027313,0.104022754977651,2.67412291818373,0.0051438738198664,1.07268375356262,0.0986328581189094,303.109026911863,6.92517184853874e-68,4.8431810812537e-67,0.846153846153846,0.420616584966929,0.595624361356829,421.7641796875,107971.63,256,1.88305387579733,0.0236884742498994,1.26116874964182,0.909740950416192,0.0564778992978972,0.786519641524662,0.309453615559331,0.5,0.5,0.735446761847319,45.403490746111,43.43355820872999,45.40349074611099
P0094,Product P0094,P0095,Product P0095,243,1003,3929,0.0077992104503,0.0321918028051481,0.126103283371313,0.242273180458624,1.92122817092119,0.003739718418929,1.1533136931297,0.0638231676001455,126.914821683439,1.93920406232332e-29,5.12269160289284e-29,0.769230769230769,0.534961507328145,0.501140103877747,418.805679012346,101769.78,243,1.86283044941633,0.0223278171585251,1.28368058089687,0.92597980407269,0.0873133415448416,0.826637541135736,0.303201785837629,0.5,0.5,0.605911529227904,45.4021686626432,43.431669518061675,45.40216866264317
P0071,Product P0071,P0594,Product P0594,183,1212,850,0.0058734794749173,0.0388997657027313,0.0272811888179221,0.150990099009901,5.53458648806057,0.0048122476218082,1.14570962016781,0.152779410221617,727.252616883078,3.54489235444963e-160,7.58328933079322e-159,0.653846153846154,0.719380303176628,0.38028012338989,426.754262295082,78096.03,183,1.91716458907079,0.017133906338863,1.32380334092661,0.954922257533534,0.106669803996348,0.898139536719994,0.294910108094873,0.5,0.5,0.440215929721937,45.3965482734437,43.423640390633814,45.39654827344367
P0601,Cornflake-crusted pike-perch with potatoes and sauce,P0537,Product P0537,202,952,1610,0.0064832942837885,0.0305549314760728,0.0516737811727702,0.21218487394958,4.10623858238948,0.0049044054409449,1.20374208043136,0.128727135680815,516.292535325506,2.7111617228352897e-114,3.5637077585702404e-113,0.846153846153846,0.521692426181841,0.556061022316432,427.897772277228,86435.35,202,1.92498128153738,0.0189635144227798,1.24918218105693,0.901094468888846,0.111676893706893,0.765158609198082,0.301022490613801,0.5,0.5,0.681206548053681,45.3692253509123,43.38460764416047,45.36922535091233
P0592,Product P0592,P0070,"Caru' cu Flori potatoes, 180 g",150,565,4003,0.0048143274384568,0.0181339666848541,0.128478351574285,0.265486725663717,2.06639268336358,0.0024845052912837,1.1865294731579,0.0556433582973698,96.4677837825434,9.07078693742824e-23,1.9328571384246498e-22,0.576923076923077,0.627719103598835,0.354436509129566,384.510666666667,57676.6,150,1.62839999508759,0.01265397821559,1.37067412869742,0.988732384073282,0.086164350939157,0.981667062187689,0.248020803045781,0.5,0.5,0.404785068811815,45.3648950115707,43.378421445100976,45.36489501157068
P0578,Product P0578,P0535,"Grilled minced-meat rolls with mustard, 40/20/30 g",140,615,5898,0.004493372275893,0.0197387424976731,0.189299354880123,0.227642276422764,1.20255178136725,0.0007568410549386,1.04964399315521,0.013888943017641,6.01027061245479,0.0142228461251474,0.0156897119540301,0.615384615384615,0.57637699286199,0.390379089628398,509.327142857143,71305.8,140,2.48160812127542,0.0156441614076631,1.31516049370676,0.948687761121914,0.0507233514847099,0.882737285646261,0.35751495454512,0.5,0.5,0.45406132551404,45.3601250886622,43.37160726951745,45.360125088662215
P0159,Product P0159,P0082,"Tripe soup, 300/100 g",185,1626,2454,0.0059376705074301,0.0521873094328722,0.078762396893154,0.113776137761378,1.44454895037948,0.0018272729290923,1.03950891231904,0.0305010237676205,28.9857450318485,7.29128746546768e-08,9.49259501769121e-08,0.769230769230769,0.423178095736599,0.540502113920349,401.231081081081,74227.75,185,1.74269575064021,0.0162852236694303,1.32172020927306,0.953419595680485,0.0211412489701127,0.894427228040747,0.271847570583515,0.5,0.5,0.659875726685508,45.3470782187426,43.35296888391797,45.347078218742574
P0142,Product P0142,P0165,"Honey lemonade, 500 ml",154,813,3686,0.0049427095034823,0.0260936547164361,0.118304072921013,0.189421894218942,1.60114431855116,0.0018557238731333,1.08773716041763,0.0360435895820294,40.4773158836346,1.98912020062469e-10,2.83677142337456e-10,0.615384615384615,0.552265278248227,0.396442943102543,373.600064935065,57534.41,154,1.55381838260243,0.012622782389857,1.37950830684846,0.995104896577704,0.0488827113753188,0.997410280417899,0.239102146566847,0.5,0.5,0.462374696347455,45.3316497306758,43.33092818667978,45.33164973067584
P0592,Product P0592,P0011,Product P0011,118,565,1889,0.0037872709182527,0.0181339666848541,0.0606284302082999,0.208849557522124,3.44474624865898,0.0026878369847004,1.18734885219756,0.0844060414448273,221.974302437648,3.35541643852812e-50,1.61266931032343e-49,0.5,0.732620642021099,0.288580193421193,462.468983050847,54571.34,118,2.16129974576954,0.0119726985910327,1.36238494478348,0.982753001810457,0.0831044029337679,0.966895067659598,0.309182957087474,0.5,0.5,0.314497931013962,45.3286278637564,43.32661123393775,45.328627863756424
P0576,Product P0576,P0159,Product P0159,371,1175,1626,0.0119074365311166,0.0377122316012453,0.0521873094328722,0.315744680851064,6.05021957028081,0.0099393366311382,1.3851740191746,0.234595721734835,1714.73025131197,0.0,0.0,1.0,0.445706663968887,0.691703251373766,342.091778975741,126916.05,371,1.33843715695623,0.027844792028461,1.35006794865696,0.838844380529805,0.214196823482533,0.6113704879184,0.256755893062648,0.5,0.5,0.867168190371162,45.3181459929833,43.3116371328332,45.31814599298323
P0578,Product P0578,P0165,"Honey lemonade, 500 ml",156,615,3686,0.0050069005359951,0.0197387424976731,0.118304072921013,0.253658536585366,2.1441234466604,0.0026717269041813,1.18135728791629,0.0594705750891697,110.194497984859,8.88328076289471e-26,2.12071319744379e-25,0.461538461538462,0.674645058667014,0.275603752060653,453.300192307692,70714.83,156,2.0986246326103,0.0155145053338642,1.36486751751733,0.984543799496338,0.0843201799132863,0.971319212571893,0.31180340040835,0.5,0.5,0.296707598581262,45.3159318436832,43.30847406240458,45.3159318436832
P0570,Product P0570,P0018,"Hot pepper, 1 pc.",230,1256,2461,0.0073819687389671,0.040311968418012,0.0789870655069487,0.18312101910828,2.31836716471219,0.0041978446488196,1.12747782234237,0.0791285971248403,195.084410947926,2.4693851549026997e-44,9.90477648528989e-44,0.846153846153846,0.466369889434159,0.577039839845838,388.499347826087,89354.85,230,1.6556654273595,0.0196040391659237,1.27782421632238,0.921755330008059,0.0732824332271202,0.816201026956877,0.270952260512673,0.5,0.5,0.709967910859051,45.3083935225239,43.29770503217702,45.308393522523914
P0613,Product P0613,P0076,"Grilled pork neck, 150 g",359,1844,2088,0.0115222903360401,0.0591841319767628,0.0670154379433193,0.19468546637744,2.9050838486216,0.007556039812322,1.15853436527442,0.128060331184214,510.957614515744,3.92523394201732e-113,4.97957003574523e-112,0.961538461538462,0.44144816647943,0.667064195507569,479.283537604457,172062.79,359,2.27623901517717,0.0377497771431333,1.33777492341776,0.831206294497265,0.109605548092718,0.592500684965804,0.395869024693909,0.5,0.5,0.833388744796778,45.2933926030164,43.27627514716628,45.29339260301639
P0009,"Borsec sparkling mineral water, 750 ml",P0613,Product P0613,315,3139,1844,0.0101100876207594,0.100747825528774,0.0591841319767628,0.100350430073272,1.69556309641699,0.0041474150182925,1.0457581479196,0.0583934249771514,106.238891854077,6.536121985291471e-25,1.50441119956814e-24,0.846153846153846,0.466332768581943,0.577054447860524,555.512507936508,174986.44,315,2.79731747311235,0.0383912123770065,1.38258857502138,0.859050581783777,0.038651502949925,0.661289673753519,0.459381453800522,0.5,0.5,0.709987938032158,45.2863319904009,43.266188557715566,45.286331990400896
P0614,Product P0614,P0072,"French fries, 180 g",378,845,5580,0.0121321051449113,0.0271207112366402,0.179092980710595,0.447337278106509,2.49779347203665,0.00727497613055,1.48536709057719,0.116806037021881,425.095211922177,1.8985797455603698e-94,1.95410424755317e-93,0.961538461538462,0.465927949210085,0.655924775877686,385.292883597884,145640.71,378,1.63374699624101,0.0319528954834901,1.34612215172142,0.83639271904907,0.195013378761683,0.605313686665986,0.303366016104331,0.5,0.5,0.818116916965337,45.2550308002934,43.22147257184766,45.25503080029336
P0057,Product P0057,P0567,"Fried Romanian cheese doughnuts, 180 g",139,647,2807,0.0044612767596366,0.0207657990178772,0.0900921141316558,0.21483771251932,2.38464503347504,0.002590442024483,1.15887874440319,0.0634474487325361,125.424957134557,4.10836059560107e-29,1.08005335175922e-28,0.692307692307692,0.636902711800355,0.422937592635701,476.57654676259,66244.14,139,2.25773483484546,0.0145336567077549,1.30422288985814,0.940797947706102,0.0720927727778396,0.863245593112966,0.327860831848215,0.5,0.5,0.498698108120122,45.2509650359816,43.21566433711661,45.25096503598162
P0594,Product P0594,P0082,"Tripe soup, 300/100 g",145,850,2454,0.0046538498571749,0.0272811888179221,0.078762396893154,0.170588235294118,2.16585886188216,0.0025051180357806,1.11071200374584,0.0570896788912093,101.54787384838,6.97569963067957e-24,1.55316087695335e-23,0.653846153846154,0.646595063792489,0.397089829930739,450.510896551724,65324.08,145,2.07955784048503,0.0143317998161033,1.33694329940463,0.964400734000391,0.0528833875539415,0.921556002894694,0.306193002451397,0.5,0.5,0.463261559810263,45.2452634561033,43.207519223004674,45.245263456103274
P0072,"French fries, 180 g",P0570,Product P0570,619,5580,1256,0.0198671245626986,0.179092980710595,0.040311968418012,0.110931899641577,2.75183534803552,0.0126475339804055,1.07943140822969,0.167701731282966,876.255438630456,1.4245562796103899e-192,3.53225204785211e-191,0.961538461538462,0.385852893350931,0.693824334568083,373.517431340872,231207.29,619,1.55325352404999,0.0507258058024504,1.35292171193059,0.840617523346669,0.113849969230437,0.615751016681562,0.347056778481193,0.5,0.5,0.87007613516865,45.2339166395504,43.19130948507191,45.23391663955034
P0056,Product P0056,P0599,Product P0599,164,937,2260,0.0052636646660461,0.0300734987322271,0.0725358667394165,0.175026680896478,2.41296738791662,0.0030822573696173,1.1242353077169,0.0695796987721844,150.841458431618,1.13511604478845e-34,3.44003223573389e-34,0.576923076923077,0.593760128649022,0.361988649704843,558.221951219512,91548.4,164,2.81583841759869,0.0200852938500557,1.28617242708757,0.927777291143677,0.062230502028208,0.831078212096348,0.409677263515749,0.5,0.5,0.415138838977281,45.2111079425789,43.15872563225559,45.211107942578906
P0569,Product P0569,P0535,"Grilled minced-meat rolls with mustard, 40/20/30 g",279,998,5898,0.0089546490355297,0.0320313252238662,0.189299354880123,0.279559118236473,1.47680967224378,0.0028911398346964,1.12528406652244,0.0419127509051669,54.7328378956805,1.38079742363946e-13,2.18642959243926e-13,0.730769230769231,0.538922539117749,0.474857708685048,381.366379928315,106401.22,279,1.60690659070617,0.0233439335881831,1.30068475859227,0.938245725490466,0.0926362752476113,0.856940357731337,0.275781920692443,0.5,0.5,0.569879112125665,45.2059621946845,43.15137456383496,45.205962194684474
P0627,"Chicken breast strips, 200 g",P0058,Product P0058,140,1085,2522,0.004493372275893,0.0348236351381712,0.0809448919985878,0.129032258064516,1.59407536261544,0.0016745768906355,1.05521142029792,0.0334887703974542,34.9425051703447,3.3958603565574904e-09,4.58525204084681e-09,0.538461538461538,0.504336125173469,0.357939644904457,553.148571428571,77440.8,140,2.78115830967559,0.0169901519194589,1.31555432472848,0.948971850152902,0.025088378033959,0.883439124302292,0.396796571478344,0.5,0.5,0.409587768431892,45.2023591606108,43.146227372301176,45.202359160610825
P0020,Product P0020,P0535,"Grilled minced-meat rolls with mustard, 40/20/30 g",167,572,5898,0.0053599512148152,0.0183586352986488,0.189299354880123,0.291958041958042,1.54230870011643,0.0018846733963016,1.14498955310758,0.0358372479422732,40.0151949517468,2.51994973360809e-10,3.58443958196405e-10,0.692307692307692,0.447238031634514,0.478364772881071,427.770359281437,71437.65,167,1.92411032437925,0.0156730886854105,1.29321817817938,0.932859726223425,0.0862813885897443,0.843634309011943,0.291591063733599,0.5,0.5,0.574687197499502,45.1770072017007,43.11001028814392,45.17700720170074
P0627,"Chicken breast strips, 200 g",P0011,Product P0011,196,1085,1889,0.0062907211862502,0.0348236351381712,0.0606284302082999,0.180645161290323,2.97954541573456,0.0041794188536763,1.1464771127379,0.095525350204603,284.310508010552,8.63548802962556e-64,5.44584823139971e-63,0.807692307692308,0.432259408145319,0.563928784896736,551.205612244898,108036.3,196,2.76787682140611,0.0237026625476008,1.19474844641808,0.861828829378576,0.0801152779678616,0.668153302212801,0.414253955712759,0.5,0.5,0.691993027020927,45.1703809880777,43.10054426868243,45.170380988077696
P0579,Product P0579,P0072,"French fries, 180 g",143,601,5580,0.0045896588246621,0.0192894052700838,0.179092980710595,0.237936772046589,1.3285655925906,0.0011350617387082,1.07721641614177,0.0215230277281126,14.4331911935841,0.0001452201490373,0.0001718385928413,0.615384615384615,0.588130398067921,0.387489979496191,528.177622377622,75529.4,143,2.61046436526092,0.0165707996351482,1.29609199928449,0.934932749951798,0.058291033715862,0.848755690088799,0.375398114268623,0.5,0.5,0.450100437605052,45.1499011375162,43.07128733930885,45.149901137516196
P0601,Cornflake-crusted pike-perch with potatoes and sauce,P0007,Product P0007,137,952,2157,0.0043970857271239,0.0305549314760728,0.0692300285650095,0.14390756302521,2.07868703809758,0.0022817669482334,1.08723069055965,0.0522276623657403,84.9878436103246,3.0020511012439704e-20,5.92267224494967e-20,0.576923076923077,0.713430632019137,0.336706410018607,513.235401459854,70313.25,137,2.50832380898629,0.0154264005466227,1.33430211250068,0.962495520376202,0.0402960877305082,0.916849194733867,0.360060654970313,0.5,0.5,0.380477606659067,45.1488948152844,43.06984973612062,45.14889481528443
P0076,"Grilled pork neck, 150 g",P0613,Product P0613,359,2088,1844,0.0115222903360401,0.0670154379433193,0.0591841319767628,0.171934865900383,2.9050838486216,0.007556039812322,1.1361616728933,0.128060331184214,510.957614515744,3.92523394201732e-113,4.97957003574523e-112,0.961538461538462,0.44144816647943,0.667064195507569,479.283537604457,172062.79,359,2.27623901517717,0.0377497771431333,1.33777492341776,0.831206294497265,0.101434705939161,0.592500684965804,0.395869024693909,0.5,0.5,0.833388744796778,45.1299757599453,43.042822514207515,45.12997575994525
P0577,Product P0577,P0072,"French fries, 180 g",115,365,5580,0.0036909843694835,0.0117148634335783,0.179092980710595,0.315068493150685,1.75924534786665,0.0015929345585464,1.19852424816253,0.0386101883704616,46.4471932495009,9.412108008435929e-12,1.4085884550347898e-11,0.615384615384615,0.552337887453725,0.396424399841211,546.08147826087,62799.37,115,2.73284977298843,0.0137778901657306,1.26873206711531,0.915196730722027,0.0928681069578413,0.799998083491037,0.381970285482898,0.5,0.5,0.462349274062999,45.1202222592655,43.02888894180788,45.12022225926552
P0015,Product P0015,P0599,Product P0599,173,1453,2260,0.0055525243123535,0.0466347851205187,0.0725358667394165,0.11906400550585,1.64145009714414,0.0021698297534303,1.05281670752158,0.0396749195580418,49.0442100810339,2.50257848883413e-12,3.81861976408117e-12,0.692307692307692,0.642856173004729,0.42140493104852,390.824335260116,67612.61,173,1.6715583465681,0.0148338926711905,1.36475406147396,0.984461958260773,0.0267413941413077,0.971117024748672,0.259310634748499,0.5,0.5,0.496596872628418,45.1093497990538,43.01335685579107,45.109349799053746
P0599,Product P0599,P0570,Product P0570,488,2260,1256,0.0156626119331129,0.0725358667394165,0.040311968418012,0.215929203539823,5.35645397666422,0.0127385483639405,1.22398134953459,0.249696775551293,1942.59158265824,0.0,0.0,1.0,0.445878853790252,0.691620876381574,337.189754098361,164548.6,488,1.3049283800078,0.0361011987496808,1.34679072945932,0.836808129754097,0.188515519270514,0.606339953994589,0.276195355723801,0.5,0.5,0.867055256597215,45.0915691457502,42.98795592250032,45.09156914575022
P0142,Product P0142,P0567,"Fried Romanian cheese doughnuts, 180 g",158,813,2807,0.0050710915685078,0.0260936547164361,0.0900921141316558,0.194341943419434,2.15714710763068,0.0027202590496827,1.12939711635262,0.0595994300765792,110.672532483321,6.97984611289178e-26,1.67731544254734e-25,0.653846153846154,0.521705706000865,0.429679767426582,378.908417721519,59867.53,158,1.59010469569432,0.0131346580838881,1.34820184568739,0.972522058445274,0.0633144941911589,0.941619640740116,0.244849486321269,0.5,0.5,0.507941438207051,45.0750868071214,42.96440972445912,45.07508680712138
P0082,"Tripe soup, 300/100 g",P0095,Product P0095,493,2454,3929,0.0158230895143948,0.078762396893154,0.126103283371313,0.200896495517522,1.59311074340531,0.0058908926599736,1.09359640112534,0.0658783279563476,135.219949716856,2.9554677980289104e-31,8.20461925610569e-31,1.0,0.417907463706997,0.705264642154846,404.110669371197,199226.56,493,1.76237975554236,0.0437093821446989,1.35410500600766,0.841352745294614,0.0911649790425155,0.617567373976445,0.351925176533263,0.5,0.5,0.885760471840472,45.0707553094492,42.9582218706417,45.07075530944919
P0018,"Hot pepper, 1 pc.",P0072,"French fries, 180 g",727,2461,5580,0.0233334403183875,0.0789870655069487,0.179092980710595,0.295408370581065,1.64946928354735,0.009187411319165,1.16508199219794,0.0888374407535147,245.893875536764,2.04005081746377e-55,1.1128477209264801e-54,1.0,0.424401591373958,0.702049201612737,360.569078404402,262133.72,727,1.46474245336982,0.0575109209359008,1.3127711991557,0.815670607119148,0.152730988805743,0.554119949489754,0.355813061143323,0.5,0.5,0.881352194210857,45.066801930885,42.952574186978524,45.066801930884964
P0160,Product P0160,P0572,"Medium Capricciosa pizza, 550 g",348,735,1605,0.0111692396572199,0.0235902044484386,0.0515133035914883,0.473469387755102,9.19120605251446,0.0099540302936821,1.8013894621712,0.296716514514904,2743.08377788986,0.0,0.0,0.923076923076923,0.474816574516927,0.62589269677775,302.435057471264,105247.4,348,1.06735566132137,0.0230907908380087,1.33632029750663,0.830302484601964,0.313022325422814,0.590267833102354,0.211183215395168,0.5,0.5,0.776943789758234,45.0589053759891,42.94129339427008,45.058905375989056
P0007,Product P0007,P0599,Product P0599,278,2157,2260,0.0089225535192733,0.0692300285650095,0.0725358667394165,0.12888270746407,1.77681350285754,0.0039008933929158,1.06468341428583,0.0592475887566513,109.369693431231,1.34672966699874e-25,3.19409144933831e-25,0.692307692307692,0.782602769360248,0.388369020965985,368.357661870504,102403.43,278,1.51798288209839,0.0224668370261371,1.36214102403015,0.982577050179857,0.0467730164355764,0.966460381196986,0.262767091257214,0.5,0.5,0.451305578485765,45.0330655626532,42.904379375218824,45.03306556265318
P0007,Product P0007,P0082,"Tripe soup, 300/100 g",265,2157,2454,0.0085053118079404,0.0692300285650095,0.078762396893154,0.12285581826611,1.55982833321809,0.0030525888211787,1.05026929698809,0.0446431244286006,62.0961676648965,3.2708734041432403e-15,5.5240292320747406e-15,0.923076923076923,0.437170643742301,0.642287627496544,330.100754716981,87476.7,265,1.25647009899125,0.0191919817772148,1.29148991102356,0.93161304499591,0.0367821502818409,0.840554397499074,0.22252067449776,0.5,0.5,0.799420773978683,44.9913521853603,42.844788836229036,44.99135218536033
P0599,Product P0599,P0007,Product P0007,278,2260,2157,0.0089225535192733,0.0725358667394165,0.0692300285650095,0.123008849557522,1.77681350285754,0.0039008933929158,1.06132196541023,0.0592475887566513,109.369693431231,1.34672966699874e-25,3.19409144933831e-25,0.692307692307692,0.782602769360248,0.388369020965985,368.357661870504,102403.43,278,1.51798288209839,0.0224668370261371,1.36214102403015,0.982577050179857,0.0446634296650986,0.966460381196986,0.262767091257214,0.5,0.5,0.451305578485765,44.9908738272436,42.84410546749089,44.99087382724362
P0614,Product P0614,P0165,"Honey lemonade, 500 ml",194,845,3686,0.0062265301537375,0.0271207112366402,0.118304072921013,0.229585798816568,1.94064154469013,0.0030180395539283,1.14444402209177,0.0575288437450885,103.116205896487,3.16055118719129e-24,7.10961102108391e-24,0.615384615384615,0.796777444444673,0.342493510972814,456.971649484536,88652.5,194,2.12372161654897,0.0194499468373239,1.32602879266601,0.956527581627618,0.0766487126142577,0.902105471274981,0.325931719087109,0.5,0.5,0.388411557650439,44.9778336360314,42.82547662290191,44.977833636031335
P0069,Product P0069,P0072,"French fries, 180 g",203,475,5580,0.0065153898000449,0.01524537022178,0.179092980710595,0.427368421052632,2.38629352952273,0.0037850510049898,1.43356924324437,0.0805661231646072,202.236977586693,6.78713588511323e-46,2.79425103798435e-45,0.692307692307692,0.595471218940292,0.433920514572191,359.356403940887,72949.35,203,1.45645297318043,0.0160047486457498,1.29396529278567,0.933398655492158,0.159806186504416,0.844965727519544,0.237162227877568,0.5,0.5,0.513755382060166,44.9762366586322,42.82319522661746,44.97623665863222
P0612,"Sour cream, 50 g",P0072,"French fries, 180 g",692,2147,5580,0.0222100972494143,0.0689090734024457,0.179092980710595,0.32231020027946,1.79968080826293,0.0098689658957651,1.21133152605797,0.101613434108729,321.705060261084,6.15892954148152e-72,4.63406353776299e-71,1.0,0.466729311276232,0.681789061084406,355.949566473988,246317.1,692,1.43316485048961,0.0540408279532308,1.31936481752957,0.819767452559992,0.165216790563823,0.564241158633855,0.342236714762074,0.5,0.5,0.853576117155687,44.9696544507519,42.81379207250272,44.969654450751904
P0094,Product P0094,P0011,Product P0011,182,1003,1889,0.0058413839586609,0.0321918028051481,0.0606284302082999,0.181455633100698,2.99291326655291,0.0038896454890097,1.14761228319254,0.092339146339771,265.660719667128,1.00153105158723e-59,5.93842596348733e-59,0.692307692307692,0.642200468539208,0.421573191319037,467.128571428571,85017.4,182,2.19315129926555,0.0186524227771073,1.29114292518518,0.931362747621763,0.0782126049050083,0.839936040739331,0.331890995432681,0.5,0.5,0.496827552678869,44.9690683483291,42.81295478332728,44.96906834832909
P0593,Product P0593,P0072,"French fries, 180 g",158,300,5580,0.0050710915685078,0.0096286548769136,0.179092980710595,0.526666666666667,2.94074432497013,0.0033466670663678,1.73431060413255,0.0893808333918194,248.911197252619,4.48549656918712e-56,2.5095778240939197e-55,0.615384615384615,0.687357663629401,0.364703126461619,388.922151898734,61449.7,158,1.65855558963277,0.0134817788349962,1.28903656717398,0.929843331493217,0.198824762927774,0.836182340816796,0.253937928460871,0.5,0.5,0.418860309490047,44.9675037390093,42.810719627156125,44.96750373900929
P0594,Product P0594,P0537,Product P0537,129,850,1610,0.0041403215970728,0.0272811888179221,0.0516737811727702,0.151764705882353,2.93697698209719,0.0027305994159625,1.1179990097131,0.0757214096222607,178.645884035052,9.57381012034406e-41,3.4933200138111597e-40,0.653846153846154,0.640439620050194,0.398579835462732,433.592248062016,55933.4,129,1.96390701604174,0.0122715282302335,1.33695104939196,0.964406324434541,0.0568642258449073,0.92156981399742,0.286659486970876,0.5,0.5,0.465304315062202,44.9549136868861,42.792733838408694,44.95491368688609
P0614,Product P0614,P0076,"Grilled pork neck, 150 g",108,845,2088,0.0034663157556889,0.0271207112366402,0.0670154379433193,0.127810650887574,1.90718220771271,0.0016488094148311,1.06970414509891,0.0405943679151778,51.3437046243273,7.75302297900701e-13,1.19640000991466e-12,0.538461538461538,0.686347656605225,0.319306363876065,530.585185185185,57303.2,108,2.62692174504294,0.0125720559894931,1.33920163360249,0.966029777774356,0.0267819788683232,0.925580536643713,0.366010234471311,0.5,0.5,0.356622637748911,44.933681377156,42.76240196736578,44.93368137715605
P0071,Product P0071,P0612,"Sour cream, 50 g",231,1212,2147,0.0074140642552235,0.0388997657027313,0.0689090734024457,0.190594059405941,2.76587755422026,0.004733517445076,1.15033863714193,0.0966477828122544,291.031116244102,2.96405849971824e-65,1.94806495373048e-64,0.846153846153846,0.411680486053535,0.599394731678509,414.422207792208,95731.53,231,1.8328663502839,0.0210030531474654,1.23731356402976,0.892533071425189,0.0854590876297168,0.74400777606399,0.295898448962962,0.5,0.5,0.740615832438664,44.91346457752,42.73352082502859,44.91346457752002
P0101,Product P0101,P0082,"Tripe soup, 300/100 g",111,500,2454,0.003562602304458,0.0160477581281895,0.078762396893154,0.222,2.81860391198044,0.0022986424095202,1.18411002970032,0.0679097184466646,143.687667232605,4.15793976322497e-33,1.20646603236129e-32,0.615384615384615,0.626470183711611,0.378355915495669,528.075045045045,58616.33,111,2.60976317727365,0.012860150613903,1.28781494865638,0.928962120004616,0.0769936467777896,0.834005318054991,0.364795460687037,0.5,0.5,0.437577895367472,44.8916674640711,42.7023820915301,44.89166746407106
P0632,Product P0632,P0072,"French fries, 180 g",105,295,5580,0.0033700292069197,0.0094681772956318,0.179092980710595,0.355932203389831,1.98741570985967,0.0016743451131487,1.27456616152829,0.0450911492943424,63.3487783291406,1.7316274545782e-15,2.9611372303210403e-15,0.5,0.738673731936483,0.287575518520726,383.975714285714,40317.45,105,1.62474322049755,0.0088454613137414,1.37563193731085,0.992308687023421,0.110646967441906,0.990502277146045,0.236790763767058,0.5,0.5,0.313120550269157,44.8900056697917,42.700008099702494,44.89000566979175
P0165,"Honey lemonade, 500 ml",P0572,"Medium Capricciosa pizza, 550 g",371,3686,1605,0.0119074365311166,0.118304072921013,0.0515133035914883,0.100651112316875,1.95388579841549,0.0058132029066269,1.05463709289948,0.0814293359763412,206.593865154918,7.60354675389615e-47,3.2797074219441302e-46,0.807692307692308,0.606109968420286,0.502887301351305,391.96846361186,145420.3,371,1.67937926602445,0.0319045385529759,1.28450606650509,0.926575266069338,0.0533989111364399,0.828108623091955,0.308631635059762,0.5,0.5,0.60830688732467,44.8858522590098,42.694074655728336,44.88585225900984
P0082,"Tripe soup, 300/100 g",P0007,Product P0007,265,2454,2157,0.0085053118079404,0.078762396893154,0.0692300285650095,0.1079869600652,1.55982833321809,0.0030525888211787,1.0434488396078,0.0446431244286006,62.0961676648965,3.2708734041432403e-15,5.5240292320747406e-15,0.923076923076923,0.437170643742301,0.642287627496544,330.100754716981,87476.7,265,1.25647009899125,0.0191919817772148,1.29148991102356,0.93161304499591,0.0314420233921893,0.840554397499074,0.22252067449776,0.5,0.5,0.799420773978683,44.8845496475673,42.692213782238994,44.8845496475673
P0159,Product P0159,P0599,Product P0599,167,1626,2260,0.0053599512148152,0.0521873094328722,0.0725358667394165,0.102706027060271,1.41593437394551,0.0015744994923037,1.03362349601214,0.0272944185837536,23.2115065504543,1.45126379735306e-06,1.81574404003692e-06,0.576923076923077,0.721916572359285,0.335047055231372,496.839820359281,82972.25,167,2.39624851688117,0.0182037263638718,1.34472107395305,0.970011212385475,0.0143526628944297,0.935416624671579,0.354664987994768,0.5,0.5,0.37820267838956,44.8707122951111,42.67244613587305,44.87071229511113
P0089,Product P0089,P0612,"Sour cream, 50 g",581,1128,2147,0.0186474949449562,0.0362037423371955,0.0689090734024457,0.515070921985816,7.47464588556686,0.0161527286067992,1.92005587788307,0.341383316681261,3631.11681947584,0.0,0.0,1.0,0.479380170627583,0.675958769662148,262.011531841652,152228.7,581,0.791032521868898,0.0333982698978024,1.28492174846422,0.798366770496238,0.351194211056897,0.511371021812428,0.207689018730827,0.5,0.5,0.845582953259698,44.8609145646,42.65844937800003,44.86091456460002
P0159,Product P0159,P0076,"Grilled pork neck, 150 g",184,1626,2088,0.0059055749911737,0.0521873094328722,0.0670154379433193,0.113161131611316,1.68858303525564,0.0024082195944462,1.05203390978097,0.0433039700533015,58.4266602038075,2.11012101849956e-14,3.44116895543053e-14,0.769230769230769,0.498537231365384,0.513321092816552,478.154619565217,87980.45,184,2.26852206887107,0.0193025021880244,1.27396098456816,0.918968597361255,0.0271479820828985,0.809316436275032,0.342657611344786,0.5,0.5,0.622611318989939,44.8085537839537,42.58364826279103,44.80855378395372
P0160,Product P0160,P0072,"French fries, 180 g",186,735,5580,0.0059697660236864,0.0235902044484386,0.179092980710595,0.253061224489796,1.41301587301587,0.0017449259934433,1.09902852309237,0.0299853297422809,28.013881832314,1.20448299271712e-07,1.5551372130821e-07,0.576923076923077,0.736196932626945,0.332291266089364,453.386559139785,84329.9,186,2.09921501046124,0.0185015884695507,1.33150856904146,0.960480404728636,0.0708430985409534,0.911870874898992,0.320341635823539,0.5,0.5,0.374424569770363,44.8053578829733,42.57908268996188,44.80535788297331
P0593,Product P0593,P0070,"Caru' cu Flori potatoes, 180 g",129,300,4003,0.0041403215970728,0.0096286548769136,0.128478351574285,0.43,3.34686734948788,0.0029032478906093,1.52898534811529,0.0888481129556333,245.952958435683,1.98043021549566e-55,1.08575344980189e-54,0.576923076923077,0.667170996282463,0.346049132458234,405.844651162791,52353.96,129,1.77423273681858,0.0114862157155566,1.30646960683245,0.942418611424664,0.164355897589284,0.867249424032309,0.261976328906819,0.5,0.5,0.393286213688484,44.8044951474531,42.577850210647256,44.80449514745308
P0071,Product P0071,P0101,Product P0101,123,1212,500,0.0039477484995346,0.0388997657027313,0.0160477581281895,0.101485148514851,6.32394554455446,0.0033234944682939,1.09508734357083,0.13678640357856,582.963677994683,8.50008469029419e-129,1.32479891387299e-127,0.576923076923077,0.493342802128729,0.386329967975662,488.483983739837,60083.53,123,2.33913051513653,0.0131820474808805,1.29576724320356,0.934698487958066,0.0836662880251367,0.848176948550388,0.333666019540723,0.5,0.5,0.448510094767398,44.7952860699989,42.56469438571276,44.79528606999893
P0570,Product P0570,P0007,Product P0007,172,1256,2157,0.0055204287960971,0.040311968418012,0.0692300285650095,0.136942675159236,1.97808202593246,0.0027296300710064,1.07845671967006,0.0546705338613927,93.1241376151924,4.91150740140194e-22,1.0148588210093801e-21,0.653846153846154,0.707840132259396,0.382849741902449,412.345639534884,70923.45,172,1.81867155031992,0.015560275593126,1.35069928825032,0.974323582445493,0.0408191682187115,0.946070284887573,0.278787637416869,0.5,0.5,0.443738803697438,44.7509298474374,42.50132835348207,44.75092984743745
P0537,Product P0537,P0601,Cornflake-crusted pike-perch with potatoes and sauce,202,1610,952,0.0064832942837885,0.0516737811727702,0.0305549314760728,0.125465838509317,4.10623858238948,0.0049044054409449,1.10852738659341,0.128727135680815,516.292535325506,2.7111617228352897e-114,3.5637077585702404e-113,0.846153846153846,0.521692426181841,0.556061022316432,427.897772277228,86435.35,202,1.92498128153738,0.0189635144227798,1.24918218105693,0.901094468888846,0.0805318893802771,0.765158609198082,0.301022490613801,0.5,0.5,0.681206548053681,44.74632526438,42.49475037768573,44.74632526438001
P0165,"Honey lemonade, 500 ml",P0095,Product P0095,654,3686,3929,0.0209904676316719,0.118304072921013,0.126103283371313,0.177428106348345,1.40700623810012,0.0060719356001328,1.06239554666667,0.0566336614148628,99.9320771048777,1.5771412399248302e-23,3.4760830156727e-23,0.923076923076923,0.553972358991239,0.594011159681205,414.915504587156,271354.74,654,1.836238379738,0.059533969905596,1.35774144251839,0.843612190336034,0.0911349258271724,0.623149306744966,0.405532266746776,0.5,0.5,0.733235108182577,44.7286810682041,42.46954438314866,44.728681068204054
P0569,Product P0569,P0070,"Caru' cu Flori potatoes, 180 g",246,998,4003,0.0078954969990692,0.0320313252238662,0.128478351574285,0.246492985971944,1.9185565735518,0.003780165135567,1.1566204855437,0.0641561951457529,128.242753370944,9.93209088781966e-30,2.6493670314452897e-29,0.807692307692308,0.544838366582315,0.522832889941221,407.899268292683,100343.22,246,1.78827748543617,0.0220148365188336,1.26066176671148,0.909375239536489,0.0891737150440126,0.785616157038076,0.29348766545628,0.5,0.5,0.635651722608981,44.7220679768572,42.460097109795974,44.722067976857176
P0579,Product P0579,P0160,Product P0160,143,601,735,0.0045896588246621,0.0192894052700838,0.0235902044484386,0.237936772046589,10.0862530702797,0.0041346178106521,1.28127136927181,0.198072235181283,1222.3704406659,8.38717037748835e-268,2.85950090057493e-266,0.653846153846154,0.50566363049563,0.434257785472923,371.831468531469,53171.9,143,1.54172878618415,0.011665667953408,1.27501213446853,0.9197268417355,0.182291240256566,0.811189670207061,0.234957372942187,0.5,0.5,0.514217770882894,44.7109433769452,42.44420482420745,44.71094337694522
P0605,Product P0605,P0095,Product P0095,110,480,3929,0.0035305067882016,0.0154058478030619,0.126103283371313,0.229166666666667,1.81729341647578,0.0015877787971168,1.13370384859938,0.038835179740024,46.9900896247531,7.13465617172297e-12,1.0706891173796099e-11,0.576923076923077,0.718994693396703,0.335616554919717,483.658636363636,53202.45,110,2.30614588266885,0.0116723704815474,1.32920742881797,0.958820482934229,0.0620920047374499,0.907770057358611,0.325480835893932,0.5,0.5,0.378983446282272,44.6966924226226,42.42384631803225,44.696692422622576
P0159,Product P0159,P0576,Product P0576,371,1626,1175,0.0119074365311166,0.0521873094328722,0.0377122316012453,0.228167281672817,6.05021957028081,0.0099393366311382,1.24675690152699,0.234595721734835,1714.73025131197,0.0,0.0,1.0,0.445706663968887,0.691703251373766,342.091778975741,126916.05,371,1.33843715695623,0.027844792028461,1.35006794865696,0.838844380529805,0.182743539177968,0.6113704879184,0.256755893062648,0.5,0.5,0.867168190371162,44.6890803068919,42.41297186698848,44.68908030689193
P0007,Product P0007,P0095,Product P0095,528,2157,3929,0.0169464325833681,0.0692300285650095,0.126103283371313,0.244784422809458,1.94114234193797,0.0082162986734306,1.15714869107924,0.097502225757267,296.199754248589,2.21683955170487e-66,1.51160746931876e-65,0.961538461538462,0.6441944491022,0.584808239720979,393.316893939394,207671.32,528,1.68859673272567,0.0455621232749994,1.3762356323193,0.855103276545721,0.123592078193819,0.651537901945955,0.34844200391515,0.5,0.5,0.720618166380504,44.6776213449035,42.396601921290745,44.67762134490352
P0597,"Assorted pickled vegetables, 180 g",P0613,Product P0613,247,971,1844,0.0079275925153256,0.031164746284944,0.0591841319767628,0.25437693099897,4.29805967415125,0.0060831340581751,1.26178481747315,0.148359603792494,685.783392971324,3.69184887702173e-151,7.19251272291198e-150,0.884615384615385,0.459277967274013,0.606200740677172,476.211052631579,117624.13,247,2.25523642620447,0.0258061879279939,1.34914740870434,0.838272416898583,0.138891657347572,0.609957458401421,0.359522488234779,0.5,0.5,0.749946677410874,44.6668988537842,42.38128407683454,44.666898853784176
P0157,Product P0157,P0072,"French fries, 180 g",201,519,5580,0.0064511987675321,0.0166575729370607,0.179092980710595,0.38728323699422,2.16247021774711,0.0034679443788298,1.33978221072705,0.0706687819570209,155.600449090654,1.03509169431308e-35,3.25442374206217e-35,0.538461538461538,0.888142774507621,0.285180520102329,438.744925373134,88187.73,201,1.9991291781124,0.0193479784575085,1.31176216216946,0.946236383093831,0.140129724636334,0.876681184660334,0.310891306721698,0.5,0.5,0.309837075481637,44.6524150751837,42.36059296454812,44.65241507518368
P0095,Product P0095,P0165,"Honey lemonade, 500 ml",654,3929,3686,0.0209904676316719,0.126103283371313,0.118304072921013,0.166454568592517,1.40700623810012,0.0060719356001328,1.05776589236438,0.0566336614148628,99.9320771048777,1.5771412399248302e-23,3.4760830156727e-23,0.923076923076923,0.553972358991239,0.594011159681205,414.915504587156,271354.74,654,1.836238379738,0.059533969905596,1.35774144251839,0.843612190336034,0.0871937971101795,0.623149306744966,0.405532266746776,0.5,0.5,0.733235108182577,44.6498584938642,42.35694070552029,44.6498584938642
P0149,"Beck's draught beer, 0.4 L",P0535,"Grilled minced-meat rolls with mustard, 40/20/30 g",1327,5044,5898,0.0425907500722149,0.161889783997176,0.189299354880123,0.263084853291039,1.38978209121548,0.0119451183998671,1.10012753671904,0.0827799850323255,213.50415015026,2.3625930549003498e-48,1.08759030501953e-47,0.923076923076923,0.626151461252958,0.56764510875616,293.158553127355,389021.4,1327,1.00394425018073,0.0853494887180995,1.32186269145714,0.821319468893313,0.1856754942589,0.568075396984171,0.380178003684352,0.5,0.5,0.697088001448028,44.6494579130287,42.35636844718391,44.64945791302874
P0594,Product P0594,P0070,"Caru' cu Flori potatoes, 180 g",357,850,4003,0.0114580993035273,0.0272811888179221,0.128478351574285,0.42,3.26903322508119,0.0079530571352138,1.50262353176847,0.145899811846541,663.23142855274,2.96196773975972e-146,5.385844673463091e-145,0.884615384615385,0.531630882867084,0.577564343022034,373.696722689076,133409.73,357,1.55447910611985,0.0292694752667069,1.36937352058201,0.850839606798491,0.199319451239832,0.641004555287848,0.28637350279496,0.5,0.5,0.710686989811999,44.6408200845728,42.34402869224684,44.64082008457278
P0159,Product P0159,P0567,"Fried Romanian cheese doughnuts, 180 g",260,1626,2807,0.0083448342266585,0.0521873094328722,0.0900921141316558,0.15990159901599,1.77486787336701,0.0036431691890081,1.08309679533084,0.057212842274925,101.986498519863,5.59014742336916e-24,1.2497645161671601e-23,0.807692307692308,0.412942388315468,0.571638528486113,413.806461538462,107589.68,260,1.82865729292704,0.0236046761935049,1.25302905525149,0.903869402050557,0.0557077800791218,0.772014049388862,0.302775673421259,0.5,0.5,0.702562866441076,44.6355787221956,42.336541031708016,44.63557872219561
P0537,Product P0537,P0070,"Caru' cu Flori potatoes, 180 g",406,1610,4003,0.0130307796000899,0.0516737811727702,0.128478351574285,0.252173913043478,1.96277357199492,0.006391817375402,1.16540685545299,0.0862891697981044,231.989439427267,2.19526506178409e-52,1.10370238820573e-51,0.923076923076923,0.451655433558499,0.635878805491844,414.470073891626,168274.85,406,1.83319354863334,0.0369187206966375,1.36398313817491,0.84749037389832,0.112468785503321,0.632730314254253,0.341057870891595,0.5,0.5,0.79063446109075,44.6314840238909,42.33069146270125,44.63148402389088
P0082,"Tripe soup, 300/100 g",P0535,"Grilled minced-meat rolls with mustard, 40/20/30 g",773,2454,5898,0.024809834066181,0.078762396893154,0.189299354880123,0.314995925020375,1.66400950082398,0.0099001631454946,1.18349755093645,0.093819310040533,274.245874911959,1.3476140106820102e-61,8.25981396434875e-61,0.961538461538462,0.438523068856249,0.668420606075486,312.538473479948,241592.24,773,1.1364195934557,0.0530042156093736,1.33877634851191,0.831828514892606,0.165389167537867,0.594037873235633,0.304164274987725,0.5,0.5,0.835248345148524,44.6243097667097,42.32044252387105,44.62430976670973
P0011,Product P0011,P0627,"Chicken breast strips, 200 g",196,1889,1085,0.0062907211862502,0.0606284302082999,0.0348236351381712,0.103758602435151,2.97954541573456,0.0041794188536763,1.07691562505847,0.095525350204603,284.310508010552,8.63548802962556e-64,5.44584823139971e-63,0.807692307692308,0.432259408145319,0.563928784896736,551.205612244898,108036.3,196,2.76787682140611,0.0237026625476008,1.19474844641808,0.861828829378576,0.0525015920447461,0.668153302212801,0.414253955712759,0.5,0.5,0.691993027020927,44.6181072696154,42.31158181373627,44.618107269615386
P0063,Product P0063,P0009,"Borsec sparkling mineral water, 750 ml",183,1031,3139,0.0058734794749173,0.0330904772603267,0.100747825528774,0.177497575169738,1.76180055736334,0.0025396858452301,1.09331249042433,0.0471712055064571,69.3281457496472,8.33713157908582e-17,1.49356495119583e-16,0.730769230769231,0.476392369354706,0.49496952567469,597.559016393443,109353.3,183,3.08473483809657,0.0239916062320401,1.39275799785763,0.865369199456244,0.052075568883383,0.676899745426487,0.452588050231081,0.5,0.5,0.597451841823299,44.605785709052,42.29397958436001,44.605785709052
P0165,"Honey lemonade, 500 ml",P0070,"Caru' cu Flori potatoes, 180 g",847,3686,4003,0.027184902269153,0.118304072921013,0.128478351574285,0.229788388497016,1.78853780174907,0.0119853899957372,1.1315353279666,0.110901861791952,383.206889419542,2.49332355781786e-85,2.28589579964645e-84,0.961538461538462,0.639179104989464,0.586597558870568,351.416540731995,297649.81,847,1.40217844134452,0.065302986161017,1.3427403533735,0.834291489593875,0.147809387026971,0.600122623668161,0.370496078571906,0.5,0.5,0.723071272098392,44.5992745063247,42.284677866178114,44.599274506324676
P0070,"Caru' cu Flori potatoes, 180 g",P0570,Product P0570,506,4003,1256,0.0162403312257278,0.128478351574285,0.040311968418012,0.126405196102923,3.13567412020602,0.0110611159746669,1.09855052628616,0.168059410716553,879.997234030515,2.18895014043026e-193,5.55382465862654e-192,1.0,0.384280970981827,0.722396696164025,357.380632411067,180834.6,506,1.44294718951962,0.0396742715247594,1.34847018189441,0.837851632222951,0.113031403977356,0.608917914740768,0.30266593586987,0.5,0.5,0.909248031149691,44.5847854032568,42.2639791475097,44.58478540325679
P0074,Product P0074,P0070,"Caru' cu Flori potatoes, 180 g",316,805,4003,0.0101421831370158,0.0258368905863851,0.128478351574285,0.392546583850932,3.05535196428765,0.0068227020246718,1.43471355211186,0.128518714834029,514.622040370128,6.2603674155981894e-114,8.131024821925741e-113,0.884615384615385,0.508088906804792,0.586580393651745,361.580569620253,114259.46,316,1.47165670500769,0.0250679949540209,1.38967147152323,0.863451432818243,0.178386377639007,0.672161925190637,0.264656469136955,0.5,0.5,0.723047739071066,44.5345728300426,42.19224690006091,44.534572830042634
P0101,Product P0101,P0597,"Assorted pickled vegetables, 180 g",105,500,971,0.0033700292069197,0.0160477581281895,0.031164746284944,0.21,6.73838311019567,0.0028699048964126,1.22637373887982,0.131436669502535,538.255809687592,4.51729608351079e-119,6.23844307229148e-118,0.653846153846154,0.706668646836182,0.383112536260775,473.958571428571,49765.65,105,2.23983913792052,0.010918352520514,1.27821913935352,0.922040206757343,0.122091372493192,0.816904811661823,0.315492706354162,0.5,0.5,0.444099087296474,44.5307686831483,42.186812404497545,44.53076868314828
P0095,Product P0095,P0082,"Tripe soup, 300/100 g",493,3929,2454,0.0158230895143948,0.126103283371313,0.078762396893154,0.125477220666836,1.59311074340531,0.0058908926599736,1.05341750366903,0.0658783279563476,135.219949716856,2.9554677980289104e-31,8.20461925610569e-31,1.0,0.417907463706997,0.705264642154846,404.110669371197,199226.56,493,1.76237975554236,0.0437093821446989,1.35410500600766,0.841352745294614,0.0640782658473146,0.617567373976445,0.351925176533263,0.5,0.5,0.885760471840472,44.5290210455452,42.18431577935024,44.529021045545164
P0015,Product P0015,P0070,"Caru' cu Flori potatoes, 180 g",271,1453,4003,0.0086978849054787,0.0466347851205187,0.128478351574285,0.186510667584308,1.45168945039328,0.0027063245871734,1.07133752551824,0.0383566945962451,45.8393006860329,1.2836229810130099e-11,1.91315938836775e-11,0.769230769230769,0.617947819563775,0.47543608015626,362.267896678967,98174.6,271,1.47635506735328,0.0215390513609378,1.31274137600427,0.946942736565556,0.0571116030386724,0.87842622271955,0.255208236702834,0.5,0.5,0.570672042980633,44.5216416790275,42.17377382718208,44.521641679027454
P0576,Product P0576,P0537,Product P0537,120,1175,1610,0.0038514619507654,0.0377122316012453,0.0516737811727702,0.102127659574468,1.97639222941721,0.0019027283474659,1.05619270817251,0.0451200102634305,63.4298981175434,1.6617656828550602e-15,2.8506074842686704e-15,0.615384615384615,0.63968331156145,0.375306994372342,430.629583333333,51675.55,120,1.94365512543537,0.0113373757117901,1.35684671870536,0.978758016161342,0.0206414604944809,0.957025501949537,0.281613421351563,0.5,0.5,0.433397911130035,44.519586787212,42.17083826744566,44.51958678721196
P0579,Product P0579,P0070,"Caru' cu Flori potatoes, 180 g",109,601,4003,0.0034984112719453,0.0192894052700838,0.128478351574285,0.181364392678869,1.41163387027117,0.0010201402799966,1.06460266403223,0.0221654205631214,15.3076169523336,9.1347438462853e-05,0.0001089180932928,0.5,0.641479486431351,0.304603258300244,530.720917431193,57848.58,109,2.6278495701091,0.0126917098289916,1.32757880279776,0.95764567759282,0.036025814356546,0.90486771438871,0.36645930276692,0.5,0.5,0.336465097733173,44.5117076075753,42.15958229653607,44.51170760757525
P0594,Product P0594,P0011,Product P0011,168,850,1889,0.0053920467310716,0.0272811888179221,0.0606284302082999,0.197647058823529,3.2599732195684,0.0037380310788248,1.17077101806883,0.0961525346382493,288.056121095177,1.31860514309373e-64,8.46234241832504e-64,0.5,0.661736861999271,0.300889997347979,517.035119047619,86861.9,168,2.53429754275965,0.0190570975120718,1.29656015464394,0.935270452659518,0.0861083577826043,0.849589980711357,0.373428831666062,0.5,0.5,0.331374322464768,44.4962866278481,42.13755232549735,44.49628662784815
P0627,"Chicken breast strips, 200 g",P0007,Product P0007,183,1085,2157,0.0058734794749173,0.0348236351381712,0.0692300285650095,0.168663594470046,2.43627798465611,0.0034626382195642,1.11960689468621,0.0744043436538157,172.485349988874,2.1201360364414802e-39,7.53442480702817e-39,0.653846153846154,0.604879910853792,0.407411264496612,418.868032786885,76652.85,183,1.86325668118283,0.0168172793483474,1.31621614429834,0.949449252058604,0.0633880754131984,0.884618540173156,0.287629956868226,0.5,0.5,0.477411953358653,44.4868509826781,42.12407283239734,44.486850982678135
P0614,Product P0614,P0627,"Chicken breast strips, 200 g",148,845,1085,0.004750136405944,0.0271207112366402,0.0348236351381712,0.175147928994083,5.02957052872686,0.0038056946531516,1.17012055711369,0.127794902985101,508.841705443062,1.1329922798956702e-112,1.4207983647887102e-111,0.692307692307692,0.700532161975098,0.40711237798855,391.697635135135,57971.25,148,1.67752796350256,0.0127186230573668,1.31450481898168,0.948214791784758,0.10000685518058,0.881568820384579,0.254020659539685,0.5,0.5,0.47700218844774,44.4819485865743,42.117069409391824,44.481948586574276
P0074,Product P0074,P0018,"Hot pepper, 1 pc.",127,805,2461,0.0040761305645601,0.0258368905863851,0.0789870655069487,0.15776397515528,1.99733936363797,0.0020353503953174,1.09353305644086,0.0475655331300275,70.4920875511412,4.62116248218988e-17,8.34716600673701e-17,0.576923076923077,0.72464716178577,0.334516583859221,440.308661417323,55919.2,127,2.00981841034228,0.0122684128161719,1.35339372850075,0.976267210239127,0.0422181722763122,0.950871994808463,0.292086412379693,0.5,0.5,0.377475417209518,44.4782857613845,42.11183680197792,44.47828576138454
P0613,Product P0613,P0011,Product P0011,320,1844,1889,0.0102705652020413,0.0591841319767628,0.0606284302082999,0.17353579175705,2.86228409940413,0.0066823241870493,1.13661494402618,0.118663106965509,438.719628069829,2.0563896404510602e-97,2.22130801755654e-96,0.884615384615385,0.534996005916137,0.576298167034915,513.92553125,164456.17,320,2.51304132996628,0.0360809200368845,1.34570213244921,0.836131746402063,0.0951605195299893,0.604668956768461,0.41917445195723,0.5,0.5,0.708951098506879,44.4695895501824,42.09941364311771,44.46958955018239
P0070,"Caru' cu Flori potatoes, 180 g",P0165,"Honey lemonade, 500 ml",847,4003,3686,0.027184902269153,0.128478351574285,0.118304072921013,0.21159130652011,1.78853780174907,0.0119853899957372,1.11832344616514,0.110901861791952,383.206889419542,2.49332355781786e-85,2.28589579964645e-84,0.961538461538462,0.639179104989464,0.586597558870568,351.416540731995,297649.81,847,1.40217844134452,0.065302986161017,1.3427403533735,0.834291489593875,0.14127393383581,0.600122623668161,0.370496078571906,0.5,0.5,0.723071272098392,44.4685654425015,42.09795063214494,44.46856544250146
P0048,Product P0048,P0076,"Grilled pork neck, 150 g",160,1234,2088,0.0051352826010206,0.0396058670603717,0.0670154379433193,0.129659643435981,1.93477275408757,0.0024810780748449,1.07197667558468,0.0508758010395042,80.6451315733792,2.7011920220181203e-19,5.20671465728228e-19,0.653846153846154,0.493423192001964,0.437817061732957,402.8415625,64454.65,160,1.75370452028052,0.0141410509113485,1.33085808656836,0.960011180809577,0.0355622792728983,0.910711662649279,0.267072274436519,0.5,0.5,0.519097437513098,44.4578987023049,42.08271243186415,44.4578987023049
P0011,Product P0011,P0613,Product P0613,320,1889,1844,0.0102705652020413,0.0606284302082999,0.0591841319767628,0.169401799894124,2.86228409940413,0.0066823241870493,1.13269673339445,0.118663106965509,438.719628069829,2.0563896404510602e-97,2.22130801755654e-96,0.884615384615385,0.534996005916137,0.576298167034915,513.92553125,164456.17,320,2.51304132996628,0.0360809200368845,1.34570213244921,0.836131746402063,0.0936758028953616,0.604668956768461,0.41917445195723,0.5,0.5,0.708951098506879,44.4398952174899,42.05699316784263,44.439895217489834
P0157,Product P0157,P0095,Product P0095,120,519,3929,0.0038514619507654,0.0166575729370607,0.126103283371313,0.23121387283237,1.83352777700131,0.001750887310405,1.13672279681777,0.0412103870590443,52.9138085204879,3.48510804615353e-13,5.4551691224584e-13,0.5,0.841957576680202,0.271450334323747,467.66025,56119.23,120,2.19678569507217,0.0123122984693218,1.35143951928667,0.974857546268118,0.0646071206860497,0.947389436318158,0.3143471370144,0.5,0.5,0.291013380866371,44.4370076890359,42.05286812719409,44.43700768903586
P0594,Product P0594,P0627,"Chicken breast strips, 200 g",105,850,1085,0.0033700292069197,0.0272811888179221,0.0348236351381712,0.123529411764706,3.54728652751423,0.0024199990413889,1.10120793306383,0.0810306830377642,204.575976940755,2.09558955076729e-46,8.896063034580211e-46,0.538461538461538,0.848601167379078,0.291280535771251,521.272666666667,54733.63,105,2.56326415176856,0.0120083042634303,1.32748517368535,0.957578138464741,0.0508924470468947,0.904700859756148,0.356875157692394,0.5,0.5,0.31820002365669,44.4313695264756,42.044813609250895,44.43136952647562
P0020,Product P0020,P0009,"Borsec sparkling mineral water, 750 ml",100,572,3139,0.0032095516256379,0.0183586352986488,0.100747825528774,0.174825174825175,1.73527491940999,0.0013599590396232,1.08977170296089,0.0336566290835434,35.2936738022428,2.8355160596468803e-09,3.838148909522021e-09,0.5,0.853153981221983,0.269810282937361,568.9345,56893.45,100,2.88906619930395,0.0124821587421894,1.31961239142021,0.951899126498783,0.0393294093132462,0.890670926562604,0.396792415318573,0.5,0.5,0.288764917010999,44.4235041939984,42.03357741999778,44.42350419399845
P0089,Product P0089,P0599,Product P0599,175,1128,2260,0.0056167153448663,0.0362037423371955,0.0725358667394165,0.155141843971631,2.13882939496642,0.0029906455152273,1.09777496570613,0.0617263538165527,118.712617832685,1.21056982316283e-27,3.02920109419874e-27,0.730769230769231,0.505878494886778,0.485277685583906,412.914171428571,72259.98,175,1.8225578644228,0.0158535040688767,1.29551936827971,0.934519683996367,0.0512548809422715,0.847735215436877,0.280079062583701,0.5,0.5,0.584164604412899,44.423029223386,42.0328988905514,44.42302922338598
P0159,Product P0159,P0018,"Hot pepper, 1 pc.",165,1626,2461,0.0052957601823025,0.0521873094328722,0.0789870655069487,0.101476014760148,1.2847168597651,0.0011736377534968,1.02502876898405,0.0195649843069666,11.9265447508036,0.0005533972061241,0.0006429780105233,0.692307692307692,0.495295883132121,0.46299043561703,405.683636363636,66937.8,165,1.77313208777554,0.0146858424907072,1.33231305990571,0.961060722218781,0.0100511339094743,0.913304542527549,0.270916910401303,0.5,0.5,0.553609417909524,44.4215459158618,42.030779879802516,44.421545915861756
P0018,"Hot pepper, 1 pc.",P0537,Product P0537,732,2461,1610,0.0234939178996694,0.0789870655069487,0.0516737811727702,0.297440065014222,5.75611186686218,0.0194123575611841,1.34981539880498,0.325127292832634,3293.53657066252,0.0,0.0,0.961538461538462,0.547338464985005,0.621414437304627,295.971816939891,216651.37,732,1.02317488077715,0.0475323045456517,1.30539992937275,0.81109057969094,0.267567859726623,0.542805044850085,0.275243687605809,0.5,0.5,0.770804223252041,44.4203740761708,42.02910582310106,44.420374076170745
P0029,Product P0029,P0072,"French fries, 180 g",309,906,5580,0.0099175145232211,0.0290785377282794,0.179092980710595,0.341059602649007,1.9043716917088,0.004709752526758,1.24579859208744,0.0731027119351923,166.503210279959,4.2948278349078e-38,1.473477096819e-37,0.692307692307692,0.68695105212064,0.410389911098726,354.377572815534,109502.67,309,1.42241917167665,0.0240243773164324,1.29255567750072,0.932381833001584,0.131373244221185,0.842453679350256,0.255868267083658,0.5,0.5,0.48149559322407,44.4088597453427,42.01265677906096,44.40885974534267
P0160,Product P0160,P0579,Product P0579,143,735,601,0.0045896588246621,0.0235902044484386,0.0192894052700838,0.194557823129252,10.0862530702797,0.0041346178106521,1.21760521474069,0.198072235181283,1222.3704406659,8.38717037748835e-268,2.85950090057493e-266,0.653846153846154,0.50566363049563,0.434257785472923,371.831468531469,53171.9,143,1.54172878618415,0.011665667953408,1.27501213446853,0.9197268417355,0.166711759409536,0.811189670207061,0.234957372942187,0.5,0.5,0.514217770882894,44.3993537600046,41.9990768000066,44.399353760004615
P0049,Product P0049,P0599,Product P0599,133,831,2260,0.0042687036620984,0.0266713740090509,0.0725358667394165,0.160048134777377,2.20646890940652,0.0023340724312207,1.1041872417472,0.0558517675470904,97.1917670124481,6.29277698909527e-23,1.35680231128517e-22,0.5,0.75270446616989,0.285273421532741,491.585639097744,65380.89,133,2.36033250414286,0.0143442636663029,1.34028058522744,0.966808076853693,0.0479580321698433,0.927503315492067,0.339471130806573,0.5,0.5,0.309964440703316,44.3982939764028,41.9975628234326,44.39829397640282
P0702,Product P0702,P0072,"French fries, 180 g",103,359,5580,0.003305838174407,0.0115222903360401,0.179092980710595,0.286908077994429,1.60200626990545,0.0012422768535127,1.15119382783163,0.0303584279793995,28.7153551922448,8.38363500937987e-08,1.0875797616211e-07,0.576923076923077,0.659175003501342,0.347716832585834,389.650388349515,40133.99,103,1.66353359635557,0.0088052110416478,1.3545323825842,0.977088575538869,0.0777181418871472,0.952901168254822,0.24126930731937,0.5,0.5,0.395572583182533,44.3934981810521,41.9907116872173,44.39349818105211
P0685,Product P0685,P0009,"Borsec sparkling mineral water, 750 ml",722,1242,3139,0.0231729627371056,0.0398626311904227,0.100747825528774,0.581320450885668,5.77005456777469,0.0191568893248151,2.14782923210243,0.325324472263671,3297.53263378654,0.0,0.0,1.0,0.798302767256895,0.556079887217983,141.04796398892,101836.63,722,-0.0358382744763267,0.0223424837381035,1.39570202389401,0.867198425680901,0.368881301814814,0.681418827598114,0.0784472547280793,0.5,0.5,0.681232411297737,44.3872717957975,41.9818168511393,44.3872717957975
P0071,Product P0071,P0007,Product P0007,172,1212,2157,0.0055204287960971,0.0388997657027313,0.0692300285650095,0.141914191419142,2.04989358462967,0.0028273969053249,1.08470500517232,0.0576050432169797,103.389550662566,2.75323027475458e-24,6.21899426450776e-24,0.615384615384615,0.569124948724979,0.392183309483835,430.797674418605,74097.2,172,1.94480414585536,0.0162565816056463,1.32543143996086,0.956096682734924,0.0441595874921301,0.901040940558388,0.295695337721157,0.5,0.5,0.456534859676304,44.3832659121965,41.97609416028077,44.383265912196535
P0535,"Grilled minced-meat rolls with mustard, 40/20/30 g",P0149,"Beck's draught beer, 0.4 L",1327,5898,5044,0.0425907500722149,0.189299354880123,0.161889783997176,0.224991522550017,1.38978209121548,0.0119451183998671,1.08142070750047,0.0827799850323255,213.50415015026,2.3625930549003498e-48,1.08759030501953e-47,0.923076923076923,0.626151461252958,0.56764510875616,293.158553127355,389021.4,1327,1.00394425018073,0.0853494887180995,1.32186269145714,0.821319468893313,0.171994334814251,0.568075396984171,0.380178003684352,0.5,0.5,0.697088001448028,44.3758347241358,41.9654781773368,44.37583472413576
P0101,Product P0101,P0149,"Beck's draught beer, 0.4 L",105,500,5044,0.0033700292069197,0.0160477581281895,0.161889783997176,0.21,1.29717882632831,0.0007720611099082,1.06089900759851,0.0166800440409391,8.6686210929033,0.003237360618922,0.0036752970189843,0.461538461538462,0.711784922900095,0.269624095506418,522.280476190476,54839.45,105,2.57015323646,0.0120315206800494,1.3379211596975,0.965106111097995,0.0432159385057694,0.923298628832966,0.357756620782143,0.5,0.5,0.288509659332932,44.3705203557469,41.957886222495546,44.370520355746876
P0095,Product P0095,P0159,Product P0159,468,3929,1626,0.0150207016079854,0.126103283371313,0.0521873094328722,0.119114278442352,2.28243762203466,0.0084397105381854,1.07597690298707,0.114311674718685,407.133472246088,1.54205981171924e-90,1.52944295871426e-89,1.0,0.422053139030055,0.703208602093501,400.287606837607,187334.6,468,1.73624644269667,0.041100341341658,1.34457503272481,0.835431439968556,0.0820310842395583,0.602938857847027,0.341434486351609,0.5,0.5,0.882941699330352,44.3575055620674,41.9392936600963,44.3575055620674
P0614,Product P0614,P0599,Product P0599,107,845,2260,0.0034342202394325,0.0271207112366402,0.0725358667394165,0.126627218934911,1.74571869927214,0.0014669959432934,1.06193386531869,0.0348196123945723,37.7749152755032,7.939616679741211e-10,1.1062735373687902e-09,0.576923076923077,0.681352880731398,0.343130275348333,531.921495327103,56915.6,107,2.63605636177776,0.0124870183493347,1.31466242719307,0.948328482077248,0.0230779384428752,0.881849690933534,0.366850662489896,0.5,0.5,0.389284543518216,44.3284112725083,41.89773038929752,44.32841127250826
P0157,Product P0157,P0535,"Grilled minced-meat rolls with mustard, 40/20/30 g",178,519,5898,0.0057130018936354,0.0166575729370607,0.189299354880123,0.342967244701349,1.81177186218378,0.0025597340827812,1.23388162702996,0.0510542351426619,81.211808689451,2.02776684473719e-19,3.9155639426695103e-19,0.538461538461538,0.930630801133504,0.278904458659522,425.537808988764,75745.73,178,1.90884927784141,0.0166182614326081,1.33070121405511,0.959898021211114,0.112847656081685,0.910432103173766,0.292463756985952,0.5,0.5,0.301232773552209,44.3271980603501,41.89599722907164,44.32719806035014
P0612,"Sour cream, 50 g",P0071,Product P0071,231,2147,1212,0.0074140642552235,0.0689090734024457,0.0388997657027313,0.107591988821612,2.76587755422026,0.004733517445076,1.07697400993541,0.0966477828122544,291.031116244102,2.96405849971824e-65,1.94806495373048e-64,0.846153846153846,0.411680486053535,0.599394731678509,414.422207792208,95731.53,231,1.8328663502839,0.0210030531474654,1.23731356402976,0.892533071425189,0.0556490253482032,0.74400777606399,0.295898448962962,0.5,0.5,0.740615832438664,44.3172633318898,41.88180475984249,44.31726333188974
P0030,Product P0030,P0535,"Grilled minced-meat rolls with mustard, 40/20/30 g",217,703,5898,0.0069647270276342,0.0225631479282344,0.189299354880123,0.308677098150782,1.63062942473447,0.0026935376807546,1.17268015127422,0.0462992578119251,66.788808031996,3.02209030210639e-16,5.29229617913013e-16,0.692307692307692,0.562083695077466,0.443195005804961,270.051152073733,58601.1,217,0.845988962900026,0.0128568092226243,1.35036257934865,0.974080698314165,0.100722623456953,0.945470242458234,0.155960941974329,0.5,0.5,0.526470446043492,44.3077806182252,41.86825802603605,44.30778061822524
P0057,Product P0057,P0076,"Grilled pork neck, 150 g",122,647,2088,0.0039156529832782,0.0207657990178772,0.0670154379433193,0.188562596599691,2.81371878460564,0.0025240238678522,1.14979240314414,0.070786622132225,156.119809161646,7.97051961693696e-36,2.5278595645576203e-35,0.615384615384615,0.571912192589288,0.391487907712542,487.389344262295,59461.5,122,2.33164788683303,0.0130455769873104,1.28994891761075,0.930501453218561,0.0668820401360238,0.837808222905994,0.332393209208704,0.5,0.5,0.455581483604863,44.2974842810631,41.85354897294724,44.29748428106306
P0627,"Chicken breast strips, 200 g",P0018,"Hot pepper, 1 pc.",157,1085,2461,0.0050389960522515,0.0348236351381712,0.0789870655069487,0.144700460829493,1.83195134419525,0.0022883793024026,1.07683085552259,0.0462782327026324,66.7281624315153,3.11650778085946e-16,5.44889421300908e-16,0.769230769230769,0.502612725497982,0.511928826488434,459.406050955414,72126.75,157,2.1403624574119,0.0158242740255374,1.2679029294526,0.91459863432493,0.0383518973522003,0.798520493279065,0.317623210787,0.5,0.5,0.620702561409652,44.2969376424618,41.85276806065975,44.29693764246182
P0601,Cornflake-crusted pike-perch with potatoes and sauce,P0018,"Hot pepper, 1 pc.",135,952,2461,0.0043328946946111,0.0305549314760728,0.0789870655069487,0.141806722689076,1.7953157492172,0.0019194503205502,1.073199894293,0.041348881078324,53.2700565640402,2.90704150211302e-13,4.56342773928821e-13,0.807692307692308,0.582311688720848,0.510450825491437,529.94,71541.9,135,2.62251145194945,0.01569596065132,1.23929957557513,0.893965675929017,0.0334977671594824,0.747547008874551,0.374344293958923,0.5,0.5,0.618676264034134,44.2945440402005,41.84934862885781,44.29454404020046
P0621,Product P0621,P0070,"Caru' cu Flori potatoes, 180 g",169,633,4003,0.005424142247328,0.0203164617902879,0.128478351574285,0.266982622432859,2.07803586488649,0.0028139167266899,1.1889508695118,0.0596060345651008,110.697062112838,6.89401169009671e-26,1.6603458617870902e-25,0.538461538461538,0.792004030362365,0.300480093425155,474.049704142012,80114.4,169,2.24046209391193,0.0175767273444528,1.31011707486827,0.945049703448206,0.0897524246698365,0.873749506359593,0.334442856693259,0.5,0.5,0.330812355832322,44.267019312777,41.81002758968141,44.26701931277698
P0621,Product P0621,P0165,"Honey lemonade, 500 ml",155,633,3686,0.0049748050197387,0.0203164617902879,0.118304072921013,0.244865718799368,2.06979956609656,0.0025712848426035,1.16760151012761,0.056431810112543,99.2209991931562,2.25839636491898e-23,4.9575662658483e-23,0.461538461538462,0.809920905332237,0.255004768539175,522.071935483871,80921.15,155,2.56872771451813,0.0177537245482656,1.31061947052613,0.945412105310282,0.0794714917646065,0.874644815956511,0.37381020724496,0.5,0.5,0.268466977409329,44.2432000734148,41.77600010487835,44.24320007341484
P0074,Product P0074,P0165,"Honey lemonade, 500 ml",182,805,3686,0.0058413839586609,0.0258368905863851,0.118304072921013,0.226086956521739,1.91106655028427,0.002784774570677,1.13927001813577,0.0543494077935133,92.0333576786922,8.52276768581528e-22,1.74126208712069e-21,0.576923076923077,0.697190099316375,0.339928377590383,396.261813186813,72119.65,182,1.70872732052588,0.0158227163185066,1.34170433892161,0.967835098050707,0.0730678575787823,0.930040559447324,0.26651461904828,0.5,0.5,0.384894832660919,44.2414090480969,41.77344149728131,44.24140904809691
P0697,Product P0697,P0613,Product P0613,112,811,1844,0.0035946978207144,0.0260294636839234,0.0591841319767628,0.13810110974106,2.3334144664871,0.0020541666067607,1.09156175817861,0.0546732873134395,93.1335181456633,4.888283895908689e-22,1.01197679894428e-21,0.692307692307692,0.728516033609758,0.400521417705283,420.387946428571,47083.45,112,1.87364635656681,0.0103298902954547,1.33509974426637,0.963070890072604,0.0388219910316018,0.91827063889537,0.270468407877127,0.5,0.5,0.467966169154606,44.230882447628,41.75840349661147,44.23088244762803
P0578,Product P0578,P0572,"Medium Capricciosa pizza, 550 g",151,615,1605,0.0048464229547132,0.0197387424976731,0.0515133035914883,0.245528455284553,4.76631157713446,0.0038296151199163,1.25715370321387,0.124551552716278,483.341322822701,4.0057559341401196e-107,4.8025051913701905e-106,0.653846153846154,0.461937360785115,0.447246353629689,429.107284768212,64795.2,151,1.9332491474276,0.0142157659999861,1.46210766496504,0.908458570330158,0.122545999926861,0.783351536395875,0.288541581905586,0.5,0.5,0.532024728808687,44.2090296526533,41.72718521807616,44.209029652653314
P0572,"Medium Capricciosa pizza, 550 g",P0567,"Fried Romanian cheese doughnuts, 180 g",261,1605,2807,0.0083769297429149,0.0515133035914883,0.0900921141316558,0.162616822429907,1.80500617614841,0.0037359873164519,1.08660874763296,0.0590320637565225,108.575432266541,2.0105133579923901e-25,4.727306193038131e-25,0.807692307692308,0.47092482099529,0.54910509100376,420.69061302682,109800.25,261,1.87571529497168,0.0240896649866036,1.24463217031884,0.897812329924932,0.0576290871287328,0.757050122955814,0.309722121629867,0.5,0.5,0.671670163848395,44.2047282727722,41.7210403896746,44.204728272772215
P0627,"Chicken breast strips, 200 g",P0614,Product P0614,148,1085,845,0.004750136405944,0.0348236351381712,0.0271207112366402,0.136405529953917,5.02957052872686,0.0038056946531516,1.12654645497145,0.127794902985101,508.841705443062,1.1329922798956702e-112,1.4207983647887102e-111,0.692307692307692,0.700532161975098,0.40711237798855,391.697635135135,57971.25,148,1.67752796350256,0.0127186230573668,1.31450481898168,0.948214791784758,0.086092583883586,0.881568820384579,0.254020659539685,0.5,0.5,0.47700218844774,44.2036631606344,41.71951880090628,44.20366316063439
P0071,Product P0071,P0537,Product P0537,188,1212,1610,0.0060339570561992,0.0388997657027313,0.0516737811727702,0.155115511551155,3.00182235614866,0.0040238590756042,1.12243298556504,0.0940093236654346,275.357868227963,7.7130620527220695e-62,4.7542094347569405e-61,0.692307692307692,0.554176355710834,0.445449893613297,484.310106382979,91050.3,188,2.31059913701022,0.01997601302301,1.25494928754928,0.905254556857243,0.0699034957269354,0.775436058272978,0.349548790625577,0.5,0.5,0.52956183316529,44.1933852241627,41.70483603451815,44.193385224162704
P0069,Product P0069,P0535,"Grilled minced-meat rolls with mustard, 40/20/30 g",197,475,5898,0.0063228167025066,0.01524537022178,0.189299354880123,0.414736842105263,2.19090467776766,0.003436877954615,1.38518995119403,0.0716021858961061,159.737982843057,1.2909107385262099e-36,4.2678291385821095e-36,0.692307692307692,0.58470835871656,0.436867571562748,370.343045685279,72957.58,197,1.53155437246625,0.0160065542695334,1.27089325150088,0.916755695719788,0.150199087825946,0.803849488436256,0.246059104609242,0.5,0.5,0.517795713465628,44.1801107520852,41.6858725029788,44.180110752085156
P0089,Product P0089,P0567,"Fried Romanian cheese doughnuts, 180 g",179,1128,2807,0.0057450974098918,0.0362037423371955,0.0900921141316558,0.158687943262411,1.76139659715958,0.0024834257232561,1.08153434695415,0.046434387478039,67.1792384717329,2.47911170798843e-16,4.36243689260544e-16,0.846153846153846,0.548361128902755,0.546483524004166,366.837597765363,65663.93,179,1.50759217819122,0.0144063613279914,1.29177490363092,0.931818623706577,0.0447271526491603,0.841062277319358,0.238685536506371,0.5,0.5,0.668076069973075,44.1702600292285,41.67180004175505,44.17026002922853
P0140,Product P0140,P0011,Product P0011,120,931,1889,0.0038514619507654,0.0298809256346888,0.0606284302082999,0.128893662728249,2.12596074622767,0.0020398283363633,1.07836613005681,0.0502027153142397,78.5253804547133,7.897699774952921e-19,1.4985026877345398e-18,0.538461538461538,0.651404665936646,0.326062744988148,704.40325,84528.39,120,3.81509008551046,0.0185451362538516,1.22299652132941,0.882205508173195,0.033120456065269,0.718493650834792,0.52361903905506,0.5,0.5,0.365885444298593,44.1635173620884,41.662167660126215,44.16351736208835
P0525,Product P0525,P0095,Product P0095,126,590,3929,0.0040440350483037,0.0189363545912636,0.126103283371313,0.213559322033898,1.69352705436757,0.0016560985592619,1.11120487674768,0.0366012694401405,41.7395661726894,1.04277245461267e-10,1.49692729997687e-10,0.692307692307692,0.576074167563898,0.439260858756271,389.462222222222,49072.24,126,1.66224734894834,0.0107662215864008,1.32129280125914,0.953111285969426,0.0561228346807934,0.893665552475525,0.246676455838188,0.5,0.5,0.521076842212463,44.1400652820148,41.62866468859251,44.14006528201475
P0621,Product P0621,P0007,Product P0007,124,633,2157,0.0039798440157909,0.0203164617902879,0.0692300285650095,0.195892575039494,2.82958968961777,0.0025733347857094,1.15751943402426,0.0718556480217547,160.870886493377,7.30084717146973e-37,2.4284220317297198e-36,0.384615384615385,0.777845323012875,0.216337934260549,503.832661290323,62475.25,124,2.44404948747096,0.0137067797427994,1.34207770245727,0.968104422911378,0.0701721786385947,0.930705923391831,0.347575687818291,0.5,0.5,0.215455846173556,44.1236342587099,41.605191798157,44.1236342587099
P0029,Product P0029,P0535,"Grilled minced-meat rolls with mustard, 40/20/30 g",337,906,5898,0.0108161889783997,0.0290785377282794,0.189299354880123,0.3719646799117,1.96495482061866,0.0053116405455791,1.29085199381126,0.0806947942805563,202.883473565786,4.9047328040967e-46,2.04239064475935e-45,0.538461538461538,0.763300146729832,0.30537145899985,328.695014836795,110770.22,337,1.24686088131673,0.0243024719004955,1.32688465249351,0.957144953992029,0.14790094422428,0.903630682540629,0.235871138951581,0.5,0.5,0.337518279067047,44.1232381050003,41.6046258642861,44.12323810500027
P0627,"Chicken breast strips, 200 g",P0567,"Fried Romanian cheese doughnuts, 180 g",230,1085,2807,0.0073819687389671,0.0348236351381712,0.0900921141316558,0.211981566820276,2.35294252847145,0.0042446338276199,1.15467842826568,0.0808644684402044,203.737562713831,3.19336671711344e-46,1.33998580321952e-45,0.730769230769231,0.488061535274816,0.491088045384005,436.597739130435,100417.48,230,1.98445165470665,0.0220311288180033,1.24536763799481,0.89834285770936,0.084513196101674,0.758360785693885,0.316760228083199,0.5,0.5,0.592130442621184,44.113988623787,41.591412319695706,44.113988623786994
P0482,Product P0482,P0095,Product P0095,203,713,3929,0.0065153898000449,0.0228841030907982,0.126103283371313,0.284712482468443,2.25777215990565,0.0036296292632876,1.22174188030638,0.0731187956334195,166.576484770491,4.13942462790566e-38,1.42464109433598e-37,0.576923076923077,0.668577207276373,0.345757495911617,413.931428571429,84028.08,203,1.82951153021436,0.0184353705630682,1.30568935408757,0.941855778041826,0.104994125089869,0.865858950688063,0.288221907088876,0.5,0.5,0.392886388268732,44.1103635400235,41.586233628604965,44.11036354002347
P0699,Product P0699,P0072,"French fries, 180 g",173,354,5580,0.0055525243123535,0.0113618127547582,0.179092980710595,0.488700564971751,2.72875331591843,0.0035177033998282,1.6055308554058,0.0865626307941788,233.46217553114,1.04790953226962e-52,5.34237990516896e-52,0.615384615384615,0.65186851729187,0.372538497430472,368.313699421965,63718.27,173,1.51768236793965,0.0139794925587688,1.27889285102164,0.922526186998632,0.183927661459286,0.818105420211256,0.238670015007629,0.5,0.5,0.42960238047827,44.1100857383461,41.58583676906588,44.110085738346115
P0594,Product P0594,P0165,"Honey lemonade, 500 ml",211,850,3686,0.0067721539300959,0.0272811888179221,0.118304072921013,0.248235294117647,2.09828189333248,0.0035446781788085,1.1728349577733,0.067373986172481,141.429537275864,1.29603855642848e-32,3.71122851722695e-32,0.5,0.90491162288917,0.262479368592257,413.499431279621,87248.38,211,1.82655852584257,0.019141889429431,1.34554140197599,0.97060295397077,0.0893666879360586,0.9368785153947,0.289875251681205,0.5,0.5,0.278714441721861,44.1095535174579,41.585076453511256,44.109553517457876
P0097,Product P0097,P0070,"Caru' cu Flori potatoes, 180 g",150,697,4003,0.0048143274384568,0.0223705748306962,0.128478351574285,0.215208034433286,1.67505289254006,0.0019401928604398,1.11051295969419,0.0392071370055747,47.8945276933624,4.497752402535219e-12,6.787064828721879e-12,0.615384615384615,0.531076261347713,0.401929434163475,397.832533333333,59674.88,150,1.71946429399189,0.0130923915684688,1.32536309270253,0.9560473806096,0.0594724365086968,0.900919140229608,0.260045410880621,0.5,0.5,0.46989651971575,44.107704949536,41.58243564219431,44.107704949536014
P0578,Product P0578,P0070,"Caru' cu Flori potatoes, 180 g",101,615,4003,0.0032416471418942,0.0197387424976731,0.128478351574285,0.164227642276423,1.27825147399613,0.0007056460436439,1.04277395677396,0.0151601040945385,7.16077455559119,0.0074515013058298,0.0083723871520704,0.461538461538462,0.682703826950914,0.274283836612398,533.831188118812,53916.95,101,2.6491104509344,0.0118291284637281,1.33346843438056,0.961894148731402,0.0257733465204987,0.915363513060433,0.366531115442125,0.5,0.5,0.294898032001713,44.1023398204783,41.5747711721118,44.102339820478264
P0057,Product P0057,P0082,"Tripe soup, 300/100 g",109,647,2454,0.0034984112719453,0.0207657990178772,0.078762396893154,0.168469860896445,2.13896310348433,0.0018628471678958,1.10788239630136,0.0484969387416254,73.2798017181454,1.12513437706476e-17,2.07351622530008e-17,0.576923076923077,0.631604811865333,0.353592409588146,457.406880733945,49857.35,109,2.12669672728836,0.0109384710747001,1.32744534077781,0.95754940509565,0.0459163708381138,0.904629874301075,0.302154054148689,0.5,0.5,0.403627832322171,44.0902843089793,41.557549012827515,44.09028430897926
P0537,Product P0537,P0076,"Grilled pork neck, 150 g",345,1610,2088,0.0110729531084508,0.0516737811727702,0.0670154379433193,0.214285714285714,3.19755747126437,0.0076100120329703,1.18743489716305,0.137482267024082,588.910101806647,4.32491357817986e-130,6.93894222616798e-129,0.923076923076923,0.409676866382651,0.654814550121416,434.881304347826,150034.05,345,1.97271861953941,0.0329167738787783,1.32851338939763,0.825451779862942,0.120929869044949,0.578284223305787,0.346231718611535,0.5,0.5,0.816594828996022,44.0748645092057,41.53552072743663,44.07486450920564
P0599,Product P0599,P0152,"Stella Artois draught beer, 0.4 L",378,2260,2832,0.0121321051449113,0.0725358667394165,0.0908945020380653,0.167256637168142,1.84011830658467,0.0055389936577325,1.09169948214345,0.0742899308567392,171.955290658463,2.76774095150346e-39,9.74066250996862e-39,0.538461538461538,1.15962230872492,0.249331346636929,352.166560846561,133118.96,378,1.40730535468227,0.0292056816789131,1.36948713521765,0.987876149269871,0.0745216313216137,0.979551744036951,0.26876776246861,0.5,0.5,0.260688877168469,44.0637115282282,41.51958789746884,44.06371152822818
P0156,Product P0156,P0535,"Grilled minced-meat rolls with mustard, 40/20/30 g",294,1346,5898,0.0094360817793754,0.0432005648810861,0.189299354880123,0.218424962852897,1.1538600487636,0.0012582427169289,1.03726527407923,0.0157980844507116,7.77614761881924,0.0052940573144732,0.0059791061388098,0.615384615384615,0.801988599446061,0.341503056997024,370.645272108844,108969.71,294,1.53362030196854,0.023907448367261,1.3419249821565,0.967994258501097,0.0602252926723358,0.930433763493981,0.268702622062041,0.5,0.5,0.387053673389337,44.0577702984605,41.51110042637218,44.057770298460525
P0621,Product P0621,P0535,"Grilled minced-meat rolls with mustard, 40/20/30 g",190,633,5898,0.006098148088712,0.0203164617902879,0.189299354880123,0.300157977883096,1.58562599472764,0.0022522549783638,1.15840521074691,0.0407517052200074,51.7424759605888,6.32788544005601e-13,9.82037413243401e-13,0.538461538461538,0.766298931405333,0.304853005846025,423.991315789474,80558.35,190,1.89827791254573,0.017674127912947,1.32239366819234,0.953905393602024,0.0931625757779676,0.895627386171354,0.294205508120379,0.5,0.5,0.336807494522883,44.0279843466228,41.468549066604055,44.02798434662284
P0165,"Honey lemonade, 500 ml",P0149,"Beck's draught beer, 0.4 L",672,3686,5044,0.0215681869242867,0.118304072921013,0.161889783997176,0.182311448724905,1.12614548134851,0.0024159661131177,1.02497486933856,0.0203081930824607,12.8498542593947,0.0003375055291285,0.0003946608063014,0.769230769230769,0.820197078988375,0.422608506579019,330.6803125,222217.17,672,1.26043178277819,0.0487534152205586,1.27729285729287,0.921372035489657,0.0792699431135456,0.815254102294829,0.306795952523308,0.5,0.5,0.498246940486048,44.0088693634941,41.44124194784876,44.00886936349413
P0165,"Honey lemonade, 500 ml",P0535,"Grilled minced-meat rolls with mustard, 40/20/30 g",1094,3686,5898,0.0351124947844786,0.118304072921013,0.189299354880123,0.296798697775366,1.56788013336505,0.0127176101008398,1.15287136493513,0.100517438829498,314.802710388985,1.96341469119934e-70,1.43764122691173e-69,0.807692307692308,0.784247402655258,0.452679547965336,332.545914076782,363805.23,1094,1.27318447756754,0.079817178112748,1.34115136758567,0.833304197213378,0.186580652663016,0.597683529293312,0.39637113906422,0.5,0.5,0.539473483880826,44.0074412592192,41.439201798884596,44.00744125921922
P0097,Product P0097,P0058,Product P0058,104,697,2522,0.0033379336906634,0.0223705748306962,0.0809448919985878,0.149210903873745,1.84336404916505,0.0015271499270463,1.08023846589711,0.0378608596796674,44.6618363834098,2.3417761832485e-11,3.46189405951777e-11,0.461538461538462,0.723645547706731,0.267768777723777,486.300673076923,50575.27,104,2.32420605599102,0.0110959793889998,1.35196778288807,0.975238607907136,0.0327170237541948,0.948330844677585,0.325985040565655,0.5,0.5,0.285966071364211,44.0003188935908,41.429026990844,44.0003188935908
P0569,Product P0569,P0567,"Fried Romanian cheese doughnuts, 180 g",205,998,2807,0.0065795808325576,0.0320313252238662,0.0900921141316558,0.205410821643287,2.28000889559668,0.0036938110247009,1.14512997490114,0.073268021562659,167.257100363336,2.93948366250038e-38,1.01486603664175e-37,0.653846153846154,0.541073260839409,0.424279734430023,403.131414634146,82641.94,205,1.75568586283877,0.0181312578836842,1.29313494526216,0.93279968636497,0.0768814342181036,0.843485981238006,0.278619036761834,0.5,0.5,0.500538146388659,43.9851105082455,41.407300726064946,43.985110508245455
P0572,"Medium Capricciosa pizza, 550 g",P0095,Product P0095,393,1605,3929,0.0126135378887569,0.0515133035914883,0.126103283371313,0.244859813084112,1.94174018739162,0.006117541168567,1.15726421632759,0.0833697168431306,216.557030302398,5.09811313630779e-49,2.38714224536987e-48,0.923076923076923,0.388814144686764,0.664651153365893,393.874045801527,154792.5,393,1.6924052563341,0.0339607557126585,1.34914390904557,0.838270242438327,0.107589521011651,0.60995208642258,0.316003214637828,0.5,0.5,0.83008053257728,43.971701767214,41.388145381734255,43.97170176721397
P0605,Product P0605,P0567,"Fried Romanian cheese doughnuts, 180 g",119,480,2807,0.0038193664345091,0.0154058478030619,0.0900921141316558,0.247916666666667,2.75181317539485,0.0024314210359407,1.20984982054517,0.0689519636214047,148.132008510771,4.43889386060923e-34,1.3159872831317e-33,0.653846153846154,0.571935055690011,0.4159498520498,428.946302521008,51044.61,119,1.93214872089996,0.0111989504055941,1.28952715002987,0.930197212219886,0.086867461965188,0.837056599047525,0.279858667328578,0.5,0.5,0.489118114304971,43.9668357098755,41.38119387125076,43.966835709875525
P0600,Product P0600,P0149,"Beck's draught beer, 0.4 L",108,540,5044,0.0034663157556889,0.0173315787784447,0.161889783997176,0.2,1.23540840602696,0.0006605102109164,1.04763777000353,0.0137403148398456,5.88232482038848,0.0152936152769939,0.0168368660617561,0.653846153846154,0.618561441788375,0.403967459600241,412.629166666667,44563.95,108,1.82060965705242,0.0097771236948891,1.33096261699694,0.960086583575041,0.0383792082784239,0.910897944306795,0.262621952535515,0.5,0.5,0.472690594687384,43.9648880492885,41.37841149898359,43.96488804928851
P0627,"Chicken breast strips, 200 g",P0612,"Sour cream, 50 g",146,1085,2147,0.0046859453734313,0.0348236351381712,0.0689090734024457,0.134562211981567,1.95275027420106,0.0022862809435551,1.07586118781507,0.0492328472762637,75.5206188791609,3.6161095326209095e-18,6.79031927726232e-18,0.692307692307692,0.491569748455995,0.464147045771301,479.302328767123,69978.14,146,2.27636746594887,0.0153528789687241,1.27002259447622,0.91612764943389,0.0357194557463784,0.802297907371378,0.332389356901933,0.5,0.5,0.555195097570673,43.9600853761005,41.37155053728645,43.960085376100515
P0156,Product P0156,P0007,Product P0007,193,1346,2157,0.0061944346374811,0.0432005648810861,0.0692300285650095,0.143387815750371,2.07117949714155,0.003203658296739,1.08657101608976,0.0620758368125193,120.060680289218,6.13549062791521e-28,1.54591692264561e-27,0.538461538461538,0.942900811875194,0.277143092004703,383.557512953368,74026.6,193,1.62188452118131,0.0162410922934812,1.37674390527492,0.993110802357118,0.0481514996744245,0.992483893774562,0.257418807934549,0.5,0.5,0.298817989910494,43.9492639267757,41.35609132396521,43.94926392677564
P0149,"Beck's draught beer, 0.4 L",P0072,"French fries, 180 g",1114,5044,5580,0.0357544051096062,0.161889783997176,0.179092980710595,0.220856463124504,1.23319441246777,0.0067610811469576,1.05360178251801,0.0478706795382248,71.3994422506277,2.91754611936278e-17,5.30507136037466e-17,0.961538461538462,0.548303875430992,0.621026968153008,314.37013464991,350208.33,1114,1.14894028176811,0.0768340813906882,1.30954170226064,0.813664007877199,0.139572542276976,0.549162669336179,0.373204001128065,0.5,0.5,0.770273014053525,43.9415143953597,41.3450205647995,43.94151439535965
P0015,Product P0015,P0076,"Grilled pork neck, 150 g",155,1453,2088,0.0049748050197387,0.0466347851205187,0.0670154379433193,0.106675843083276,1.59180998225365,0.0018495544714945,1.04439643194789,0.0350798579849789,38.3416931641257,5.93803164552346e-10,8.33769951771698e-10,0.730769230769231,0.631995767630429,0.447776425198865,424.624516129032,65816.8,155,1.90260628081653,0.0144399002961313,1.3114723455667,0.94602732460605,0.0188326176715491,0.876164708091049,0.285548985054162,0.5,0.5,0.532751441870207,43.9384406350373,41.34062947862467,43.93844063503727
P0052,Product P0052,P0072,"French fries, 180 g",129,421,5580,0.0041403215970728,0.0135122123439356,0.179092980710595,0.306413301662708,1.71091742650627,0.0017203792124029,1.18356799698918,0.0388623297053356,47.0558148391222,6.89936632193517e-12,1.0368056001696001e-11,0.461538461538462,0.608862304443788,0.286872568437747,427.499224806201,55147.4,129,1.92225693014299,0.012099083480067,1.33544793770646,0.963322058547252,0.0906515203250347,0.918891147698794,0.281239375937209,0.5,0.5,0.312156825676849,43.9372091359892,41.33887019427035,43.93720913598924
P0537,Product P0537,P0071,Product P0071,188,1610,1212,0.0060339570561992,0.0516737811727702,0.0388997657027313,0.116770186335404,3.00182235614866,0.0040238590756042,1.08816552547018,0.0940093236654346,275.357868227963,7.7130620527220695e-62,4.7542094347569405e-61,0.692307692307692,0.554176355710834,0.445449893613297,484.310106382979,91050.3,188,2.31059913701022,0.01997601302301,1.25494928754928,0.905254556857243,0.0561318328655241,0.775436058272978,0.349548790625577,0.5,0.5,0.52956183316529,43.9179519669345,41.311359952763546,43.91795196693448
P0156,Product P0156,P0599,Product P0599,153,1346,2260,0.0049106139872259,0.0432005648810861,0.0725358667394165,0.113670133729569,1.56708865336822,0.001777023569944,1.04640965915234,0.0336986929148339,35.3819485281709,2.70986800863633e-09,3.6726285682263804e-09,0.538461538461538,0.723229272695516,0.312472372071108,499.069281045752,76357.6,153,2.41148844379442,0.0167525028693567,1.32445899647969,0.955395213041014,0.0205133073982832,0.899307967815621,0.352355147844866,0.5,0.5,0.347253429144289,43.9160627526183,41.308661075168985,43.91606275261829
P0569,Product P0569,P0009,"Borsec sparkling mineral water, 750 ml",141,998,3139,0.0045254677921494,0.0320313252238662,0.100747825528774,0.141282565130261,1.40233860521297,0.0012983814270399,1.04720381577863,0.0244977162707898,18.6985028590977,1.53102649946093e-05,1.87469125803802e-05,0.538461538461538,0.577355897766576,0.341369718288664,484.373191489362,68296.62,141,2.31103036794263,0.0149839612889531,1.32018774032645,0.952314153005691,0.024998978411281,0.891696244734212,0.335447453918337,0.5,0.5,0.38687086980845,43.9115622393611,41.30223177051586,43.9115622393611
P0612,"Sour cream, 50 g",P0007,Product P0007,267,2147,2157,0.0085695028404531,0.0689090734024457,0.0692300285650095,0.124359571495109,1.79632413957957,0.0037989257204135,1.06295911099517,0.0590823978052893,108.760666210773,1.83113471258807e-25,4.314833631606021e-25,0.884615384615385,0.493314973539804,0.592383656689963,296.321722846442,79117.9,267,1.02556673297473,0.0173580998717544,1.29435722527487,0.933681375021426,0.0443329700504635,0.845664182837462,0.189983449872565,0.5,0.5,0.731003847820438,43.9096505334142,41.29950076202027,43.909650533414194
P0092,Product P0092,P0072,"French fries, 180 g",180,471,5580,0.0057771929261482,0.0151169881567545,0.179092980710595,0.382165605095541,2.13389493870283,0.0030698464577882,1.32868455699419,0.0656153466698201,134.142528950441,5.08507579519156e-31,1.40096406377626e-30,0.769230769230769,0.561704327717125,0.492558518010396,407.400277777778,73332.05,180,1.78486653541417,0.0160887112486617,1.23367689374394,0.889909768331839,0.134568173557414,0.737526936198407,0.276283342508546,0.5,0.5,0.594146418814491,43.9090332334322,41.298618904903215,43.90903323343225
P0007,Product P0007,P0612,"Sour cream, 50 g",267,2157,2147,0.0085695028404531,0.0692300285650095,0.0689090734024457,0.123783031988873,1.79632413957957,0.0037989257204135,1.06262599400578,0.0590823978052893,108.760666210773,1.83113471258807e-25,4.314833631606021e-25,0.884615384615385,0.493314973539804,0.592383656689963,296.321722846442,79117.9,267,1.02556673297473,0.0173580998717544,1.29435722527487,0.933681375021426,0.0441259067992981,0.845664182837462,0.189983449872565,0.5,0.5,0.731003847820438,43.9055092683909,41.29358466912983,43.90550926839087
P0084,Product P0084,P0078,Product P0078,328,661,412,0.0105273293320923,0.0212151362454665,0.0132233526976281,0.496217851739788,37.5258728316907,0.0102467941029903,1.95873682842903,0.62250271846573,12073.63768203,0.0,0.0,0.538461538461538,1.07427312068415,0.259590472003003,204.709512195122,67144.72,328,0.399333041947797,0.014731239777863,1.32141297297006,0.821040043086572,0.631940795223805,0.567385078769555,0.108392338026073,0.5,0.5,0.274753846574195,43.9019027061306,41.28843243732945,43.90190270613061
P0095,Product P0095,P0007,Product P0007,528,3929,2157,0.0169464325833681,0.126103283371313,0.0692300285650095,0.134385339781115,1.94114234193797,0.0082162986734306,1.07527057270452,0.097502225757267,296.199754248589,2.21683955170487e-66,1.51160746931876e-65,0.961538461538462,0.6441944491022,0.584808239720979,393.316893939394,207671.32,528,1.68859673272567,0.0455621232749994,1.3762356323193,0.855103276545721,0.0839424222547747,0.651537901945955,0.34844200391515,0.5,0.5,0.720618166380504,43.8846282261226,41.263754608746616,43.88462822612263
P0072,"French fries, 180 g",P0018,"Hot pepper, 1 pc.",727,5580,2461,0.0233334403183875,0.179092980710595,0.0789870655069487,0.130286738351254,1.64946928354735,0.009187411319165,1.05898458159308,0.0888374407535147,245.893875536764,2.04005081746377e-55,1.1128477209264801e-54,1.0,0.424401591373958,0.702049201612737,360.569078404402,262133.72,727,1.46474245336982,0.0575109209359008,1.3127711991557,0.815670607119148,0.093427815931341,0.554119949489754,0.355813061143323,0.5,0.5,0.881352194210857,43.8807384733969,41.258197819138466,43.880738473396924
P0537,Product P0537,P0535,"Grilled minced-meat rolls with mustard, 40/20/30 g",566,1610,5898,0.0181660622011105,0.0516737811727702,0.189299354880123,0.351552795031056,1.8571262181727,0.0083842487608884,1.25021842781897,0.0966819339903825,291.23682839228,2.67340371883215e-65,1.76768694378538e-64,0.846153846153846,0.582598849649143,0.534660976368987,369.351148409894,209052.75,566,1.52477405914919,0.0458652026022545,1.35830609765203,0.843963030296548,0.164137737492353,0.624016052798177,0.329905165457033,0.5,0.5,0.651867693054664,43.8798560454979,41.256937207854136,43.87985604549789
P0056,Product P0056,P0071,Product P0071,101,937,1212,0.0032416471418942,0.0300734987322271,0.0388997657027313,0.107790821771612,2.77098897189612,0.0020717950873492,1.07721401858438,0.0627375526935327,122.633968138509,1.67700710377017e-28,4.3049758828547295e-28,0.461538461538462,0.537587917813027,0.300170452818676,613.020495049505,61915.07,101,3.19042488507483,0.0135838788520255,1.27431274396325,0.919222338128692,0.0329680820740059,0.809943299897958,0.435595649385592,0.5,0.5,0.330387847358013,43.8740191007312,41.24859871533035,43.874019100731246
P0072,"French fries, 180 g",P0159,Product P0159,616,5580,1626,0.0197708380139295,0.179092980710595,0.0521873094328722,0.110394265232975,2.11534693841562,0.0104244572123302,1.06543005909842,0.122242851252784,465.588855559854,2.92196857978301e-103,3.4278147532723298e-102,1.0,0.382236207939925,0.723465348582058,368.939334415584,227266.63,616,1.52195902176673,0.0498612432971181,1.3129701731925,0.815794236639287,0.0925933406446888,0.554425374785333,0.340900590744391,0.5,0.5,0.910713123253419,43.8655173560224,41.23645336574635,43.865517356022444
P0594,Product P0594,P0567,"Fried Romanian cheese doughnuts, 180 g",162,850,2807,0.0051994736335334,0.0272811888179221,0.0900921141316558,0.190588235294118,2.11548188352648,0.0027416536569019,1.12415945201758,0.0587821117952876,107.657924537261,3.19412130042893e-25,7.43024805707454e-25,0.615384615384615,0.633827804329259,0.376652064406048,458.202345679012,74228.78,162,2.1321342879049,0.0162854496466474,1.29449526309457,0.933780948260396,0.0617081259934467,0.845910177369432,0.317956448756046,0.5,0.5,0.435241963931573,43.8639146816942,41.23416383099175,43.863914681694226
P0140,Product P0140,P0535,"Grilled minced-meat rolls with mustard, 40/20/30 g",247,931,5898,0.0079275925153256,0.0298809256346888,0.189299354880123,0.26530612244898,1.40151625248268,0.002271152569458,1.10345365585761,0.0340511621198595,36.1259695108505,1.84965367391178e-09,2.5351409023087404e-09,0.692307692307692,0.524279065209512,0.454186971473321,442.072024291498,109191.79,247,2.02187223191763,0.0239561716880205,1.24764198917462,0.899983455293536,0.0815671285791456,0.762413862997025,0.32664816906362,0.5,0.5,0.541540118682988,43.8279843996257,41.182834856608125,43.827984399625684
P0152,"Stella Artois draught beer, 0.4 L",P0599,Product P0599,378,2832,2260,0.0121321051449113,0.0908945020380653,0.0725358667394165,0.133474576271186,1.84011830658467,0.0055389936577325,1.07032535672126,0.0742899308567392,171.955290658463,2.76774095150346e-39,9.74066250996862e-39,0.538461538461538,1.15962230872492,0.249331346636929,352.166560846561,133118.96,378,1.40730535468227,0.0292056816789131,1.36948713521765,0.987876149269871,0.0623888576179388,0.979551744036951,0.26876776246861,0.5,0.5,0.260688877168469,43.8210560541547,41.17293722022098,43.82105605415468
P0063,Product P0063,P0567,"Fried Romanian cheese doughnuts, 180 g",153,1031,2807,0.0049106139872259,0.0330904772603267,0.0900921141316558,0.148399612027158,1.64719868611691,0.0019294229332176,1.06846814388413,0.037673927562711,44.2219033544383,2.9318236597898294e-11,4.3167312364562094e-11,0.692307692307692,0.587110254271505,0.436206426393147,401.536013071895,61435.01,153,1.74478017459159,0.01347855591721,1.31551169040139,0.948941095986773,0.0349748692170667,0.883363146491576,0.264137497824702,0.5,0.5,0.516889302221845,43.8184032928853,41.16914756126477,43.818403292885336
P0157,Product P0157,P0567,"Fried Romanian cheese doughnuts, 180 g",147,519,2807,0.0047180408896877,0.0166575729370607,0.0900921141316558,0.283236994219653,3.14386000317126,0.0032173249274856,1.26946826012277,0.0878000108686718,240.184387344346,3.58509705429468e-54,1.89870916807549e-53,0.5,0.944917805623924,0.257080272777698,461.961768707483,67908.38,147,2.15783258011413,0.0148987832357665,1.31183537986784,0.946289198499014,0.111329500780812,0.876811664506257,0.317067862920767,0.5,0.5,0.271312434753365,43.8173049116904,41.16757844527196,43.81730491169037
P0018,"Hot pepper, 1 pc.",P0095,Product P0095,501,2461,3929,0.0160798536444459,0.0789870655069487,0.126103283371313,0.203575782202357,1.61435750727382,0.0061193253401546,1.0972754181751,0.0683438496665325,145.530663845087,1.64416754990619e-33,4.83500484352468e-33,0.961538461538462,0.439696660368856,0.667875732442216,374.080518962076,187414.34,501,1.55710262273335,0.041117835927381,1.34882727405621,0.838073506057933,0.0938124321104033,0.609466051476674,0.32027404619689,0.5,0.5,0.834501338877671,43.8160639844561,41.16580569208008,43.81606398445605
P0537,Product P0537,P0009,"Borsec sparkling mineral water, 750 ml",282,1610,3139,0.0090509355842988,0.0516737811727702,0.100747825528774,0.175155279503106,1.7385514633572,0.0038449144942926,1.09020783200201,0.0577050866220656,103.748978376326,2.29643472581969e-24,5.20875319307543e-24,0.846153846153846,0.45802399940849,0.58034287947052,523.14219858156,147526.1,282,2.57604371317454,0.0323665412945797,1.34555816385629,0.836042293685797,0.0628943991634579,0.604447964870448,0.416103517257222,0.5,0.5,0.714496284342104,43.8138804692436,41.16268638463371,43.81388046924359
P0592,Product P0592,P0165,"Honey lemonade, 500 ml",179,565,3686,0.0057450974098918,0.0181339666848541,0.118304072921013,0.316814159292035,2.67796493788984,0.0035997752928596,1.29056528186432,0.08353021540216,217.391639050035,3.35234521756376e-49,1.57646923808709e-48,0.5,0.890851140717103,0.264431180875706,381.425139664804,68275.1,179,1.60730825470275,0.0149792399008824,1.33973389471472,0.966413723007889,0.121234146655959,0.926529068889946,0.25211569317124,0.5,0.5,0.281390320909694,43.8114813834398,41.15925911919977,43.81148138343983
P0613,Product P0613,P0597,"Assorted pickled vegetables, 180 g",247,1844,971,0.0079275925153256,0.0591841319767628,0.031164746284944,0.133947939262473,4.29805967415125,0.0060831340581751,1.1186801551976,0.148359603792494,685.783392971324,3.69184887702173e-151,7.19251272291198e-150,0.884615384615385,0.459277967274013,0.606200740677172,476.211052631579,117624.13,247,2.25523642620447,0.0258061879279939,1.34914740870434,0.838272416898583,0.0956397755705085,0.609957458401421,0.359522488234779,0.5,0.5,0.749946677410874,43.8018612182429,41.145516026061294,43.801861218242905
P0597,"Assorted pickled vegetables, 180 g",P0101,Product P0101,105,971,500,0.0033700292069197,0.031164746284944,0.0160477581281895,0.108135942327497,6.73838311019567,0.0028699048964126,1.10325361068999,0.131436669502535,538.255809687592,4.51729608351079e-119,6.23844307229148e-118,0.653846153846154,0.706668646836182,0.383112536260775,473.958571428571,49765.65,105,2.23983913792052,0.010918352520514,1.27821913935352,0.922040206757343,0.0855070574021624,0.816904811661823,0.315492706354162,0.5,0.5,0.444099087296474,43.7990823813277,41.14154625903956,43.79908238132769
P0072,"French fries, 180 g",P0149,"Beck's draught beer, 0.4 L",1114,5580,5044,0.0357544051096062,0.179092980710595,0.161889783997176,0.199641577060932,1.23319441246777,0.0067610811469576,1.04716860844061,0.0478706795382248,71.3994422506277,2.91754611936278e-17,5.30507136037466e-17,0.961538461538462,0.548303875430992,0.621026968153008,314.37013464991,350208.33,1114,1.14894028176811,0.0768340813906882,1.30954170226064,0.813664007877199,0.13195324952442,0.549162669336179,0.373204001128065,0.5,0.5,0.770273014053525,43.7891285403085,41.12732648615504,43.789128540308525
P0601,Cornflake-crusted pike-perch with potatoes and sauce,P0567,"Fried Romanian cheese doughnuts, 180 g",233,952,2807,0.0074782552877363,0.0305549314760728,0.0900921141316558,0.244747899159664,2.71664064628345,0.004725496913909,1.20477372370885,0.0958965802854699,286.524573619215,2.8433856589706698e-64,1.81411330639591e-63,0.884615384615385,0.419853565525571,0.623032829648131,490.172017167382,114210.08,233,2.35066940712912,0.0250571612113196,1.32946552604684,0.826043375625575,0.104460329808702,0.579745753775714,0.368697958521859,0.5,0.5,0.773022993174974,43.7883107738753,41.126158248393196,43.78831077387524
P0572,"Medium Capricciosa pizza, 550 g",P0011,Product P0011,189,1605,1889,0.0060660525724556,0.0515133035914883,0.0606284302082999,0.117757009345794,1.94227376399519,0.0029428818408601,1.06475379203085,0.0557879796999717,96.9698899417419,7.038966334564681e-23,1.50874504342044e-22,0.692307692307692,0.613086009484371,0.429182131787871,517.815978835979,97867.22,189,2.53963526689012,0.0214716136162735,1.25140832713317,0.902700293841088,0.0354623154806992,0.769125781117338,0.380905918124756,0.5,0.5,0.507259193884663,43.7824722333025,41.11781747614641,43.782472233302485
P0156,Product P0156,P0070,"Caru' cu Flori potatoes, 180 g",257,1346,4003,0.0082485476778894,0.0432005648810861,0.128478351574285,0.190936106983655,1.48613447046958,0.0026982103148895,1.07719755627274,0.0396612650677094,49.0104578535473,2.54601434983105e-12,3.8794715861252496e-12,0.615384615384615,0.684097688807072,0.365409096796827,392.367821011673,100838.53,257,1.68210915384994,0.0221235052328349,1.3189799306241,0.951442902471731,0.0582772217549601,0.889543830395315,0.281225759589816,0.5,0.5,0.419828174762352,43.7792179824253,41.113168546321916,43.77921798242534
P0613,Product P0613,P0058,Product P0058,247,1844,2522,0.0079275925153256,0.0591841319767628,0.0809448919985878,0.133947939262473,1.65480410134848,0.0031369393444363,1.06120076340301,0.0487400154697888,74.016229837808,7.747740082231289e-18,1.43999734748115e-17,0.846153846153846,0.45353498504921,0.582135177245286,521.559514170041,128825.2,247,2.56522495556887,0.0282636506732198,1.36559259193548,0.84849038374532,0.0414446044041207,0.635200826982593,0.403190977674068,0.5,0.5,0.716953473670485,43.7662629179205,41.09466131131497,43.76626291792048
P0061,Product P0061,P0007,Product P0007,111,683,2157,0.003562602304458,0.0219212376031068,0.0692300285650095,0.162518301610542,2.34751169368551,0.0020449943990146,1.11139141694073,0.0550179287445045,94.3113816632802,2.6959566985796003e-22,5.63465279339146e-22,0.5,0.692068384194716,0.295496331395589,418.470720720721,46450.25,111,1.86054077464685,0.0101909691557531,1.35829886094238,0.979805515363353,0.0477319884145864,0.959613336578624,0.268522910848975,0.5,0.5,0.323979759683036,43.7571623136741,41.08166044810581,43.75716231367406
P0592,Product P0592,P0095,Product P0095,124,565,3929,0.0039798440157909,0.0181339666848541,0.126103283371313,0.219469026548673,1.74039105629346,0.0016930912762848,1.11961824239276,0.0382221045427454,45.5181734422546,1.5122912766852798e-11,2.2478334916398398e-11,0.538461538461538,0.698319743806073,0.317055454619401,448.039032258065,55556.84,124,2.06266091496243,0.0121889127148102,1.32645715565121,0.95683658020484,0.0589917783006864,0.902868848676069,0.298117408913577,0.5,0.5,0.35353670510842,43.7349277688908,41.04989681270121,43.73492776889085
P0049,Product P0049,P0050,Product P0050,129,831,1560,0.0041403215970728,0.0266713740090509,0.0500690053599512,0.155234657039711,3.10041423678608,0.0028049124288564,1.12449096374057,0.0798245268169728,198.531004475966,4.36923467893421e-45,1.76549445730267e-44,0.653846153846154,0.602209947496965,0.40809018497708,486.788759689922,62795.75,129,2.32754247019854,0.0137770959545403,1.27031037367779,0.916335238247375,0.0607171200352771,0.802810753127362,0.333980986909659,0.5,0.5,0.478342734048621,43.7336045419322,41.04800648847453,43.733604541932166
P0076,"Grilled pork neck, 150 g",P0537,Product P0537,345,2088,1610,0.0110729531084508,0.0670154379433193,0.0516737811727702,0.165229885057471,3.19755747126437,0.0076100120329703,1.13603278537651,0.137482267024082,588.910101806647,4.32491357817986e-130,6.93894222616798e-129,0.923076923076923,0.409676866382651,0.654814550121416,434.881304347826,150034.05,345,1.97271861953941,0.0329167738787783,1.32851338939763,0.825451779862942,0.103311545619156,0.578284223305787,0.346231718611535,0.5,0.5,0.816594828996022,43.7224980406898,41.03214005812825,43.72249804068977
P0058,Product P0058,P0535,"Grilled minced-meat rolls with mustard, 40/20/30 g",524,2522,5898,0.0168180505183426,0.0809448919985878,0.189299354880123,0.207771609833466,1.09758223933219,0.0014952346821686,1.02331683032649,0.0139939086698179,6.10145910397326,0.0135070311461866,0.0149302644179225,0.846153846153846,0.580185229447642,0.535477632865624,418.86927480916,219487.5,524,1.86326517127589,0.0481545382979288,1.37978801007465,0.85731049294587,0.0739623482548329,0.656990804461994,0.376471628921638,0.5,0.5,0.652987305909594,43.6783686918652,40.96909813123605,43.67836869186523
P0149,"Beck's draught beer, 0.4 L",P0165,"Honey lemonade, 500 ml",672,5044,3686,0.0215681869242867,0.161889783997176,0.118304072921013,0.133227597145123,1.12614548134851,0.0024159661131177,1.01721735045435,0.0203081930824607,12.8498542593947,0.0003375055291285,0.0003946608063014,0.769230769230769,0.820197078988375,0.422608506579019,330.6803125,222217.17,672,1.26043178277819,0.0487534152205586,1.27729285729287,0.921372035489657,0.0616415555045486,0.815254102294829,0.306795952523308,0.5,0.5,0.498246940486048,43.6563016113142,40.93757373044885,43.65630161131419
P0011,Product P0011,P0572,"Medium Capricciosa pizza, 550 g",189,1889,1605,0.0060660525724556,0.0606284302082999,0.0515133035914883,0.100052938062467,1.94227376399519,0.0029428818408601,1.05393609971511,0.0557879796999717,96.9698899417419,7.038966334564681e-23,1.50874504342044e-22,0.692307692307692,0.613086009484371,0.429182131787871,517.815978835979,97867.22,189,2.53963526689012,0.0214716136162735,1.25140832713317,0.902700293841088,0.0291039262998395,0.769125781117338,0.380905918124756,0.5,0.5,0.507259193884663,43.6553044496853,40.93614921383614,43.655304449685296
P0018,"Hot pepper, 1 pc.",P0009,"Borsec sparkling mineral water, 750 ml",364,2461,3139,0.0116827679173219,0.0789870655069487,0.100747825528774,0.147907354733848,1.46809475993708,0.003724992822598,1.05534554190448,0.0458834427712517,65.5945305171498,5.53922763545653e-16,9.57733336019505e-16,0.961538461538462,0.401859265088752,0.685902276700783,454.77728021978,165538.93,364,2.10872156410646,0.0363184725530299,1.32755936598796,0.824859011790126,0.0536058433962888,0.576819796657152,0.371977783953353,0.5,0.5,0.859215218905512,43.640220669191,40.914600955987126,43.64022066919098
P0009,"Borsec sparkling mineral water, 750 ml",P0165,"Honey lemonade, 500 ml",467,3139,3686,0.014988606091729,0.100747825528774,0.118304072921013,0.148773494743549,1.25755175684339,0.0030697279937394,1.03579472870544,0.0315778123807167,31.0684591201601,2.49086192818003e-08,3.301981000783e-08,0.884615384615385,0.605012747240021,0.551157855996202,489.588972162741,228638.05,467,2.34668388573742,0.0501621264768552,1.3423056856973,0.834021415381728,0.0556250421987716,0.599455408459522,0.439398292137724,0.5,0.5,0.674484446332098,43.6344193192413,40.906313313201906,43.63441931924133
P0525,Product P0525,P0072,"French fries, 180 g",172,590,5580,0.0055204287960971,0.0189363545912636,0.179092980710595,0.291525423728814,1.6277881052184,0.002129060608555,1.15869651048026,0.0407384947219493,51.7089346360161,6.43691598045873e-13,9.9753911003984e-13,0.653846153846154,0.574703249968344,0.415218647614589,375.541162790698,64593.08,172,1.56708714738973,0.0141714218105413,1.29885504402083,0.936925865421234,0.088890936890954,0.853679658738773,0.245063494439237,0.5,0.5,0.488115653798485,43.6338383393641,40.90548334194876,43.63383833936413
P0063,Product P0063,P0070,"Caru' cu Flori potatoes, 180 g",198,1031,4003,0.006354912218763,0.0330904772603267,0.128478351574285,0.192046556741028,1.49477755892586,0.0021035022475498,1.07867805465416,0.0351434568811424,38.4808442304225,5.52937497621643e-10,7.783933031035e-10,0.769230769230769,0.390591284027265,0.553168122126449,486.915909090909,96409.35,198,2.32841162550137,0.0211517637079716,1.3974761586793,0.86830075760162,0.052328317502454,0.684142125822788,0.354990966323492,0.5,0.5,0.677240464083161,43.6016328338063,40.85947547686612,43.601632833806285
P0140,Product P0140,P0627,"Chicken breast strips, 200 g",100,931,1085,0.0032095516256379,0.0298809256346888,0.0348236351381712,0.107411385606874,3.08443920862063,0.0021689891737446,1.08132273849141,0.0694876217438919,150.442495987661,1.38752737148491e-34,4.18174685715481e-34,0.5,0.519929424951234,0.328962642470089,489.8999,48989.99,100,2.34880929550306,0.0107481763183332,1.31303532690687,0.947154777320283,0.0373451076845817,0.878950066944735,0.327911966349926,0.5,0.5,0.369861121357586,43.5827540331607,40.832505761658155,43.58275403316071
P0160,Product P0160,P0159,Product P0159,263,735,1626,0.0084411207754276,0.0235902044484386,0.0521873094328722,0.357823129251701,6.85651613658994,0.0072100114762922,1.47593713467551,0.21360446502542,1421.59631003685,4.26118592497e-311,1.6030875324628e-309,0.884615384615385,0.447524646184479,0.611122848199605,338.348479087453,88985.65,263,1.31284907771441,0.0195230384003239,1.3440292135078,0.835092303421078,0.218510337401509,0.602101024939979,0.230134300151454,0.5,0.5,0.756694746982541,43.5818607196843,40.83122959954893,43.581860719684244
P0482,Product P0482,P0165,"Honey lemonade, 500 ml",216,713,3686,0.0069326315113778,0.0228841030907982,0.118304072921013,0.302945301542777,2.5607343353685,0.004225348910592,1.26488771832458,0.0874909886345916,238.49664953549,8.36579532802011e-54,4.38802053022593e-53,0.576923076923077,0.74087097072548,0.331399102302598,395.012268518519,85322.65,216,1.70018580663635,0.0187193932096624,1.29597658045258,0.934849492863587,0.119874709145227,0.848550004418037,0.273715368250166,0.5,0.5,0.373201438565899,43.5748160219276,40.82116574561084,43.57481602192759
P0140,Product P0140,P0599,Product P0599,119,931,2260,0.0038193664345091,0.0298809256346888,0.0725358667394165,0.12781954887218,1.76215649743829,0.0016519275946209,1.06338560106601,0.037407311698769,43.5982072184536,4.0320825748440696e-11,5.896785642298769e-11,0.5,0.62893591895722,0.306948845673487,527.860840336135,62815.44,119,2.60829893790487,0.0137814158491087,1.30563661398428,0.941817734099089,0.0255260896832612,0.865764963568786,0.367233872930149,0.5,0.5,0.339680831381602,43.5673068374599,40.81043833922849,43.56730683745994
P0627,"Chicken breast strips, 200 g",P0149,"Beck's draught beer, 0.4 L",212,1085,5044,0.0068042494463523,0.0348236351381712,0.161889783997176,0.195391705069124,1.20694277455169,0.0011666586758373,1.04163755368049,0.0172759975919701,9.29912111129966,0.0022926381907639,0.0026136554504947,0.769230769230769,0.484275795596898,0.518253259611651,412.438443396226,87436.95,212,1.81930592977891,0.019183260811796,1.25652469063,0.906390969963223,0.0462199697572801,0.778243553670548,0.289133855502059,0.5,0.5,0.629373179538638,43.5656793739841,40.80811339140589,43.565679373984125
P0070,"Caru' cu Flori potatoes, 180 g",P0537,Product P0537,406,4003,1610,0.0130307796000899,0.128478351574285,0.0516737811727702,0.101423932050962,1.96277357199492,0.006391817375402,1.0553655418308,0.0862891697981044,231.989439427267,2.19526506178409e-52,1.10370238820573e-51,0.923076923076923,0.451655433558499,0.635878805491844,414.470073891626,168274.85,406,1.83319354863334,0.0369187206966375,1.36398313817491,0.84749037389832,0.0583271684245258,0.632730314254253,0.341057870891595,0.5,0.5,0.79063446109075,43.548651682315,40.78378811759282,43.54865168231497
P0072,"French fries, 180 g",P0612,"Sour cream, 50 g",692,5580,2147,0.0222100972494143,0.179092980710595,0.0689090734024457,0.124014336917563,1.79968080826293,0.0098689658957651,1.06290658150866,0.101613434108729,321.705060261084,6.15892954148152e-72,4.63406353776299e-71,1.0,0.466729311276232,0.681789061084406,355.949566473988,246317.1,692,1.43316485048961,0.0540408279532308,1.31936481752957,0.819767452559992,0.0939991450837749,0.564241158633855,0.342236714762074,0.5,0.5,0.853576117155687,43.545301541151,40.77900220164421,43.54530154115095
P0030,Product P0030,P0072,"French fries, 180 g",214,703,5580,0.0068684404788651,0.0225631479282344,0.179092980710595,0.304409672830725,1.6997297807145,0.0028275390621835,1.18015876188231,0.0496567333838577,76.8266554947673,1.8664142170381e-18,3.51685304108561e-18,0.730769230769231,0.693287190718123,0.431568392399704,304.018925233645,65060.05,214,1.07818250795985,0.0142738728601408,1.31529294999435,0.948783308136529,0.100636728118542,0.88297333343766,0.187469245899237,0.5,0.5,0.510530689387634,43.5268930429851,40.7527043471216,43.52689304298512
P0101,Product P0101,P0567,"Fried Romanian cheese doughnuts, 180 g",137,500,2807,0.0043970857271239,0.0160477581281895,0.0900921141316558,0.274,3.04133167082294,0.0029513092702818,1.25331664720158,0.0820310788939252,209.658503410549,1.6306883315688501e-47,7.20275696251665e-47,0.653846153846154,0.725432690967426,0.378946195507372,507.615328467153,69543.3,137,2.46990666973119,0.0152574770919271,1.23869939545533,0.893532737487781,0.104411684355378,0.746477439476939,0.355033296970128,0.5,0.5,0.438387152493121,43.5023199409801,40.71759991568587,43.5023199409801
P0165,"Honey lemonade, 500 ml",P0009,"Borsec sparkling mineral water, 750 ml",467,3686,3139,0.014988606091729,0.118304072921013,0.100747825528774,0.126695604991861,1.25755175684339,0.0030697279937394,1.02971218238613,0.0315778123807167,31.0684591201601,2.49086192818003e-08,3.301981000783e-08,0.884615384615385,0.605012747240021,0.551157855996202,489.588972162741,228638.05,467,2.34668388573742,0.0501621264768552,1.3423056856973,0.834021415381728,0.0476958030375203,0.599455408459522,0.439398292137724,0.5,0.5,0.674484446332098,43.4758345360163,40.67976362288044,43.47583453601631
P0082,"Tripe soup, 300/100 g",P0567,"Fried Romanian cheese doughnuts, 180 g",444,2454,2807,0.0142504092178323,0.078762396893154,0.0900921141316558,0.180929095354523,2.00826783896006,0.0071545383676514,1.11090246364225,0.0927671518388739,268.129180149464,2.90169287660192e-60,1.7394213892157701e-59,1.0,0.37173908115757,0.7290016109741,375.940878378378,166917.75,444,1.56981948368044,0.0366209792584047,1.3183236901305,0.81912056373562,0.0926115370964156,0.562643027296222,0.309031158241261,0.5,0.5,0.918303181702617,43.4687462697042,40.66963752814877,43.46874626970414
P0089,Product P0089,P0011,Product P0011,156,1128,1889,0.0050069005359951,0.0362037423371955,0.0606284302082999,0.138297872340426,2.28107295315545,0.0028119244704251,1.09013490815333,0.0630779299958697,123.968258394132,8.56020671470866e-29,2.20784527795441e-28,0.615384615384615,0.539105654571823,0.399832599897643,464.904487179487,72525.1,156,2.17794812407137,0.0159116701657776,1.28122068322943,0.924205362989732,0.0451340367179562,0.822253805021247,0.322320996442167,0.5,0.5,0.467021819510278,43.4643949587302,40.66342136961455,43.46439495873018
P0576,Product P0576,P0007,Product P0007,165,1175,2157,0.0052957601823025,0.0377122316012453,0.0692300285650095,0.140425531914894,2.02839049507294,0.002684941311298,1.08282645191694,0.0555229791955201,96.0508375724741,1.11971026351881e-22,2.3766612791809798e-22,0.461538461538462,0.813117014199508,0.254555253700617,426.638787878788,70395.4,165,1.91637524047391,0.0154444238751547,1.35689061666156,0.9787896818432,0.042157650935214,0.95710373164929,0.2900269939637,0.5,0.5,0.267850705336795,43.464274584332,40.66324940618861,43.46427458433203
P0569,Product P0569,P0007,Product P0007,165,998,2157,0.0052957601823025,0.0320313252238662,0.0692300285650095,0.165330661322645,2.38813510191454,0.0030782306220791,1.11513617225945,0.0688675466722523,147.769518544891,5.32737812173714e-34,1.57511369398786e-33,0.538461538461538,0.758066938393023,0.306280453094536,388.108363636364,64037.88,165,1.6529927762956,0.0140496135086425,1.34747037506245,0.971994413923692,0.0584009057156047,0.940316101069462,0.254889112644401,0.5,0.5,0.338764484145505,43.4597672300444,40.65681032863486,43.459767230044406
P0570,Product P0570,P0612,"Sour cream, 50 g",221,1256,2147,0.0070931090926597,0.040311968418012,0.0689090734024457,0.175955414012739,2.55344333227522,0.0043152487019458,1.12990357855703,0.0866142873399817,233.740897372912,9.11052060624284e-53,4.6664685358736806e-52,0.807692307692308,0.477711538631136,0.546583204216234,365.298190045249,80730.9,221,1.49706924711349,0.0177119845817017,1.25016368819029,0.901802476625792,0.0743035531421055,0.766907734100338,0.246811049357856,0.5,0.5,0.668212728711814,43.4425740191241,40.63224859874875,43.44257401912412
P0020,Product P0020,P0567,"Fried Romanian cheese doughnuts, 180 g",121,572,2807,0.0038835574670218,0.0183586352986488,0.0900921141316558,0.211538461538462,2.34802417034337,0.0022295892003945,1.15402951378424,0.0580077640946219,104.840210962132,1.3239316024110601e-24,3.03447348367744e-24,0.576923076923077,0.67479497228718,0.344473852901053,433.218595041322,52419.45,121,1.9613528356694,0.0115005839174503,1.31066832563821,0.945447346824246,0.067231920872206,0.874731879708009,0.284171464690216,0.5,0.5,0.391126550170724,43.4339708071159,40.6199582958798,43.433970807115855
P0097,Product P0097,P0007,Product P0007,100,697,2157,0.0032095516256379,0.0223705748306962,0.0692300285650095,0.143472022955524,2.07239583645121,0.0016608360910931,1.08667783934705,0.04424178412667,60.9847010116827,5.752007065615751e-15,9.55165861276527e-15,0.576923076923077,0.643904636025615,0.350946803287735,395.6885,39568.85,100,1.70480832293222,0.008681221949906,1.34799956872522,0.97237614646017,0.0342136230899148,0.941259166873284,0.245804591479113,0.5,0.5,0.400000781248409,43.4255554413303,40.607936344757604,43.42555544133032
P0089,Product P0089,P0071,Product P0071,122,1128,1212,0.0039156529832782,0.0362037423371955,0.0388997657027313,0.108156028368794,2.78037737284367,0.0025073358887992,1.0776551334864,0.0694201155425513,150.150332633561,1.60731390647062e-34,4.80432732043683e-34,0.692307692307692,0.541362969277966,0.449152929002827,459.573360655738,56067.95,122,2.14150613651792,0.0123010478754433,1.27347042789078,0.918614735518388,0.0372807570918707,0.808442224696516,0.30777032445553,0.5,0.5,0.534638589477704,43.4162520196554,40.59464574236482,43.416252019655374
P0009,"Borsec sparkling mineral water, 750 ml",P0018,"Hot pepper, 1 pc.",364,3139,2461,0.0116827679173219,0.100747825528774,0.0789870655069487,0.115960496973558,1.46809475993708,0.003724992822598,1.0418232797743,0.0458834427712517,65.5945305171498,5.53922763545653e-16,9.57733336019505e-16,0.961538461538462,0.401859265088752,0.685902276700783,454.77728021978,165538.93,364,2.10872156410646,0.0363184725530299,1.32755936598796,0.824859011790126,0.0421321799945388,0.576819796657152,0.371977783953353,0.5,0.5,0.859215218905512,43.410747401156,40.586782001651414,43.41074740115599
P0076,"Grilled pork neck, 150 g",P0165,"Honey lemonade, 500 ml",451,2088,3686,0.0144750778316269,0.0670154379433193,0.118304072921013,0.215996168582375,1.82577119493247,0.0065468785743468,1.12460665591993,0.081068168531434,204.76529794827,1.90544643408636e-46,8.12047679526649e-46,0.884615384615385,0.553603527570593,0.569395839361075,429.584035476718,193742.4,451,1.93650807278007,0.0425061829066923,1.34295083765474,0.834422270830986,0.100285362485323,0.60044571719757,0.369130342519711,0.5,0.5,0.699488203367504,43.3921104777271,40.56015782532446,43.392110477727115
P0091,Product P0091,P0570,Product P0570,127,606,1256,0.0040761305645601,0.0194498828513657,0.040311968418012,0.20957095709571,5.19872795400559,0.0032920675013218,1.21413558901604,0.121197398197876,457.659232292773,1.55340801135067e-101,1.78396646356167e-100,0.5,0.779648874801572,0.280954297827851,433.208661417323,55017.5,127,1.96128493238469,0.0120705840232646,1.30893081450614,0.944193997477381,0.10944442836392,0.871635494683626,0.28577936705711,0.5,0.5,0.304043044814177,43.3776162502349,40.53945178604984,43.37761625023488
P0071,Product P0071,P0089,Product P0089,122,1212,1128,0.0039156529832782,0.0388997657027313,0.0362037423371955,0.100660066006601,2.78037737284367,0.0025073358887992,1.07167070118103,0.0694201155425513,150.150332633561,1.60731390647062e-34,4.80432732043683e-34,0.692307692307692,0.541362969277966,0.449152929002827,459.573360655738,56067.95,122,2.14150613651792,0.0123010478754433,1.27347042789078,0.918614735518388,0.0345885940734814,0.808442224696516,0.30777032445553,0.5,0.5,0.534638589477704,43.3624087592876,40.517726798982274,43.36240875928759
P0579,Product P0579,P0165,"Honey lemonade, 500 ml",141,601,3686,0.0045254677921494,0.0192894052700838,0.118304072921013,0.234608985024958,1.9831015047267,0.0022434525844744,1.15195489603146,0.0505042326756994,79.4714594333479,4.89241887082851e-19,9.31523383608011e-19,0.538461538461538,0.749567851925439,0.307768308539134,453.172695035461,63897.35,141,2.09775309936362,0.0140187818792011,1.30675125815842,0.942621779910281,0.0719151394343069,0.867751349419563,0.307459859818311,0.5,0.5,0.340804291688712,43.3505698903307,40.50081412904391,43.35056989033073
P0047,Product P0047,P0072,"French fries, 180 g",107,305,5580,0.0034342202394325,0.0097891324581955,0.179092980710595,0.350819672131148,1.95886891121688,0.0016810553289234,1.26452848930944,0.0445307278889204,61.783886274861,3.83298193656301e-15,6.45336927899729e-15,0.538461538461538,0.750875140807085,0.307538513690547,396.068224299065,42379.3,107,1.70740400474893,0.0092978216294295,1.31949735321797,0.951816143976839,0.108573827198138,0.89046591920462,0.247859962635322,0.5,0.5,0.340489249479981,43.3428866755614,40.48983810794487,43.3428866755614
P0592,Product P0592,P0567,"Fried Romanian cheese doughnuts, 180 g",107,565,2807,0.0034342202394325,0.0181339666848541,0.0900921141316558,0.189380530973451,2.10207666674023,0.001800492843201,1.12248461902973,0.0471277570496066,69.2004910213999,8.89458995785286e-17,1.58821565368535e-16,0.5,0.762264453392536,0.2837258613697,390.127102803738,41743.6,107,1.6667922738846,0.0091583520013368,1.36298322139255,0.983184567158951,0.0525159566446502,0.967961244847517,0.24265627339545,0.5,0.5,0.30784277968739,43.3410972946262,40.48728184946606,43.34109729462624
P0082,"Tripe soup, 300/100 g",P0070,"Caru' cu Flori potatoes, 180 g",493,2454,4003,0.0158230895143948,0.078762396893154,0.128478351574285,0.200896495517522,1.56366028249799,0.0057038265955228,1.09062423520485,0.0632800707259304,124.764073557561,5.7320129025428e-29,1.49251219013704e-28,0.961538461538462,0.397835984325369,0.687876454978031,386.114381338742,190354.39,493,1.63936250926892,0.0417628692450999,1.31819873225089,0.819042923039669,0.090022486424462,0.562451216857396,0.331842005217268,0.5,0.5,0.861921761235404,43.3055317823366,40.436473974766514,43.30553178233656
P0567,"Fried Romanian cheese doughnuts, 180 g",P0082,"Tripe soup, 300/100 g",444,2807,2454,0.0142504092178323,0.0900921141316558,0.078762396893154,0.158175988599929,2.00826783896006,0.0071545383676514,1.09433514681376,0.0927671518388739,268.129180149464,2.90169287660192e-60,1.7394213892157701e-59,1.0,0.37173908115757,0.7290016109741,375.940878378378,166917.75,444,1.56981948368044,0.0366209792584047,1.3183236901305,0.81912056373562,0.0844397948172483,0.562643027296222,0.309031158241261,0.5,0.5,0.918303181702617,43.3053114241208,40.436159177315425,43.305311424120795
P0535,"Grilled minced-meat rolls with mustard, 40/20/30 g",P0082,"Tripe soup, 300/100 g",773,5898,2454,0.024809834066181,0.189299354880123,0.078762396893154,0.131061376737877,1.66400950082398,0.0099001631454946,1.06018719670716,0.093819310040533,274.245874911959,1.3476140106820102e-61,8.25981396434875e-61,0.961538461538462,0.438523068856249,0.668420606075486,312.538473479948,241592.24,773,1.1364195934557,0.0530042156093736,1.33877634851191,0.831828514892606,0.099329365638677,0.594037873235633,0.304164274987725,0.5,0.5,0.835248345148524,43.3031137287259,40.43301961246562,43.30311372872593
P0029,Product P0029,P0095,Product P0095,145,906,3929,0.0046538498571749,0.0290785377282794,0.126103283371313,0.160044150110375,1.26915133239729,0.0009869507740023,1.04040791756319,0.0176939138562231,9.75446492434035,0.0017888770253463,0.0020436280991129,0.538461538461538,0.770977283816929,0.304047682249775,471.973793103448,68436.2,145,2.22627178649897,0.0150145844928058,1.32066395703716,0.95265767074915,0.0286841731175224,0.892544901335115,0.32549913393919,0.5,0.5,0.335703418752405,43.2915983553606,40.416569079086564,43.29159835536059
P0569,Product P0569,P0076,"Grilled pork neck, 150 g",142,998,2088,0.0045575633084058,0.0320313252238662,0.0670154379433193,0.142284569138277,2.12316107310406,0.0024109700206235,1.08775536557543,0.0547581852078871,93.4229823041192,4.2231834564654797e-22,8.77617743048349e-22,0.653846153846154,0.629360663319778,0.401290008139733,446.788028169014,63443.9,142,2.0541094249088,0.0139192970548207,1.28907731680342,0.929872726137369,0.0413386733679362,0.836254959944239,0.30201055479248,0.5,0.5,0.469019884803878,43.2822826101319,40.40326087161697,43.28228261013188
P0095,Product P0095,P0018,"Hot pepper, 1 pc.",501,3929,2461,0.0160798536444459,0.126103283371313,0.0789870655069487,0.127513362178671,1.61435750727382,0.0061193253401546,1.0556183837874,0.0683438496665325,145.530663845087,1.64416754990619e-33,4.83500484352468e-33,0.961538461538462,0.439696660368856,0.667875732442216,374.080518962076,187414.34,501,1.55710262273335,0.041117835927381,1.34882727405621,0.838073506057933,0.066494734344237,0.609466051476674,0.32027404619689,0.5,0.5,0.834501338877671,43.2697100291327,40.38530004161818,43.269710029132725
P0537,Product P0537,P0599,Product P0599,296,1610,2260,0.0095002728118881,0.0516737811727702,0.0725358667394165,0.183850931677019,2.53462100808003,0.0057520703068183,1.13639060468001,0.100180967522565,312.698701388314,5.6407758239421696e-70,4.04874106836902e-69,0.807692307692308,0.530274117089286,0.52780890604659,468.638344594595,138716.95,296,2.20347165738867,0.030433854690344,1.36716570255284,0.849467812327812,0.0879861911034302,0.637615552958875,0.366513077455421,0.5,0.5,0.642473699316261,43.2670334235171,40.38147631931018,43.26703342351712
P0110,Product P0110,P0535,"Grilled minced-meat rolls with mustard, 40/20/30 g",201,614,5898,0.0064511987675321,0.0197066469814167,0.189299354880123,0.327361563517915,1.72933269490127,0.0027207432070996,1.20525471211526,0.049968732107658,77.7951090894398,1.14302843312199e-18,2.16500698009738e-18,0.615384615384615,0.618482657569751,0.380223175396054,391.676815920398,78727.04,201,1.67738564957304,0.017272347002734,1.278470600095,0.922221597339698,0.108144503324608,0.817352934991662,0.266913550251543,0.5,0.5,0.440137855640334,43.2495983277596,40.35656903965656,43.24959832775959
P0094,Product P0094,P0082,"Tripe soup, 300/100 g",124,1003,2454,0.0039798440157909,0.0321918028051481,0.078762396893154,0.123629112662014,1.56964639902623,0.0014443404665457,1.05119603630963,0.0303778470631062,28.7521030918474,8.22605426731542e-08,1.06840776257632e-07,0.576923076923077,0.737240566530122,0.332091644668069,466.506451612903,57846.8,124,2.18889867414433,0.0126913193052571,1.31931303079115,0.951683183451289,0.0205601884069605,0.890137441768399,0.314487858245235,0.5,0.5,0.374150894473196,43.2452187131439,40.35031244734835,43.24521871314384
P0627,"Chicken breast strips, 200 g",P0009,"Borsec sparkling mineral water, 750 ml",198,1085,3139,0.006354912218763,0.0348236351381712,0.100747825528774,0.182488479262673,1.8113391361539,0.0028465067015849,1.09998715817506,0.0515837879427736,82.9052618213047,8.60817331612974e-20,1.6770566228388501e-19,0.769230769230769,0.434597705455791,0.536199637226085,554.212878787879,109734.15,198,2.78843359668446,0.0240751629535425,1.3493625471918,0.838406089956611,0.0570182508184239,0.610287696140864,0.41774384321721,0.5,0.5,0.65397715337498,43.2407673372798,40.343953338971076,43.24076733727975
P0076,"Grilled pork neck, 150 g",P0082,"Tripe soup, 300/100 g",448,2088,2454,0.0143787912828578,0.0670154379433193,0.078762396893154,0.21455938697318,2.72413480844473,0.0091004947615975,1.17289275322384,0.13511235220666,568.781868875171,1.03345943713378e-125,1.5659781193235399e-124,1.0,0.476937540130767,0.677076702858715,412.91171875,184984.45,448,1.82254109864514,0.0405847293447066,1.2859176723629,0.798985572806648,0.125252054670157,0.51289976574308,0.350189736408366,0.5,0.5,0.847115607910683,43.2379872155389,40.33998173648412,43.23798721553888
P0074,Product P0074,P0071,Product P0071,102,805,1212,0.0032737426581506,0.0258368905863851,0.0388997657027313,0.126708074534161,3.25729659922514,0.0022686936678531,1.10054863244566,0.0739574727034495,170.419684948809,5.991061181134e-39,2.09495120147987e-38,0.5,0.601040165476832,0.31229697466777,497.891666666667,50784.95,102,2.40343862386346,0.0111419822073394,1.29991291773146,0.937688959999339,0.0472412890712436,0.855564875043185,0.335496332418299,0.5,0.5,0.347012964287513,43.2361795735297,40.33739939075669,43.23617957352968
P0091,Product P0091,P0567,"Fried Romanian cheese doughnuts, 180 g",133,606,2807,0.0042687036620984,0.0194498828513657,0.0900921141316558,0.219471947194719,2.43608388270248,0.0025164225964058,1.1657593632901,0.0636426243490607,126.197802885649,2.7831314875818e-29,7.334290949158799e-29,0.538461538461538,0.713029422665292,0.314332918826198,405.466541353383,53927.05,133,1.77164809117064,0.0118313443568282,1.32510039573606,0.955857884804208,0.0736955247850805,0.900450993040265,0.262648749999209,0.5,0.5,0.349804185885678,43.2339472153479,40.334210307639815,43.23394721534787
P0612,"Sour cream, 50 g",P0535,"Grilled minced-meat rolls with mustard, 40/20/30 g",650,2147,5898,0.0208620855666463,0.0689090734024457,0.189299354880123,0.302748020493712,1.59930825271661,0.0078176424261763,1.16270827326144,0.07878376357355,193.387803867445,5.79268717859494e-44,2.28979047530691e-43,1.0,0.525126652720047,0.655683249792082,319.660523076923,207779.34,650,1.18510379586803,0.0455858223614026,1.32224023284668,0.821554048547879,0.145156309848438,0.56865492329999,0.288897288452162,0.5,0.5,0.817785791563951,43.2320283476513,40.331469068073304,43.23202834765131
P0569,Product P0569,P0011,Product P0011,153,998,1889,0.0049106139872259,0.0320313252238662,0.0606284302082999,0.153306613226453,2.5286258064037,0.0029686050214114,1.10945896645221,0.0706443518488544,155.492885930845,1.09265776568316e-35,3.42554489184002e-35,0.576923076923077,0.607190799579426,0.358963650783745,469.320261437908,71806.0,153,2.2081330371188,0.0157539029649573,1.2832858101176,0.925695037149922,0.0547191616932446,0.825934027755923,0.325447522839302,0.5,0.5,0.410991651399449,43.2319307597639,40.33132965680554,43.23193075976388
P0612,"Sour cream, 50 g",P0095,Product P0095,461,2147,3929,0.0147960329941907,0.0689090734024457,0.126103283371313,0.214718211457848,1.70271705634823,0.0061063725840674,1.11284475124661,0.0726199250114117,164.311222369415,1.29352191092203e-37,4.39636263182534e-37,0.961538461538462,0.434027642658927,0.670515987931452,372.220238611714,171593.53,461,1.54438630225741,0.0376468236781675,1.33397270402372,0.828843842758888,0.0967330408382678,0.586664275347179,0.30892820729647,0.5,0.5,0.838121054141334,43.2277210110517,40.325315730073825,43.22772101105167
P0572,"Medium Capricciosa pizza, 550 g",P0160,Product P0160,348,1605,735,0.0111692396572199,0.0515133035914883,0.0235902044484386,0.216822429906542,9.19120605251446,0.0099540302936821,1.24672849789997,0.296716514514904,2743.08377788986,0.0,0.0,0.923076923076923,0.474816574516927,0.62589269677775,302.435057471264,105247.4,348,1.06735566132137,0.0230907908380087,1.33632029750663,0.830302484601964,0.220847976711193,0.590267833102354,0.211183215395168,0.5,0.5,0.776943789758234,43.2154184017567,40.307740573938055,43.21541840175664
P0092,Product P0092,P0070,"Caru' cu Flori potatoes, 180 g",116,471,4003,0.0037230798857399,0.0151169881567545,0.128478351574285,0.246284501061571,1.91693384950671,0.0017808741665921,1.15630055326341,0.0436168408752806,59.2739743689725,1.37178846237423e-14,2.24717899767309e-14,0.615384615384615,0.663379095592748,0.369960532157176,436.981896551724,50689.9,116,1.98707764002191,0.0111211286787092,1.29143242651839,0.931571578690641,0.0711395532679814,0.840451955472855,0.286141446620469,0.5,0.5,0.426068063330938,43.2153397405355,40.30762820076498,43.215339740535484
P0535,"Grilled minced-meat rolls with mustard, 40/20/30 g",P0165,"Honey lemonade, 500 ml",1094,5898,3686,0.0351124947844786,0.189299354880123,0.118304072921013,0.185486605629027,1.56788013336505,0.0127176101008398,1.08248180222978,0.100517438829498,314.802710388985,1.96341469119934e-70,1.43764122691173e-69,0.807692307692308,0.784247402655258,0.452679547965336,332.545914076782,363805.23,1094,1.27318447756754,0.079817178112748,1.34115136758567,0.833304197213378,0.146603090944279,0.597683529293312,0.39637113906422,0.5,0.5,0.539473483880826,43.2078900248445,40.296985749777825,43.207890024844474
P0057,Product P0057,P0535,"Grilled minced-meat rolls with mustard, 40/20/30 g",173,647,5898,0.0055525243123535,0.0207657990178772,0.189299354880123,0.267387944358578,1.41251376439136,0.0016215719546991,1.10658927719949,0.0290277776953363,26.2532582806608,2.99449171425189e-07,3.83900171592105e-07,0.576923076923077,0.743493986010075,0.330900525928022,447.460578034682,77410.68,173,2.05870677477933,0.0169835437313228,1.29018357393488,0.930670721976122,0.0745870676089114,0.838226399408276,0.311241959970341,0.5,0.5,0.372517904521366,43.2062875849642,40.294696549948895,43.20628758496423
P0481,Product P0481,P0072,"French fries, 180 g",121,371,5580,0.0038835574670218,0.0119074365311166,0.179092980710595,0.326145552560647,1.82109623317779,0.0017510191660419,1.21822601662548,0.0421014137764814,55.226687360924,1.07400586006683e-13,1.70807637512087e-13,0.461538461538462,0.787406886325508,0.258216786043203,427.288347107438,51701.89,121,1.92081543322121,0.0113431545854789,1.32189268954502,0.953544013896986,0.0990197348460054,0.894734601801541,0.27892566019394,0.5,0.5,0.272870562150988,43.1823055583396,40.260436511913724,43.18230555833961
P0525,Product P0525,P0535,"Grilled minced-meat rolls with mustard, 40/20/30 g",177,590,5898,0.005680906377379,0.0189363545912636,0.189299354880123,0.3,1.58479145473042,0.0020962666694716,1.15814377874268,0.0392595143404408,48.0225790398665,4.2133907685202695e-12,6.36677192306872e-12,0.576923076923077,0.587227969651061,0.363478396269635,355.231299435028,62875.94,177,1.42825499168637,0.0137946892681737,1.31439946120266,0.948138792212105,0.091508606810065,0.881381064321826,0.227558194197735,0.5,0.5,0.417181239192545,43.180769698518,40.25824242645424,43.18076969851796
P0601,Cornflake-crusted pike-perch with potatoes and sauce,P0612,"Sour cream, 50 g",136,952,2147,0.0043649902108675,0.0305549314760728,0.0689090734024457,0.142857142857143,2.07312529110387,0.0022594781949761,1.08627274769715,0.0518288583121384,83.6948853690999,5.773440687772281e-20,1.13084807726383e-19,0.692307692307692,0.656726934744642,0.417876765198123,524.470955882353,71328.05,136,2.58512670094482,0.015649042954344,1.24268716179327,0.896409302847763,0.0396554438211826,0.753583960834761,0.36978505184374,0.5,0.5,0.491759857485951,43.1780877048532,40.25441100693311,43.178087704853176
P0159,Product P0159,P0007,Product P0007,247,1626,2157,0.0079275925153256,0.0521873094328722,0.0692300285650095,0.151906519065191,2.19422875035426,0.0043146635925568,1.09748511497701,0.076424884276239,181.980650816784,1.7905096474532998e-41,6.66705128113157e-41,0.615384615384615,0.838551580782662,0.334711640302552,411.451417004049,101628.5,247,1.81255891236366,0.0222968209825665,1.30267121734914,0.939678652589199,0.0616162703240729,0.860480387508866,0.297161928062422,0.5,0.5,0.377742834051593,43.1626000584232,40.23228579774736,43.16260005842315
P0702,Product P0702,P0535,"Grilled minced-meat rolls with mustard, 40/20/30 g",125,359,5898,0.0040119395320473,0.0115222903360401,0.189299354880123,0.348189415041783,1.83935869861933,0.0018307774046935,1.24376722905143,0.0437902949283113,59.7463494461586,1.07905137680209e-14,1.77563356273164e-14,0.5,0.749291315410805,0.285830036195303,299.06,37382.5,125,1.04428477718233,0.0082015469123404,1.36832580161071,0.987038424152092,0.107996856759296,0.977482153849882,0.166240911962539,0.5,0.5,0.310727543591757,43.1416738873519,40.20239126764559,43.141673887351914
P0092,Product P0092,P0094,Product P0094,104,471,1003,0.0033379336906634,0.0151169881567545,0.0321918028051481,0.220806794055202,6.85909998243063,0.0028512905889134,1.24206447105933,0.132388183592151,546.077246891006,8.98160231995e-121,1.25627283731608e-119,0.692307692307692,0.636207512560376,0.423117292270803,372.924038461538,38784.1,104,1.54919726767966,0.008509051443935,1.27060305067696,0.916546360075021,0.127064569872788,0.803332327153854,0.226892655262765,0.5,0.5,0.498944471214416,43.1352357579323,40.19319393990328,43.13523575793229
P0110,Product P0110,P0095,Product P0095,218,614,3929,0.0069968225438906,0.0197066469814167,0.126103283371313,0.355048859934853,2.81554017026985,0.0045117496552946,1.35498127275256,0.0977838979233904,297.913596924668,9.382823210669811e-67,6.47889881192453e-66,0.730769230769231,0.562216765712162,0.467777101621424,478.164862385321,104239.94,218,2.26859208572793,0.0228697587922036,1.3616909096189,0.84606613221848,0.1442233447931,0.62921174170336,0.352779020960468,0.5,0.5,0.560171801007977,43.1260001592183,40.18000022745476,43.126000159218336
P0011,Product P0011,P0567,"Fried Romanian cheese doughnuts, 180 g",395,1889,2807,0.0126777289212697,0.0606284302082999,0.0900921141316558,0.209105346744309,2.32101720289007,0.0072155854673204,1.15047924792858,0.105602111930726,347.456820920061,1.51690566291525e-77,1.20798837827777e-76,0.923076923076923,0.531300405978562,0.602805902403611,447.60164556962,176802.65,395,2.05967107028601,0.0387896804173372,1.31308725706228,0.815866984937851,0.105559531776849,0.554605098613159,0.373176205210181,0.5,0.5,0.745292450588291,43.1197412178867,40.17105888269527,43.119741217886684
P0621,Product P0621,P0076,"Grilled pork neck, 150 g",105,633,2088,0.0033700292069197,0.0203164617902879,0.0670154379433193,0.165876777251185,2.47520246590765,0.0020085126225849,1.11852126473841,0.0569354769956779,101.00004358338,9.19814201531149e-24,2.03553203624845e-23,0.5,0.659606959916419,0.301276152773655,465.982857142857,48928.2,105,2.1853195388386,0.0107346198792584,1.31427019922861,0.948045549407635,0.0500232286929451,0.881150709054865,0.308516886428719,0.5,0.5,0.331903730582339,43.112853789354,40.1612196990771,43.11285378935397
P0092,Product P0092,P0567,"Fried Romanian cheese doughnuts, 180 g",149,471,2807,0.0047822319222004,0.0151169881567545,0.0900921141316558,0.316348195329087,3.51138607832859,0.0034203104998552,1.33095221814904,0.0979035569156205,298.643161872341,6.50703130448441e-67,4.5217650657277e-66,0.615384615384615,0.544535588672343,0.398426957525524,421.046644295302,62735.95,149,1.87814901831268,0.0137639761122248,1.24770609865361,0.900029700507237,0.129562101895687,0.762528111261094,0.280737090800555,0.5,0.5,0.465094723753692,43.1074933166836,40.15356188097663,43.107493316683644
P0612,"Sour cream, 50 g",P0089,Product P0089,581,2147,1128,0.0186474949449562,0.0689090734024457,0.0362037423371955,0.270610153702841,7.47464588556686,0.0161527286067992,1.32137328556963,0.341383316681261,3631.11681947584,0.0,0.0,1.0,0.479380170627583,0.675958769662148,262.011531841652,152228.7,581,0.791032521868898,0.0333982698978024,1.28492174846422,0.798366770496238,0.263396513040458,0.511371021812428,0.207689018730827,0.5,0.5,0.845582953259698,43.1049606042712,40.14994372038749,43.10496060427124
P0596,Product P0596,P0072,"French fries, 180 g",107,258,5580,0.0034342202394325,0.0082806431941457,0.179092980710595,0.414728682170543,2.31571712372538,0.001951215167592,1.40260934421633,0.056155521593658,98.2518112581862,3.68423248792693e-23,8.02294938987681e-23,0.384615384615385,0.710284769160173,0.224883827272956,485.239906542056,51920.67,107,2.31695497299974,0.0113911539015621,1.28399520786465,0.926206759455765,0.138182953640888,0.827198231777268,0.32596335165945,0.5,0.5,0.227172022696908,43.0986109685212,40.14087281217314,43.0986109685212
P0097,Product P0097,P0567,"Fried Romanian cheese doughnuts, 180 g",131,697,2807,0.0042045126295856,0.0223705748306962,0.0900921141316558,0.187948350071736,2.08617981588353,0.0021891002487478,1.1205049407248,0.0517008689473977,83.2820331838326,7.114328517387681e-20,1.38850311493201e-19,0.538461538461538,0.624713306157592,0.331419418072587,418.169847328244,54780.25,131,1.85848409406068,0.0120185324749478,1.31858747923227,0.951159808633338,0.0554887473848572,0.888844450351044,0.273460521706175,0.5,0.5,0.373229290909364,43.0881672979352,40.12595328276452,43.08816729793516
P0056,Product P0056,P0070,"Caru' cu Flori potatoes, 180 g",272,937,4003,0.008729980421735,0.0300734987322271,0.128478351574285,0.290288153681964,2.25943242674718,0.0048661868785471,1.22799366101488,0.0851477790624488,225.89274530914,4.68922187603707e-51,2.3044779579983997e-50,0.807692307692308,0.532073517490593,0.527189001357611,474.135147058824,128964.76,272,2.24104615615414,0.0282942694891654,1.34369559961246,0.834885017453247,0.11694234757688,0.601588927360672,0.36489608161691,0.5,0.5,0.641623827599731,43.0847854070866,40.12112201012364,43.08478540708654
P0074,Product P0074,P0058,Product P0058,111,805,2522,0.003562602304458,0.0258368905863851,0.0809448919985878,0.137888198757764,1.70348239837258,0.0014712379863638,1.06605095380567,0.0340001995810616,36.0179148488463,1.95511712070442e-09,2.66962800837111e-09,0.538461538461538,0.533581477672035,0.351113746678083,597.455405405405,66317.55,111,3.08402658434952,0.0145497625208716,1.44118592980908,0.89545916538616,0.0268593944047899,0.751236657256096,0.425736707683924,0.5,0.5,0.400229655893561,43.0789517458318,40.11278820833115,43.0789517458318
P0091,Product P0091,P0165,"Honey lemonade, 500 ml",150,606,3686,0.0048143274384568,0.0194498828513657,0.118304072921013,0.247524752475248,2.09227583094717,0.0025133270793037,1.17172748203918,0.0563503155035715,98.9346309929177,2.6097552863482e-23,5.70589783047272e-23,0.5,0.855807534925359,0.269424490735302,403.916,60587.4,150,1.76104905390349,0.0132925942191329,1.33142625603492,0.960421028445471,0.0801468345773372,0.911724186480114,0.265536480771452,0.5,0.5,0.288236006862686,43.0305101052049,40.04358586457846,43.030510105204925
P0094,Product P0094,P0612,"Sour cream, 50 g",118,1003,2147,0.0037872709182527,0.0321918028051481,0.0689090734024457,0.117647058823529,1.7072796514973,0.0015689636157957,1.05523638347723,0.0350922587268286,38.3688055588116,5.85610362359829e-10,8.23325908936306e-10,0.5,0.737280057059819,0.287806216371471,436.218644067797,51473.8,118,1.98186027416208,0.0112931126986271,1.34608107771999,0.970992247730553,0.0205772865798592,0.937840261112997,0.286011299881242,0.5,0.5,0.313436830468191,43.0229452561639,40.03277893737695,43.022945256163865
P0082,"Tripe soup, 300/100 g",P0076,"Grilled pork neck, 150 g",448,2454,2088,0.0143787912828578,0.078762396893154,0.0670154379433193,0.182559087204564,2.72413480844473,0.0091004947615975,1.14134801360274,0.13511235220666,568.781868875171,1.03345943713378e-125,1.5659781193235399e-124,1.0,0.476937540130767,0.677076702858715,412.91171875,184984.45,448,1.82254109864514,0.0405847293447066,1.2859176723629,0.798985572806648,0.1137591976557,0.51289976574308,0.350189736408366,0.5,0.5,0.847115607910683,43.0081300752498,40.011614393213925,43.008130075249746
P0061,Product P0061,P0058,Product P0058,146,683,2522,0.0046859453734313,0.0219212376031068,0.0809448919985878,0.213762811127379,2.64084373762718,0.0029115331631724,1.16892856380813,0.0729015549217717,165.588135973847,6.80509697744046e-38,2.32011275074611e-37,0.653846153846154,0.57298284809058,0.415672780310254,558.439726027397,81532.2,146,2.81732706109703,0.0178877860808219,1.3912127633325,0.864409091263694,0.0774528219256409,0.674527809272665,0.403623611883397,0.5,0.5,0.488738256821916,42.9994674298532,39.9992391855046,42.99946742985322
P0070,"Caru' cu Flori potatoes, 180 g",P0149,"Beck's draught beer, 0.4 L",815,4003,5044,0.0261578457489489,0.128478351574285,0.161889783997176,0.203597302023482,1.2576290918211,0.0053585131642746,1.05236988540129,0.0434740344683779,58.8864705543434,1.6703682077014e-14,2.7321914761652502e-14,0.961538461538462,0.484903153081854,0.647542878162006,338.637693251534,275989.72,815,1.31482605929997,0.0605508629948158,1.30491286969986,0.810787952500956,0.107767254300418,0.542057407887269,0.346681645755033,0.5,0.5,0.806625573334541,42.9963818921998,39.994831274571155,42.99638189219981
P0537,Product P0537,P0152,"Stella Artois draught beer, 0.4 L",205,1610,2832,0.0065795808325576,0.0516737811727702,0.0908945020380653,0.127329192546584,1.40084592237779,0.0018827182244347,1.04175078414143,0.0295866215952874,27.2738463039599,1.76583817466745e-07,2.27453299712183e-07,0.5,1.09515967270726,0.238645295875671,437.62487804878,89713.1,205,1.99147286936198,0.0196826375523705,1.34641958452811,0.97123642877724,0.0269955345251762,0.938443507556689,0.310933578631363,0.5,0.5,0.246038605175287,42.9878384660174,39.9826263800249,42.98783846601742
P0157,Product P0157,P0009,"Borsec sparkling mineral water, 750 ml",105,519,3139,0.0033700292069197,0.0166575729370607,0.100747825528774,0.202312138728324,2.00810427090105,0.0016918149549239,1.12732337814147,0.0439173392213923,60.0935242443251,9.045546049591831e-15,1.4929940605302102e-14,0.423076923076923,0.865970079255892,0.226732962002069,534.779523809524,56151.85,105,2.65559299027829,0.0123194551458491,1.30272177422907,0.939715121669174,0.0551917119379368,0.860570483947956,0.368688695616642,0.5,0.5,0.229707133874907,42.9860891687998,39.980127383999665,42.986089168799765
P0074,Product P0074,P0009,"Borsec sparkling mineral water, 750 ml",180,805,3139,0.0057771929261482,0.0258368905863851,0.100747825528774,0.22360248447205,2.21942740003047,0.003174182381145,1.15823680071894,0.0664717825116595,137.667138144232,8.61760068200655e-32,2.4231449340384404e-31,0.807692307692308,0.473547009635371,0.548127954120833,546.586388888889,98385.55,180,2.73630119113427,0.0215853328113801,1.33018209291409,0.826488603653143,0.0785174392067914,0.580845684453817,0.404512906730399,0.5,0.5,0.670330536943258,42.9808259772527,39.97260853893246,42.98082597725272
P0089,Product P0089,P0076,"Grilled pork neck, 150 g",173,1128,2088,0.0055525243123535,0.0362037423371955,0.0670154379433193,0.153368794326241,2.28855915939784,0.0031263146644393,1.10199642513082,0.0669327514838732,139.583148792989,3.2837524202707005e-32,9.32961950655035e-32,0.807692307692308,0.512404768880064,0.534045068034534,420.128612716763,72682.25,173,1.87187362882234,0.0159461481460431,1.23105899349366,0.888021352477528,0.0533682352577276,0.732861626733235,0.28618053092169,0.5,0.5,0.651023300226651,42.9584408605196,39.94062980074223,42.95844086051956
P0091,Product P0091,P0095,Product P0095,116,606,3929,0.0037230798857399,0.0194498828513657,0.126103283371313,0.191419141914191,1.51795525696627,0.0012703857969953,1.08077838832038,0.0277107950120464,23.9250914073406,1.00157802019129e-06,1.26034788930646e-06,0.461538461538462,0.654990573340467,0.278876791791559,543.095862068966,62999.12,116,2.71244099303919,0.0138217143881807,1.28247779665369,0.925112178641243,0.0429398056879789,0.82449408257055,0.37967819431711,0.5,0.5,0.301194843062273,42.9541900821355,39.93455726019358,42.954190082135504
P0076,"Grilled pork neck, 150 g",P0018,"Hot pepper, 1 pc.",400,2088,2461,0.0128382065025516,0.0670154379433193,0.0789870655069487,0.191570881226054,2.42534495991879,0.0075448537157457,1.13926244503643,0.111870430829705,389.929646061901,8.5741958978354e-87,7.92749807164273e-86,1.0,0.481168588886306,0.675142591804423,421.232,168492.8,400,1.87941605451102,0.0369665379145749,1.29417741355441,0.804117638559357,0.102651111754981,0.525578474660579,0.346666024144762,0.5,0.5,0.844463996605118,42.9425521772576,39.917931681796595,42.94255217725761
P0095,Product P0095,P0572,"Medium Capricciosa pizza, 550 g",393,3929,1605,0.0126135378887569,0.126103283371313,0.0515133035914883,0.100025451768898,1.94174018739162,0.006117541168567,1.05390391125256,0.0833697168431306,216.557030302398,5.09811313630779e-49,2.38714224536987e-48,0.923076923076923,0.388814144686764,0.664651153365893,393.874045801527,154792.5,393,1.6924052563341,0.0339607557126585,1.34914390904557,0.838270242438327,0.0555724893772022,0.60995208642258,0.316003214637828,0.5,0.5,0.83008053257728,42.931361134525,39.90194447789286,42.931361134525005
P0612,"Sour cream, 50 g",P0070,"Caru' cu Flori potatoes, 180 g",464,2147,4003,0.0148923195429598,0.0689090734024457,0.128478351574285,0.216115510013973,1.68211614926439,0.0060389953837022,1.11179856159834,0.0712486069928448,158.164273098799,2.8493553047295298e-36,9.22447073430242e-36,0.961538461538462,0.417414578707913,0.678374891850612,361.407564655172,167693.11,464,1.47047409477398,0.0367910896419786,1.32789980524401,0.825070538593007,0.0968398211235328,0.577342371170263,0.297751252496904,0.5,0.5,0.848895388135835,42.9276227771724,39.89660396738907,42.927622777172346
P0612,"Sour cream, 50 g",P0570,Product P0570,221,2147,1256,0.0070931090926597,0.0689090734024457,0.040311968418012,0.102934326967862,2.55344333227522,0.0043152487019458,1.0698079978227,0.0866142873399817,233.740897372912,9.11052060624284e-53,4.6664685358736806e-52,0.807692307692308,0.477711538631136,0.546583204216234,365.298190045249,80730.9,221,1.49706924711349,0.0177119845817017,1.25016368819029,0.901802476625792,0.0480781453017066,0.766907734100338,0.246811049357856,0.5,0.5,0.668212728711814,42.9180658623161,39.88295123188021,42.91806586231615
P0071,Product P0071,P0535,"Grilled minced-meat rolls with mustard, 40/20/30 g",393,1212,5898,0.0126135378887569,0.0388997657027313,0.189299354880123,0.324257425742574,1.71293465816571,0.0052498373362419,1.19971817080011,0.0693079712561275,149.66560566495,2.05140260125517e-34,6.11497332778522e-34,0.884615384615385,0.513465420902677,0.584496594634962,393.757404580153,154746.66,393,1.69160793180643,0.0339506986295191,1.33620123842393,0.830228509034605,0.129445473113139,0.590085077321204,0.315880302362853,0.5,0.5,0.720190909821698,42.9101261541609,39.87160879165843,42.9101261541609
P0593,Product P0593,P0535,"Grilled minced-meat rolls with mustard, 40/20/30 g",108,300,5898,0.0034663157556889,0.0096286548769136,0.189299354880123,0.36,1.9017497456765,0.0016436175991258,1.26671975799981,0.0429649304653308,57.5153624308449,3.35349781317041e-14,5.4282880032179803e-14,0.5,0.939752518337121,0.257764841273995,386.779351851852,41772.17,108,1.64390804895067,0.0091646201266705,1.32934602176265,0.958920456611227,0.110993105370005,0.908017041168085,0.239964626731977,0.5,0.5,0.272250958712569,42.902005052527,39.86000721789576,42.90200505252703
P0007,Product P0007,P0159,Product P0159,247,2157,1626,0.0079275925153256,0.0692300285650095,0.0521873094328722,0.114510894761242,2.19422875035426,0.0043146635925568,1.07038323222686,0.076424884276239,181.980650816784,1.7905096474532998e-41,6.66705128113157e-41,0.615384615384615,0.838551580782662,0.334711640302552,411.451417004049,101628.5,247,1.81255891236366,0.0222968209825665,1.30267121734914,0.939678652589199,0.0481856910420272,0.860480387508866,0.297161928062422,0.5,0.5,0.377742834051593,42.8939884727822,39.84855496111748,42.89398847278223
P0007,Product P0007,P0018,"Hot pepper, 1 pc.",266,2157,2461,0.0085374073241968,0.0692300285650095,0.0789870655069487,0.123319425127492,1.5612610031277,0.0030691305228844,1.05056842924459,0.0448266275515464,62.6077026334071,2.5226492952983e-15,4.28693205789789e-15,0.807692307692308,0.56917910018255,0.514722830299196,286.605563909774,76237.08,266,0.959149974441613,0.0167260613409978,1.30510996166007,0.941437834750888,0.0371057808284567,0.86482642663534,0.18032810494923,0.5,0.5,0.624533061253996,42.8905368608005,39.84362408685785,42.890536860800495
P0569,Product P0569,P0599,Product P0599,126,998,2260,0.0040440350483037,0.0320313252238662,0.0725358667394165,0.12625250501002,1.74055278698991,0.0017206151103784,1.06147844609411,0.0376739071684211,44.2218554765488,2.9318953677489e-11,4.3167312364562094e-11,0.615384615384615,0.635701480024635,0.376220614152252,490.007142857143,61740.9,126,2.34954237562183,0.0135456667627933,1.27753161523824,0.921544262941539,0.025477674439257,0.815679588217114,0.335929604759785,0.5,0.5,0.434650457891517,42.8882419272383,39.840345610340414,42.88824192723828
P0599,Product P0599,P0537,Product P0537,296,2260,1610,0.0095002728118881,0.0725358667394165,0.0516737811727702,0.130973451327434,2.53462100808003,0.0057520703068183,1.09125114793765,0.100180967522565,312.698701388314,5.6407758239421696e-70,4.04874106836902e-69,0.807692307692308,0.530274117089286,0.52780890604659,468.638344594595,138716.95,296,2.20347165738867,0.030433854690344,1.36716570255284,0.849467812327812,0.068995327726002,0.637615552958875,0.366513077455421,0.5,0.5,0.642473699316261,42.8872161559686,39.838880222812236,42.88721615596856
P0140,Product P0140,P0058,Product P0058,109,931,2522,0.0034984112719453,0.0298809256346888,0.0809448919985878,0.117078410311493,1.44639652263092,0.0010797029736275,1.04092494592374,0.0232503369791086,16.8427940315391,4.06072161727054e-05,4.92797250772209e-05,0.576923076923077,0.696741348296742,0.340018281220185,680.132568807339,74134.45,109,3.64918296287954,0.0162647540826739,1.40154068190421,0.870826187873588,0.013568835395133,0.690381172018334,0.497511333469852,0.5,0.5,0.385018087983132,42.8794076974977,39.82772528213957,42.8794076974977
P0699,Product P0699,P0535,"Grilled minced-meat rolls with mustard, 40/20/30 g",147,354,5898,0.0047180408896877,0.0113618127547582,0.189299354880123,0.415254237288136,2.19363788931611,0.0025672570649432,1.38641559600211,0.0618332432869638,119.124115183066,9.83773371772882e-28,2.4730339829590198e-27,0.5,0.6863945464036,0.296490522378822,423.758979591837,62292.57,147,1.89668973173915,0.0136667005990838,1.2719870551504,0.917544708270217,0.142824021878173,0.805798734790683,0.282656475434684,0.5,0.5,0.325342767275172,42.8790123148225,39.82716044974645,42.87901231482252
P0697,Product P0697,P0072,"French fries, 180 g",231,811,5580,0.0074140642552235,0.0260294636839234,0.179092980710595,0.284833538840937,1.59042268273604,0.0027523700177715,1.14785447007536,0.0450832308543234,63.3265309717603,1.7512955752446302e-15,2.9900836816774504e-15,0.846153846153846,0.444368876561347,0.585829464955178,393.036103896104,90791.34,231,1.68667733591205,0.0199191984015047,1.38394376511882,0.859892608734288,0.0925755224835972,0.663369891568456,0.275517439919125,0.5,0.5,0.722018237162646,42.84943945105,39.78491350150003,42.84943945105002
P0573,Product P0573,P0572,"Medium Capricciosa pizza, 550 g",114,458,1605,0.0036588888532272,0.0146997464454216,0.0515133035914883,0.248908296943231,4.83192262171979,0.0029016563518663,1.26281077603226,0.109076560433483,370.696515393627,1.31990141991464e-82,1.1520099593015e-81,0.5,0.814877489373444,0.275500689676093,347.31447368421,39593.85,114,1.37413793702844,0.0086867068338171,1.33687431057019,0.964350969075734,0.115616759853288,0.921433059225529,0.206669858679571,0.5,0.5,0.296566302980127,42.840056584969,39.771509407098605,42.84005658496902
P0142,Product P0142,P0082,"Tripe soup, 300/100 g",143,813,2454,0.0045896588246621,0.0260936547164361,0.078762396893154,0.175891758917589,2.23319459355963,0.0025344600354933,1.11785995720278,0.0590220247268956,108.53850659498,2.0483201213178701e-25,4.805843553457621e-25,0.615384615384615,0.671054125977761,0.368261330269326,397.166783216783,56794.85,143,1.71491342517403,0.0124605263600438,1.30597882313913,0.94206458582441,0.0557878598303464,0.866374807893069,0.257715274487021,0.5,0.5,0.423738505818579,42.8349439023945,39.764205574849306,42.834943902394514
P0482,Product P0482,P0070,"Caru' cu Flori potatoes, 180 g",189,713,4003,0.0060660525724556,0.0228841030907982,0.128478351574285,0.26507713884993,2.06320470026162,0.0031259407300938,1.18586819718995,0.0624721833444468,121.598719916103,2.82584346899851e-28,7.18646905519202e-28,0.730769230769231,0.556995293143679,0.46934581882631,387.800793650794,73294.35,189,1.65089031980052,0.0160804400437237,1.24417408294026,0.897481889730246,0.0916212267533607,0.756233774287472,0.260397552003688,0.5,0.5,0.562322467727181,42.7882757381622,39.69753676880317,42.78827573816221
P0018,"Hot pepper, 1 pc.",P0007,Product P0007,266,2461,2157,0.0085374073241968,0.0789870655069487,0.0692300285650095,0.108086143843966,1.5612610031277,0.0030691305228844,1.04356487457928,0.0448266275515464,62.6077026334071,2.5226492952983e-15,4.28693205789789e-15,0.807692307692308,0.56917910018255,0.514722830299196,286.605563909774,76237.08,266,0.959149974441613,0.0167260613409978,1.30510996166007,0.941437834750888,0.0316347719654626,0.86482642663534,0.18032810494923,0.5,0.5,0.624533061253996,42.7811166835406,39.68730954791516,42.78111668354062
P0049,Product P0049,P0567,"Fried Romanian cheese doughnuts, 180 g",152,831,2807,0.0048785184709696,0.0266713740090509,0.0900921141316558,0.182912154031288,2.03027929574379,0.0024756379996981,1.11359860553254,0.0536651804112624,89.7306516451797,2.7289413910259e-21,5.54427385029658e-21,0.653846153846154,0.652645123359004,0.395636149954087,486.562171052632,73957.45,152,2.32599357799665,0.016225921104583,1.24724486690414,0.899696992128412,0.0557057888418438,0.761706159070145,0.340739986361668,0.5,0.5,0.461268605862655,42.7757247440997,39.67960677728527,42.77572474409969
P0110,Product P0110,P0165,"Honey lemonade, 500 ml",122,614,3686,0.0039156529832782,0.0197066469814167,0.118304072921013,0.198697068403909,1.67954545856229,0.00158427638176,1.1003278439563,0.0352928950667469,38.8087990933888,4.67416119535722e-10,6.60558272556312e-10,0.423076923076923,0.799386723141217,0.235122843597707,472.832786885246,57685.6,122,2.23214361125595,0.0126559527737981,1.32414896118648,0.955171569851003,0.0498920707295259,0.898755459908638,0.31950765248104,0.5,0.5,0.241209423178297,42.7751978941671,39.67885413452435,42.77519789416704
P0094,Product P0094,P0165,"Honey lemonade, 500 ml",272,1003,3686,0.008729980421735,0.0321918028051481,0.118304072921013,0.271186440677966,2.29228321546484,0.0049215590352159,1.20976883017814,0.086332861509436,232.224430255927,1.95092855311397e-52,9.89982814626673e-52,0.692307692307692,0.791149598418268,0.386515840396054,384.757352941176,104654.0,272,1.63008626873074,0.0229606016334937,1.25492888887626,0.90523984232504,0.110736359523974,0.775399706191839,0.277439577632737,0.5,0.5,0.448764920574951,42.7591620727205,39.65594581817215,42.7591620727205
P0070,"Caru' cu Flori potatoes, 180 g",P0082,"Tripe soup, 300/100 g",493,4003,2454,0.0158230895143948,0.128478351574285,0.078762396893154,0.123157631776168,1.56366028249799,0.0057038265955228,1.05063080491074,0.0632800707259304,124.764073557561,5.7320129025428e-29,1.49251219013704e-28,0.961538461538462,0.397835984325369,0.687876454978031,386.114381338742,190354.39,493,1.63936250926892,0.0417628692450999,1.31819873225089,0.819042923039669,0.0621026965504319,0.562451216857396,0.331842005217268,0.5,0.5,0.861921761235404,42.747135984856,39.63876569265137,42.74713598485596
P0601,Cornflake-crusted pike-perch with potatoes and sauce,P0094,Product P0094,103,952,1003,0.003305838174407,0.0305549314760728,0.0321918028051481,0.108193277310924,3.36089525541024,0.0023222198456044,1.08522191252002,0.0764423051324799,182.063624317175,1.71735972033237e-41,6.41657347562538e-41,0.538461538461538,0.912058653928186,0.281613504562377,505.611650485437,52078.0,103,2.45621012590587,0.0114256713729918,1.29668324914985,0.93535924657614,0.042282914106329,0.84980934505249,0.342548558695757,0.5,0.5,0.304946798518546,42.742284342277,39.6318347746814,42.742284342276974
P0018,"Hot pepper, 1 pc.",P0076,"Grilled pork neck, 150 g",400,2461,2088,0.0128382065025516,0.0789870655069487,0.0670154379433193,0.16253555465258,2.42534495991879,0.0075448537157457,1.11405871286826,0.111870430829705,389.929646061901,8.5741958978354e-87,7.92749807164273e-86,1.0,0.481168588886306,0.675142591804423,421.232,168492.8,400,1.87941605451102,0.0369665379145749,1.29417741355441,0.804117638559357,0.0922231201708444,0.525578474660579,0.346666024144762,0.5,0.5,0.844463996605118,42.7339923455749,39.61998906510698,42.73399234557488
P0029,Product P0029,P0070,"Caru' cu Flori potatoes, 180 g",165,906,4003,0.0052957601823025,0.0290785377282794,0.128478351574285,0.182119205298013,1.4175088882014,0.0015597975887825,1.06558517337881,0.0277418771832225,23.9787932838139,9.74026525385941e-07,1.2270934632749e-06,0.576923076923077,0.658421038229961,0.347874914526428,370.736060606061,61171.45,165,1.53424090500072,0.0134207320770651,1.3284962145214,0.958307450264889,0.042884773248347,0.906502616099448,0.239046413423623,0.5,0.5,0.395789309031833,42.7265691457467,39.60938449392384,42.72656914574669
P0165,"Honey lemonade, 500 ml",P0076,"Grilled pork neck, 150 g",451,3686,2088,0.0144750778316269,0.118304072921013,0.0670154379433193,0.122354856212697,1.82577119493247,0.0065468785743468,1.06305443454124,0.081068168531434,204.76529794827,1.90544643408636e-46,8.12047679526649e-46,0.884615384615385,0.553603527570593,0.569395839361075,429.584035476718,193742.4,451,1.93650807278007,0.0425061829066923,1.34295083765474,0.834422270830986,0.0666542333555174,0.60044571719757,0.369130342519711,0.5,0.5,0.699488203367504,42.719487895131,39.59926842161573,42.71948789513101
P0094,Product P0094,P0601,Cornflake-crusted pike-perch with potatoes and sauce,103,1003,952,0.003305838174407,0.0321918028051481,0.0305549314760728,0.102691924227318,3.36089525541024,0.0023222198456044,1.08039267081055,0.0764423051324799,182.063624317175,1.71735972033237e-41,6.41657347562538e-41,0.538461538461538,0.912058653928186,0.281613504562377,505.611650485437,52078.0,103,2.45621012590587,0.0114256713729918,1.29668324914985,0.93535924657614,0.0403071118534408,0.84980934505249,0.342548558695757,0.5,0.5,0.304946798518546,42.7027682972192,39.575383281741736,42.702768297219215
P0149,"Beck's draught beer, 0.4 L",P0070,"Caru' cu Flori potatoes, 180 g",815,5044,4003,0.0261578457489489,0.161889783997176,0.128478351574285,0.16157811260904,1.2576290918211,0.0053585131642746,1.03947864617151,0.0434740344683779,58.8864705543434,1.6703682077014e-14,2.7321914761652502e-14,0.961538461538462,0.484903153081854,0.647542878162006,338.637693251534,275989.72,815,1.31482605929997,0.0605508629948158,1.30491286969986,0.810787952500956,0.092676128926737,0.542057407887269,0.346681645755033,0.5,0.5,0.806625573334541,42.6945593847262,39.56365626389455,42.69455938472618
P0152,"Stella Artois draught beer, 0.4 L",P0095,Product P0095,410,2832,3929,0.0131591616651154,0.0908945020380653,0.126103283371313,0.144774011299435,1.14805901503092,0.0016970665177148,1.02183133835361,0.0177840087992663,9.85405458027251,0.0016945786177263,0.0019379300544438,0.538461538461538,1.03597500160092,0.264473551020095,424.911365853659,174213.66,410,1.90456709980066,0.0382216680334522,1.29500698969384,0.934150080973924,0.0438346957728074,0.846822115456795,0.353202100272041,0.5,0.5,0.281448409173876,42.6916623217716,39.55951760253089,42.69166232177162
P0160,Product P0160,P0009,"Borsec sparkling mineral water, 750 ml",123,735,3139,0.0039477484995346,0.0235902044484386,0.100747825528774,0.16734693877551,1.66104764938789,0.0015710866975752,1.07998422914437,0.0343921753340577,36.8531764611664,1.27368405093502e-09,1.75675006266765e-09,0.615384615384615,0.596616719823148,0.385430396502913,499.460975609756,61433.7,123,2.41416595076459,0.0134782685092931,1.25699393826527,0.9067294605814,0.0382606595362811,0.779079790816751,0.343389749722114,0.5,0.5,0.447276807835909,42.687372079862,39.553388685517156,42.68737207986201
P0049,Product P0049,P0007,Product P0007,108,831,2157,0.0034663157556889,0.0266713740090509,0.0692300285650095,0.129963898916967,1.87727640174129,0.0016198557711742,1.06980614974063,0.0396054969896523,48.8727266222303,2.73122295251536e-12,4.1558776027814e-12,0.5,0.889607859418782,0.264605165303341,499.551388888889,53951.55,108,2.41478398891809,0.0118367195430611,1.31220554319954,0.946556214900491,0.0269921776652743,0.8774713254291,0.338809156295585,0.5,0.5,0.281628848616924,42.6817416739684,39.54534524852632,42.68174167396842
P0091,Product P0091,P0082,"Tripe soup, 300/100 g",100,606,2454,0.0032095516256379,0.0194498828513657,0.078762396893154,0.165016501650165,2.09511782474091,0.0016776322329732,1.10330037051927,0.0450980826833274,63.3682613317681,1.7145847920538501e-15,2.93659655907497e-15,0.423076923076923,0.581359374185377,0.267540022833119,466.1285,46612.85,100,2.1863151098804,0.0102266428407112,1.3200898963121,0.952243573468547,0.0424171426986111,0.891521878806317,0.307194651343419,0.5,0.5,0.285652454908256,42.6791980060495,39.54171143721357,42.6791980060495
P0613,Product P0613,P0082,"Tripe soup, 300/100 g",291,1844,2454,0.0093397952306062,0.0591841319767628,0.078762396893154,0.157809110629067,2.00360980434794,0.0046783111380756,1.09385842893047,0.0736018708125176,168.784802955954,1.36327380757247e-38,4.75185854332768e-38,1.0,0.415175317662831,0.706626230346856,416.871786941581,121309.69,291,1.84961094122072,0.0266147826778968,1.31743970730148,0.818571314322399,0.0649649908253288,0.561286112991362,0.313790123704996,0.5,0.5,0.887627170567749,42.6770962561112,39.53870893730175,42.67709625611123
P0092,Product P0092,P0535,"Grilled minced-meat rolls with mustard, 40/20/30 g",153,471,5898,0.0049106139872259,0.0151169881567545,0.189299354880123,0.32484076433121,1.71601622486733,0.0020489778814218,1.20075472909265,0.042865459580683,57.2493556540932,3.83914863693262e-14,6.19602243031582e-14,0.615384615384615,0.73663782728394,0.354354031517937,393.721895424837,60239.45,153,1.69136520183363,0.0132162556048575,1.2820131436953,0.924777002381842,0.100694667503792,0.823666033509262,0.25706972382179,0.5,0.5,0.404671994349537,42.6753284401923,39.53618348598893,42.675328440192246
P0118,Product P0118,P0076,"Grilled pork neck, 150 g",108,936,2088,0.0034663157556889,0.0300414032159707,0.0670154379433193,0.115384615384615,1.7217617152962,0.0014530779627388,1.05467820058581,0.034042978618282,36.108607319082,1.86620714056845e-09,2.55461981224615e-09,0.384615384615385,0.963650451330502,0.195867540658666,555.075925925926,59948.2,108,2.7943331289733,0.0131523567072926,1.31550125736829,0.948933570144216,0.0186755582891353,0.883344553984828,0.387476333788003,0.5,0.5,0.187391518128029,42.6638441025196,39.519777289313744,42.66384410251962
P0613,Product P0613,P0152,"Stella Artois draught beer, 0.4 L",199,1844,2832,0.0063870077350194,0.0591841319767628,0.0908945020380653,0.107917570498915,1.18728380792186,0.0010074955304364,1.01908239406797,0.0148529329524172,6.87353384587338,0.0087481495256332,0.0097889550076573,0.538461538461538,1.10825686355438,0.255406040777084,436.810301507538,86925.25,199,1.98590466758604,0.0190709962079026,1.34017646180846,0.966732967683591,0.0127404445089535,0.927317759158489,0.308540327729066,0.5,0.5,0.269017110246989,42.6621417304001,39.51734532914294,42.66214173040006
P0094,Product P0094,P0072,"French fries, 180 g",403,1003,5580,0.0129344930513207,0.0321918028051481,0.179092980710595,0.401794616151545,2.24349728592002,0.007169167132499,1.37228290057879,0.10592906543171,349.61166580411,5.148787998753939e-78,4.16098348640041e-77,0.884615384615385,0.506351367549307,0.587256999709551,388.101811414392,156405.03,403,1.65294798726452,0.0343145373067883,1.29942485236228,0.807378055607649,0.174996947549552,0.533633297162244,0.3123345698032,0.5,0.5,0.723975346753319,42.6590497578331,39.51292822547587,42.6590497578331
P0573,Product P0573,P0095,Product P0095,107,458,3929,0.0034342202394325,0.0146997464454216,0.126103283371313,0.233624454148472,1.85264370524406,0.0015805339479391,1.14029827981749,0.039561373233449,48.7638908691862,2.8870651571722397e-12,4.3868914853410995e-12,0.461538461538462,0.860444088554297,0.248079726973742,449.458411214953,48092.05,107,2.07236336528885,0.0105511724519661,1.32172190725015,0.953420820512049,0.0639558032277211,0.89443025397292,0.294623177524545,0.5,0.5,0.258972942169901,42.6499141162028,39.499877308861045,42.64991411620273
P0570,Product P0570,P0535,"Grilled minced-meat rolls with mustard, 40/20/30 g",364,1256,5898,0.0116827679173219,0.040311968418012,0.189299354880123,0.289808917197452,1.53095565159732,0.0040517383018443,1.14152467519122,0.0525841089072607,86.1518626926928,1.66634890765946e-20,3.3235587902312e-20,0.807692307692308,0.573141268863091,0.513426431356687,422.0,153608.0,364,1.88466587297179,0.0337008819129483,1.35920612006103,0.844522245661147,0.107426120130169,0.625397587870326,0.338029498732606,0.5,0.5,0.6227557351357,42.644621486019,39.49231640859859,42.64462148601901
P0007,Product P0007,P0535,"Grilled minced-meat rolls with mustard, 40/20/30 g",602,2157,5898,0.0193215007863401,0.0692300285650095,0.189299354880123,0.279091330551692,1.47433851915888,0.0062163010406513,1.12455388522416,0.0625113351196219,121.751181293463,2.61681935131439e-28,6.67044372028973e-28,0.846153846153846,0.71043009000512,0.4947023857323,342.323338870432,206078.65,602,1.34002003118789,0.0452126988726486,1.37601686703924,0.854967350034751,0.126030731274314,0.651202097077155,0.306181059850416,0.5,0.5,0.597085600551973,42.6391337695574,39.484476813653465,42.639133769557425
P0600,Product P0600,P0165,"Honey lemonade, 500 ml",111,540,3686,0.003562602304458,0.0173315787784447,0.118304072921013,0.205555555555556,1.73751884005547,0.0015122059448166,1.10982704107845,0.0358780732930433,40.1064165143362,2.40497725555031e-10,3.42536577781383e-10,0.5,0.64482839757319,0.303983078561696,384.801621621622,42712.98,111,1.63038887619928,0.0093710294719684,1.3375502434842,0.964838551607239,0.0520752573636195,0.922637626214358,0.238949168745249,0.5,0.5,0.3356148489315,42.6293895357795,39.47055647968504,42.629389535779524
P0567,"Fried Romanian cheese doughnuts, 180 g",P0011,Product P0011,395,2807,1889,0.0126777289212697,0.0900921141316558,0.0606284302082999,0.140719629497684,2.32101720289007,0.0072155854673204,1.09320729535875,0.105602111930726,347.456820920061,1.51690566291525e-77,1.20798837827777e-76,0.923076923076923,0.531300405978562,0.602805902403611,447.60164556962,176802.65,395,2.05967107028601,0.0387896804173372,1.31308725706228,0.815866984937851,0.0809989096630108,0.554605098613159,0.373176205210181,0.5,0.5,0.745292450588291,42.6285287756099,39.46932682229989,42.62852877560992
P0074,Product P0074,P0007,Product P0007,102,805,2157,0.0032737426581506,0.0258368905863851,0.0692300285650095,0.126708074534161,1.83024732418214,0.0014850539848241,1.0658176771055,0.0368754935389535,42.3673516537108,7.56422543554504e-11,1.09887749003724e-10,0.461538461538462,0.841175551100253,0.250675966918339,436.821078431373,44555.75,102,1.98597833541638,0.0097753246529663,1.34942885244549,0.9734071567278,0.0240267599880383,0.94380626578123,0.282195958022738,0.5,0.5,0.262532313372386,42.625902809564,39.465575442234254,42.625902809563975
P0156,Product P0156,P0159,Product P0159,144,1346,1626,0.0046217543409185,0.0432005648810861,0.0521873094328722,0.106983655274889,2.04999369458776,0.0023672330937944,1.06136096630895,0.0523530686298405,85.3964701195933,2.44156075751148e-20,4.8343789227677505e-20,0.538461538461538,0.761038403466081,0.305763654785572,429.081597222222,61787.75,144,1.93307355504069,0.0135559454352428,1.32354380226593,0.954735039964193,0.0274495558426823,0.897677017886389,0.286650210778704,0.5,0.5,0.33805596834663,42.6160953736218,39.45156481945972,42.6160953736218
P0570,Product P0570,P0091,Product P0091,127,1256,606,0.0040761305645601,0.040311968418012,0.0194498828513657,0.101114649681529,5.19872795400559,0.0032920675013218,1.09085114892709,0.121197398197876,457.659232292773,1.55340801135067e-101,1.78396646356167e-100,0.5,0.779648874801572,0.280954297827851,433.208661417323,55017.5,127,1.96128493238469,0.0120705840232646,1.30893081450614,0.944193997477381,0.0704925172118364,0.871635494683626,0.28577936705711,0.5,0.5,0.304043044814177,42.5985780271932,39.42654003884745,42.59857802719321
P0594,Product P0594,P0095,Product P0095,187,850,3929,0.0060018615399428,0.0272811888179221,0.126103283371313,0.22,1.74460167981675,0.0025616140557301,1.12038040593421,0.0473691011048801,69.911065507114,6.203944485162591e-17,1.11691475797234e-16,0.730769230769231,0.408563341380678,0.518804663802289,480.411818181818,89837.01,187,2.2839516039844,0.0197098228309877,1.37620130180559,0.85508194579823,0.0676173587724299,0.651485204581684,0.345639165393671,0.5,0.5,0.630129139018103,42.5961259651367,39.42303709305247,42.59612596513673
P0570,Product P0570,P0613,Product P0613,185,1256,1844,0.0059376705074301,0.040311968418012,0.0591841319767628,0.147292993630573,2.48872440485237,0.0035518416483353,1.10332841291987,0.0765273360197453,182.468887912499,1.4008180805161998e-41,5.25186434997653e-41,0.769230769230769,0.579429330502127,0.487030824599299,499.328648648649,92375.8,185,2.41326140320824,0.0202668215679791,1.38582068547286,0.861058804919638,0.0570029158371332,0.666250965718169,0.362528102057646,0.5,0.5,0.586568108194715,42.5813207542061,39.401886791723015,42.58132075420611
P0525,Product P0525,P0070,"Caru' cu Flori potatoes, 180 g",129,590,4003,0.0041403215970728,0.0189363545912636,0.128478351574285,0.21864406779661,1.70179695736672,0.0017074099743612,1.11539646978562,0.0374357869118602,43.6646081812648,3.89756906001706e-11,5.707715227488079e-11,0.576923076923077,0.648416643522025,0.349986199902967,364.743023255814,47051.85,129,1.49327429286872,0.010322957402191,1.32235020132425,0.953874038884509,0.0585504422705205,0.895549924705401,0.225413956244331,0.5,0.5,0.398683821299515,42.5771246774002,39.395892396285994,42.57712467740019
P0594,Product P0594,P0535,"Grilled minced-meat rolls with mustard, 40/20/30 g",322,850,5898,0.010334756234554,0.0272811888179221,0.189299354880123,0.378823529411765,2.00118764087527,0.0051704447909585,1.30510520521192,0.0810210329667492,204.527253294902,2.14752218802187e-46,9.08118878733281e-46,0.769230769230769,0.721658729590301,0.446796311028389,396.436428571429,127652.53,322,1.7099209391062,0.0280063723205763,1.38333245912696,0.859512782965837,0.149517822746852,0.662431536412931,0.30119642458903,0.5,0.5,0.531407733188427,42.5769930068605,39.39570429551504,42.576993006860526
P0049,Product P0049,P0165,"Honey lemonade, 500 ml",151,831,3686,0.0048464229547132,0.0266713740090509,0.118304072921013,0.181708784596871,1.53594698906259,0.0016910907790428,1.07748428735682,0.0324978936397711,32.9053155769685,9.675834198762541e-09,1.29844220305657e-08,0.5,0.817842050945361,0.275051399399622,483.173178807947,72959.15,151,2.30282743991133,0.016006898720243,1.29581208353781,0.934730833421993,0.0441392003106858,0.848256857643859,0.3373762668399,0.5,0.5,0.295950338775833,42.5549498836472,39.36421411949604,42.554949883647225
P0166,Product P0166,P0076,"Grilled pork neck, 150 g",132,995,2088,0.004236608145842,0.0319350386750971,0.0670154379433193,0.132663316582915,1.97959336914457,0.0020964675432935,1.07568903736547,0.0476845304521422,70.8452366454568,3.86375415051684e-17,6.990639764865451e-17,0.384615384615385,1.62928029973588,0.146281621116631,494.81553030303,65315.65,132,2.38241107507486,0.0143299503132484,1.34856998724344,0.972787616443902,0.0335289915439873,0.942275698695634,0.342044582593243,0.5,0.5,0.119410631217348,42.5510917688308,39.35870252690109,42.55109176883076
P0118,Product P0118,P0070,"Caru' cu Flori potatoes, 180 g",238,936,4003,0.0076387328690182,0.0300414032159707,0.128478351574285,0.254273504273504,1.97911555649502,0.0037790629048518,1.16868805576858,0.0661596726917785,136.377376070818,1.64994633106901e-31,4.60381444295726e-31,0.576923076923077,0.93057663223014,0.298834590293696,363.253403361345,86454.31,238,1.48309169648655,0.018967674158738,1.30902715502372,0.944263492470851,0.0924617532394681,0.871807181258952,0.248716014922122,0.5,0.5,0.328556417789344,42.5452631663043,39.350375951863256,42.54526316630428
P0063,Product P0063,P0165,"Honey lemonade, 500 ml",223,1031,3686,0.0071573001251725,0.0330904772603267,0.118304072921013,0.216294859359845,1.82829596665076,0.0032425618903757,1.12503527329014,0.0561286471043546,98.1577925277654,3.86337436571097e-23,8.37960523457389e-23,0.692307692307692,0.538182293948144,0.450081693848331,476.810179372197,106328.67,223,2.25933187753681,0.023328016455073,1.39675178798606,0.867850680784341,0.0729430376869711,0.683030216265944,0.352981796586829,0.5,0.5,0.535911899693829,42.5382200077332,39.34031429676167,42.538220007733166
P0057,Product P0057,P0056,Product P0056,150,647,937,0.0048143274384568,0.0207657990178772,0.0300734987322271,0.231839258114374,7.70908832985011,0.004189827208019,1.26266085778722,0.172035118784493,922.125129839978,1.52106465427673e-202,4.36705667846293e-201,0.576923076923077,0.662823040700966,0.346953982956523,410.075533333333,61511.33,150,1.80315378281368,0.013495300170814,1.24249629099993,0.896271618674267,0.154929944629747,0.753243813681077,0.271096210097094,0.5,0.5,0.394526738014005,42.5306667482984,39.32952392614058,42.5306667482984
P0095,Product P0095,P0612,"Sour cream, 50 g",461,3929,2147,0.0147960329941907,0.126103283371313,0.0689090734024457,0.117332654619496,1.70271705634823,0.0061063725840674,1.05486051055415,0.0726199250114117,164.311222369415,1.29352191092203e-37,4.39636263182534e-37,0.961538461538462,0.434027642658927,0.670515987931452,372.220238611714,171593.53,461,1.54438630225741,0.0376468236781675,1.33397270402372,0.828843842758888,0.0617571722336204,0.586664275347179,0.30892820729647,0.5,0.5,0.838121054141334,42.5282036389587,39.32600519851247,42.52820363895873
P0567,"Fried Romanian cheese doughnuts, 180 g",P0165,"Honey lemonade, 500 ml",735,2807,3686,0.0235902044484386,0.0900921141316558,0.118304072921013,0.261845386533666,2.21332520570522,0.0129319404085989,1.19445968499552,0.139849953224046,609.368899398238,1.5346696264592e-134,2.57588394225691e-133,0.884615384615385,0.625410961564727,0.544241059974024,342.809768707483,251965.18,735,1.34334512017021,0.055279990478066,1.3064599132948,0.811749184731781,0.163656382855291,0.544432120964613,0.335115362606948,0.5,0.5,0.665001715498209,42.5140944835191,39.305849262170184,42.51409448351913
P0094,Product P0094,P0018,"Hot pepper, 1 pc.",111,1003,2461,0.003562602304458,0.0321918028051481,0.0789870655069487,0.110667996011964,1.40109010635708,0.001019866267501,1.03562328844903,0.0214222496267785,14.2983454575467,0.000156001937397,0.000184197092749,0.576923076923077,0.813363155723746,0.318150876233512,445.431351351351,49442.88,111,2.04483558766576,0.010847538281314,1.32218554744774,0.953755266218956,0.0104557418106644,0.895256498212747,0.292204172259543,0.5,0.5,0.355038497019434,42.5087132158534,39.298161736933466,42.508713215853426
P0118,Product P0118,P0613,Product P0613,127,936,1844,0.0040761305645601,0.0300414032159707,0.0591841319767628,0.135683760683761,2.29256991953575,0.0022981561918589,1.08850884112454,0.0570542338935625,101.421817900635,7.434043946590581e-24,1.65184153680862e-23,0.461538461538462,0.989485218703868,0.231988886974063,428.396535433071,54406.36,127,1.92839067740078,0.0119365027451263,1.34487002716709,0.970118659417086,0.0397484250911258,0.935682071316942,0.281504677383778,0.5,0.5,0.236912857685864,42.5078320526956,39.29690293242222,42.50783205269555
P0578,Product P0578,P0567,"Fried Romanian cheese doughnuts, 180 g",104,615,2807,0.0033379336906634,0.0197387424976731,0.0900921141316558,0.169105691056911,1.87703099973643,0.0015596286487476,1.09509461802159,0.0391605191401532,47.7807008018296,4.76661189711993e-12,7.1828364361296195e-12,0.538461538461538,0.563811268526415,0.344326421799564,484.493557692308,50387.33,104,2.31185315533101,0.0110547462257093,1.27696195742803,0.921133341692639,0.0405636367186201,0.8146644120378,0.324405602486667,0.5,0.5,0.390924426319237,42.5019172880541,39.28845326864873,42.50191728805411
P0018,"Hot pepper, 1 pc.",P0535,"Grilled minced-meat rolls with mustard, 40/20/30 g",699,2461,5898,0.0224347658632089,0.0789870655069487,0.189299354880123,0.284030881755384,1.50043238095159,0.0074825653188694,1.13231230853576,0.0708165615464213,156.251899773114,7.45799616275641e-36,2.37220810891173e-35,0.961538461538462,0.506748721555966,0.638154489718441,312.544992846924,218468.95,699,1.13646415789984,0.0479310731576208,1.30948467746573,0.813628576379981,0.138835085295156,0.549075136233256,0.289787267255939,0.5,0.5,0.793754359511139,42.4914933707984,39.273561958283445,42.49149337079841
P0578,Product P0578,P0160,Product P0160,114,615,735,0.0036588888532272,0.0197387424976731,0.0235902044484386,0.185365853658537,7.85774680603949,0.003193247882152,1.19858687477886,0.151258593095899,712.846049977576,4.8115177653933e-157,1.0094934388546301e-155,0.538461538461538,0.691167118721605,0.318396409497705,395.800438596491,45121.25,114,1.70557350172171,0.0098993927270364,1.27892836153656,0.922551802420524,0.128828038516105,0.818168702813941,0.249348682305906,0.5,0.5,0.355375116148817,42.4806596342072,39.258085191724575,42.4806596342072
P0118,Product P0118,P0567,"Fried Romanian cheese doughnuts, 180 g",194,936,2807,0.0062265301537375,0.0300414032159707,0.0900921141316558,0.207264957264957,2.30058933861926,0.0035200366265292,1.14780833042152,0.0720225300184482,161.618987176357,5.01106366811897e-37,1.68217552674394e-36,0.576923076923077,0.940020719332399,0.297379853304664,369.98381443299,71776.86,194,1.52909877499235,0.0157475097842705,1.31827328208368,0.950933163299273,0.0763481264899875,0.888284525681996,0.245033982678195,0.5,0.5,0.326562014707793,42.4589528440815,39.227075491545,42.458952844081495
P0018,"Hot pepper, 1 pc.",P0070,"Caru' cu Flori potatoes, 180 g",507,2461,4003,0.0162724267419841,0.0789870655069487,0.128478351574285,0.206013815522145,1.60349049468486,0.0061242987699613,1.09765341697834,0.0678564987686681,143.462544374157,4.6569212907507795e-33,1.34766608175308e-32,1.0,0.427735377866716,0.700409904736109,351.08875739645,178002.0,507,1.39993781243035,0.0390528122380906,1.30452805661327,0.810548854686984,0.0949223640882302,0.541466719511041,0.295811939657974,0.5,0.5,0.879104764766927,42.4350681128142,39.19295444687738,42.435068112814164
P0569,Product P0569,P0613,Product P0613,132,998,1844,0.004236608145842,0.0320313252238662,0.0591841319767628,0.132264529058116,2.23479714309313,0.0023408619664021,1.08421967238706,0.0563381708326329,98.8919906261391,2.66655674476058e-23,5.81842681706758e-23,0.615384615384615,0.661077449237886,0.370473162264022,462.153787878788,61004.3,132,2.15914516577863,0.0133840601432352,1.27255801463431,0.917956568478212,0.0382691677168302,0.806816230657552,0.312929051108379,0.5,0.5,0.426770864643133,42.4279976360866,39.18285376583793,42.42799763608655
P0020,Product P0020,P0018,"Hot pepper, 1 pc.",102,572,2461,0.0032737426581506,0.0183586352986488,0.0789870655069487,0.178321678321678,2.2576060672363,0.0018236479291981,1.12089233729793,0.0503655430467202,79.0355857225651,6.10011843951261e-19,1.15944759886903e-18,0.538461538461538,0.641744431968739,0.327981339833648,427.912254901961,43647.05,102,1.92508028043149,0.0095759600925638,1.30361041962953,0.940356143825352,0.0503789971381991,0.86215412174986,0.274420633709303,0.5,0.5,0.368515783322734,42.4242328851746,39.1774755502494,42.424232885174575
P0525,Product P0525,P0009,"Borsec sparkling mineral water, 750 ml",100,590,3139,0.0032095516256379,0.0189363545912636,0.100747825528774,0.169491525423729,1.68233432864833,0.0013017550771262,1.08277302640413,0.0317302804868833,31.3692009729298,2.13338388859479e-08,2.83153506381621e-08,0.576923076923077,0.677193293702276,0.343981268640518,383.2494,38324.94,100,1.61977835312065,0.0084083138720693,1.32736285920108,0.957489907214795,0.036353318971618,0.904482885476511,0.234963633306795,0.5,0.5,0.390451231144301,42.4205090665415,39.172155809344986,42.420509066541484
P0152,"Stella Artois draught beer, 0.4 L",P0070,"Caru' cu Flori potatoes, 180 g",550,2832,4003,0.0176525339410084,0.0908945020380653,0.128478351574285,0.194209039548023,1.51160905450855,0.0059745581519923,1.08157287832674,0.0621120374442462,120.200752175428,5.7172071811173e-28,1.44385949874976e-27,0.538461538461538,1.02182270644141,0.266324805209691,368.257472727273,202541.61,550,1.51729801905972,0.044436688721085,1.27574960850959,0.920258816806409,0.0914508956031801,0.812503908449598,0.324970211203382,0.5,0.5,0.283986426071982,42.418364565843,39.1690922369186,42.41836456584302
P0095,Product P0095,P0152,"Stella Artois draught beer, 0.4 L",410,3929,2832,0.0131591616651154,0.126103283371313,0.0908945020380653,0.104352252481547,1.14805901503092,0.0016970665177148,1.0150257179575,0.0177840087992663,9.85405458027251,0.0016945786177263,0.0019379300544438,0.538461538461538,1.03597500160092,0.264473551020095,424.911365853659,174213.66,410,1.90456709980066,0.0382216680334522,1.29500698969384,0.934150080973924,0.0293172850695972,0.846822115456795,0.353202100272041,0.5,0.5,0.281448409173876,42.4013141077074,39.14473443958203,42.40131410770742
P0082,"Tripe soup, 300/100 g",P0613,Product P0613,291,2454,1844,0.0093397952306062,0.078762396893154,0.0591841319767628,0.118581907090465,2.00360980434794,0.0046783111380756,1.06738887661998,0.0736018708125176,168.784802955954,1.36327380757247e-38,4.75185854332768e-38,1.0,0.415175317662831,0.706626230346856,416.871786941581,121309.69,291,1.84961094122072,0.0266147826778968,1.31743970730148,0.818571314322399,0.0508766027600299,0.561286112991362,0.313790123704996,0.5,0.5,0.887627170567749,42.3953284948053,39.136183564007496,42.39532849480524
P0052,Product P0052,P0095,Product P0095,106,421,3929,0.0034021247231761,0.0135122123439356,0.126103283371313,0.251781472684086,1.99662900086995,0.0016981903809955,1.16796989746247,0.0443081929356566,61.1679197038365,5.24085736214038e-15,8.75616444424985e-15,0.5,0.60821215016422,0.310904254733396,551.093867924528,58415.95,106,2.76711297063011,0.0128161881723783,1.43393584137843,0.890954432165549,0.0731021330498633,0.740107766082992,0.38330052403856,0.5,0.5,0.345103584825938,42.3812443116877,39.11606330241098,42.38124431168768
P0597,"Assorted pickled vegetables, 180 g",P0612,"Sour cream, 50 g",188,971,2147,0.0060339570561992,0.031164746284944,0.0689090734024457,0.193614830072091,2.8097146066866,0.0038864232668814,1.15464787959927,0.0882996700254322,242.925886105683,9.052061794065519e-55,4.8649258213426e-54,0.884615384615385,0.449123412766468,0.610448617986648,440.593085106383,82831.5,188,2.01176264567236,0.0181728464674521,1.34259320226496,0.834200059469481,0.0803455892090632,0.599896746606303,0.309055585728993,0.5,0.5,0.755770396516075,42.3436623960479,39.06237485149705,42.34366239604793
P0621,Product P0621,P0095,Product P0095,238,633,3929,0.0076387328690182,0.0203164617902879,0.126103283371313,0.375987361769352,2.981582649694,0.005076760330775,1.40044714335686,0.108399297330542,366.107451517306,1.3174511872052e-81,1.12292128534443e-80,0.653846153846154,0.625095674733426,0.402343175243149,446.78781512605,106335.5,238,2.05410796861077,0.0233295149253575,1.3717987520928,0.852346487860537,0.158342492215719,0.644727287473985,0.328688211220922,0.5,0.5,0.470463746981219,42.3397972880247,39.05685326860673,42.33979728802471
P0097,Product P0097,P0599,Product P0599,103,697,2260,0.003305838174407,0.0223705748306962,0.0725358667394165,0.147776183644189,2.0372843158416,0.0016831691396035,1.08828703852294,0.0438810581257529,59.9942760494778,9.51336419628482e-15,1.56783690908561e-14,0.5,0.790471562676305,0.279256040935174,471.829611650486,48598.45,103,2.22528620517935,0.0106622742604703,1.30620963037552,0.942231078052083,0.0356305756738512,0.866786125010463,0.313043709057595,0.5,0.5,0.301714782863354,42.3263560234717,39.03765146210246,42.32635602347172
P0482,Product P0482,P0011,Product P0011,147,713,1889,0.0047180408896877,0.0228841030907982,0.0606284302082999,0.20617110799439,3.40056813752314,0.0033306136425677,1.18334263120403,0.093331318573124,271.400371223713,5.6196247799677806e-61,3.40611701941381e-60,0.538461538461538,0.725074729774795,0.312138094175105,466.002040816327,68502.3,147,2.18545067269683,0.0150290865258669,1.25932084703633,0.908407970453705,0.0874150766889824,0.783226529987984,0.320707161838596,0.5,0.5,0.34679514364601,42.2949268067713,38.992752581101925,42.29492680677134
P0094,Product P0094,P0092,Product P0092,104,1003,471,0.0033379336906634,0.0321918028051481,0.0151169881567545,0.103688933200399,6.85909998243063,0.0028512905889134,1.09881831020998,0.132388183592151,546.077246891006,8.98160231995e-121,1.25627283731608e-119,0.692307692307692,0.636207512560376,0.423117292270803,372.924038461538,38784.1,104,1.54919726767966,0.008509051443935,1.27060305067696,0.916546360075021,0.0850018755112996,0.803332327153854,0.226892655262765,0.5,0.5,0.498944471214416,42.2939818707025,38.99140267243219,42.29398187070253
P0567,"Fried Romanian cheese doughnuts, 180 g",P0009,"Borsec sparkling mineral water, 750 ml",408,2807,3139,0.0130949706326026,0.0900921141316558,0.100747825528774,0.145350908443178,1.44272005554766,0.0040183860365482,1.05218876771185,0.0466284483115377,67.7419292643289,1.8635806956016199e-16,3.29524560599897e-16,0.923076923076923,0.450656320798189,0.636316755280136,467.763602941176,190847.55,408,2.197492184888,0.0418710662590848,1.28691442784871,0.799604891811196,0.0563419149424951,0.514429786160608,0.398229453728453,0.5,0.5,0.791234877807943,42.2923718747106,38.98910267815793,42.29237187471055
P0066,Product P0066,P0535,"Grilled minced-meat rolls with mustard, 40/20/30 g",117,422,5898,0.0037551754019963,0.0135443078601919,0.189299354880123,0.277251184834123,1.46461769513001,0.0011912466617642,1.12169072865767,0.026307505535089,21.563287592895,3.42342554242191e-06,4.24426962134353e-06,0.538461538461538,0.626595847638341,0.331035849650872,354.243504273504,41446.49,117,1.42150271919363,0.0090931674469831,1.31985278130646,0.952072531147166,0.0729731944364639,0.891099320735191,0.213430002410262,0.5,0.5,0.372703429500723,42.2770846466456,38.96726378092224,42.27708464664556
P0061,Product P0061,P0009,"Borsec sparkling mineral water, 750 ml",105,683,3139,0.0033700292069197,0.0219212376031068,0.100747825528774,0.153733528550512,1.52592403601412,0.0011615121855071,1.06261113350147,0.0263539508834349,21.6394938663266,3.29007143108601e-06,4.08358126429446e-06,0.461538461538462,0.528127221861622,0.30202881994092,691.784285714286,72637.35,105,3.72883061719944,0.0159362972945387,1.38364153515801,0.859704822701363,0.0280790068567546,0.662905968352162,0.506010182727384,0.5,0.5,0.332935615884695,42.269259317573,38.95608473938994,42.26925931757295
P0537,Product P0537,P0613,Product P0613,252,1610,1844,0.0080880700966075,0.0516737811727702,0.0591841319767628,0.156521739130435,2.64465717249835,0.0050298022119399,1.11540025590384,0.0962901691599257,288.881369060526,8.71560356914045e-65,5.69384640355223e-64,0.807692307692308,0.415040004622611,0.570791147284715,425.6875,107273.25,252,1.90987252085469,0.0235352529208647,1.35993452153782,0.844974826945061,0.0739592060721084,0.626515684682946,0.312194474415742,0.5,0.5,0.701401130888837,42.2673986123043,38.953426589006135,42.26739861230429
P0160,Product P0160,P0578,Product P0578,114,735,615,0.0036588888532272,0.0235902044484386,0.0197387424976731,0.155102040816327,7.85774680603949,0.003193247882152,1.16021259945928,0.151258593095899,712.846049977576,4.8115177653933e-157,1.0094934388546301e-155,0.538461538461538,0.691167118721605,0.318396409497705,395.800438596491,45121.25,114,1.70557350172171,0.0098993927270364,1.27892836153656,0.922551802420524,0.117958838032899,0.818168702813941,0.249348682305906,0.5,0.5,0.355375116148817,42.2632756245431,38.94753660649013,42.26327562454309
P0482,Product P0482,P0599,Product P0599,107,713,2260,0.0034342202394325,0.0228841030907982,0.0725358667394165,0.150070126227209,2.06890925790316,0.0017743019871873,1.09122430200461,0.0457469966602888,65.2049864759703,6.74985131557838e-16,1.16520376349621e-15,0.5,0.906045302214168,0.26232325087928,433.992523364486,46437.2,107,1.96664317837546,0.0101881060463515,1.32750938114431,0.957595600455238,0.0376703309810252,0.904743999401136,0.281076968402943,0.5,0.5,0.278500408772817,42.2548300634303,38.93547151918607,42.25483006343025
P0613,Product P0613,P0570,Product P0570,185,1844,1256,0.0059376705074301,0.0591841319767628,0.040311968418012,0.100325379609544,2.48872440485237,0.0035518416483353,1.06670568429005,0.0765273360197453,182.468887912499,1.4008180805161998e-41,5.25186434997653e-41,0.769230769230769,0.579429330502127,0.487030824599299,499.328648648649,92375.8,185,2.41326140320824,0.0202668215679791,1.38582068547286,0.861058804919638,0.0401345715979559,0.666250965718169,0.362528102057646,0.5,0.5,0.586568108194715,42.2439538694226,38.919934099175094,42.24395386942257
P0050,Product P0050,P0535,"Grilled minced-meat rolls with mustard, 40/20/30 g",467,1560,5898,0.014988606091729,0.0500690053599512,0.189299354880123,0.299358974358974,1.58140514820322,0.0055105756776007,1.15708417784722,0.0645002850003456,129.622054741025,4.9572506354598196e-30,1.33539764031769e-29,1.0,0.411543004238741,0.708444586524879,354.627087794432,165610.85,467,1.42412478149756,0.0363342514670655,1.27881153921988,0.794570284035261,0.123845658741669,0.501991846044356,0.290968517286831,0.5,0.5,0.890120085226651,42.2373212937236,38.91045899103376,42.237321293723625
P0007,Product P0007,P0070,"Caru' cu Flori potatoes, 180 g",474,2157,4003,0.0152132747055236,0.0692300285650095,0.128478351574285,0.219749652294854,1.71040217750456,0.0063187147560505,1.11697694334775,0.0743885760980808,172.412252530761,2.19951863418435e-39,7.79115204511403e-39,0.846153846153846,0.673478025178818,0.505625908092478,367.541244725738,174214.55,474,1.51240209850689,0.0382218632953194,1.37421644028612,0.853848681995917,0.100284378945644,0.648438440662154,0.30677161196333,0.5,0.5,0.612061439360488,42.2305030250274,38.90071860718205,42.23050302502743
P0050,Product P0050,P0165,"Honey lemonade, 500 ml",238,1560,3686,0.0076387328690182,0.0500690053599512,0.118304072921013,0.152564102564103,1.28959298523867,0.0017153656078319,1.04042787159094,0.0243538104615383,18.4794685730799,1.71744525670006e-05,2.09824498886871e-05,0.653846153846154,0.607784888991418,0.406675145613739,413.520798319328,98417.95,238,1.82670458453984,0.0215924412209289,1.26309198426174,0.91112827094051,0.0360702483672601,0.789947000789071,0.296839822728806,0.5,0.5,0.476402755284047,42.2211689905432,38.88738427220459,42.22116899054321
P0070,"Caru' cu Flori potatoes, 180 g",P0612,"Sour cream, 50 g",464,4003,2147,0.0148923195429598,0.128478351574285,0.0689090734024457,0.115913065201099,1.68211614926439,0.0060389953837022,1.05316670787511,0.0712486069928448,158.164273098799,2.8493553047295298e-36,9.22447073430242e-36,0.961538461538462,0.417414578707913,0.678374891850612,361.407564655172,167693.11,464,1.47047409477398,0.0367910896419786,1.32789980524401,0.825070538593007,0.0608522716611745,0.577342371170263,0.297751252496904,0.5,0.5,0.848895388135835,42.2078717879252,38.86838826846454,42.20787178792518
P0159,Product P0159,P0165,"Honey lemonade, 500 ml",424,1626,3686,0.0136084988927047,0.0521873094328722,0.118304072921013,0.260762607626076,2.20417269826524,0.0074345276320067,1.19271013097374,0.10350239545651,333.77702292315,1.44597463733885e-74,1.13493404988251e-73,0.807692307692308,0.634450613640431,0.49416745966605,407.001556603774,172568.66,424,1.78214099663815,0.0378607626720986,1.34231373339118,0.834026415695075,0.124895849703321,0.599467761675651,0.337684092330439,0.5,0.5,0.596352232112883,42.2044763953171,38.86353770759578,42.204476395317045
P0009,"Borsec sparkling mineral water, 750 ml",P0567,"Fried Romanian cheese doughnuts, 180 g",408,3139,2807,0.0130949706326026,0.100747825528774,0.0900921141316558,0.129977699904428,1.44272005554766,0.0040183860365482,1.04584432579302,0.0466284483115377,67.7419292643289,1.8635806956016199e-16,3.29524560599897e-16,0.923076923076923,0.450656320798189,0.636316755280136,467.763602941176,190847.55,408,2.197492184888,0.0418710662590848,1.28691442784871,0.799604891811196,0.0508206514272528,0.514429786160608,0.398229453728453,0.5,0.5,0.791234877807943,42.1819466044057,38.83135229200815,42.1819466044057
P0691,Product P0691,P0009,"Borsec sparkling mineral water, 750 ml",152,294,3139,0.0048785184709696,0.0094360817793754,0.100747825528774,0.517006802721088,5.13169192493818,0.0039278537501858,1.86183196686296,0.134976952835262,567.642459811546,1.82871861550325e-125,2.73305754727951e-124,0.692307692307692,0.594561861242794,0.434167973745535,288.894210526316,43911.92,152,0.974794478683389,0.0096340713406257,1.22018107458393,0.880174592644403,0.226408666463863,0.713476297576605,0.162074675584736,0.5,0.5,0.514094641556278,42.1801392080669,38.82877029723837,42.18013920806686
P0159,Product P0159,P0160,Product P0160,263,1626,735,0.0084411207754276,0.0521873094328722,0.0235902044484386,0.161746617466175,6.85651613658994,0.0072100114762922,1.16481462037186,0.21360446502542,1421.59631003685,4.26118592497e-311,1.6030875324628e-309,0.884615384615385,0.447524646184479,0.611122848199605,338.348479087453,88985.65,263,1.31284907771441,0.0195230384003239,1.3440292135078,0.835092303421078,0.148089768527508,0.602101024939979,0.230134300151454,0.5,0.5,0.756694746982541,42.1734493422042,38.81921334600604,42.17344934220422
P0697,Product P0697,P0165,"Honey lemonade, 500 ml",141,811,3686,0.0045254677921494,0.0260294636839234,0.118304072921013,0.173859432799014,1.46959803247934,0.0014460762223917,1.06724686098665,0.0281207176603748,24.6381692513623,6.91680765016805e-07,8.74419136307456e-07,0.538461538461538,0.681516944728416,0.32022367669242,336.50780141844,47447.6,141,1.30026675530934,0.0104097831145045,1.34614858002655,0.971040940352011,0.0384717596109855,0.937960555669545,0.202808650402449,0.5,0.5,0.357880247558435,42.1636217892439,38.805173984634195,42.16362178924393
P0614,Product P0614,P0095,Product P0095,242,845,3929,0.0077671149340437,0.0271207112366402,0.126103283371313,0.286390532544379,2.27107910982062,0.0043471041997381,1.22461480190919,0.080617027883674,202.492620242722,5.96901645764708e-46,2.4667412709443e-45,0.769230769230769,0.535374625235774,0.501005263853859,435.618719008264,105419.73,242,1.97775936576025,0.023128599239785,1.3586281905317,0.844163157854858,0.111556250480018,0.624510465609792,0.319079195615365,0.5,0.5,0.605726667386083,42.1601849079643,38.80026415423475,42.16018490796432
P0094,Product P0094,P0627,"Chicken breast strips, 200 g",118,1003,1085,0.0037872709182527,0.0321918028051481,0.0348236351381712,0.117647058823529,3.37836812144213,0.0026662353229262,1.09386654684341,0.0823930897307736,211.513071830838,6.423355049497279e-48,2.89581833016592e-47,0.615384615384615,0.590216213568948,0.386981726216649,457.584745762712,53995.0,118,2.12791255946485,0.0118462522712987,1.25695582888864,0.906701970477057,0.0491650881480729,0.779011876832818,0.304871550967056,0.5,0.5,0.449403636798743,42.1550066869464,38.79286669563767,42.155006686946365
P0089,Product P0089,P0058,Product P0058,137,1128,2522,0.0043970857271239,0.0362037423371955,0.0809448919985878,0.12145390070922,1.50045169880934,0.0014665777136949,1.0461091441227,0.0287852648743903,25.8164245519536,3.75479661583433e-07,4.80244209598506e-07,0.653846153846154,0.536569521313924,0.425523313313574,480.952773722628,65890.53,137,2.28764941438101,0.0144560763157621,1.24367735074679,0.897123573194155,0.0197791360226655,0.755348557441017,0.331182680069897,0.5,0.5,0.502243057706791,42.1486380477395,38.78376863962786,42.148638047739496
P0613,Product P0613,P0165,"Honey lemonade, 500 ml",450,1844,3686,0.0144429823153705,0.0591841319767628,0.118304072921013,0.244034707158351,2.06277519558675,0.0074412584502247,1.16631799823074,0.0976409879584657,297.043439131795,1.45183371442293e-66,9.96195334865041e-66,0.846153846153846,0.630210497089636,0.519045759835591,401.266844444444,180570.08,450,1.74294021830324,0.0396162370650723,1.33364094342437,0.8286377083086,0.117899144548151,0.586155022578604,0.338019593560114,0.5,0.5,0.630459674830001,42.1460719620374,38.780102802910555,42.14607196203738
P0576,Product P0576,P0095,Product P0095,308,1175,3929,0.0098854190069647,0.0377122316012453,0.126103283371313,0.262127659574468,2.07867434190932,0.0051297827787883,1.18434676129032,0.0811170457145923,205.012284360919,1.68308115647899e-46,7.20094722242579e-46,0.807692307692308,0.541533976640439,0.523953620180699,419.479058441558,129199.55,308,1.86743346993531,0.0283457813249053,1.3497093842191,0.83862159191827,0.10704089135931,0.61082009123763,0.320807607913963,0.5,0.5,0.637188211926331,42.1452539294814,38.77893418497339,42.14525392948137
P0056,Product P0056,P0095,Product P0095,261,937,3929,0.0083769297429149,0.0300734987322271,0.126103283371313,0.27854855923159,2.20889220157258,0.004584562810318,1.21130358503118,0.0808617777128888,203.724004395446,3.2151945620642303e-46,1.34397596444907e-45,0.807692307692308,0.532002673005085,0.52721338018816,463.025593869732,120849.68,261,2.16510457096803,0.0265138586199781,1.32650833083363,0.824205966931294,0.109938343123563,0.575206456907785,0.350857410013698,0.5,0.5,0.641657250283789,42.1366167037388,38.766595291055445,42.13661670373881
P0613,Product P0613,P0537,Product P0537,252,1844,1610,0.0080880700966075,0.0591841319767628,0.0516737811727702,0.136659436008677,2.64465717249835,0.0050298022119399,1.09843815798832,0.0962901691599257,288.881369060526,8.71560356914045e-65,5.69384640355223e-64,0.807692307692308,0.415040004622611,0.570791147284715,425.6875,107273.25,252,1.90987252085469,0.0235352529208647,1.35993452153782,0.844974826945061,0.0668256913423482,0.626515684682946,0.312194474415742,0.5,0.5,0.701401130888837,42.1247283177091,38.749611882441556,42.124728317709085
P0569,Product P0569,P0537,Product P0537,107,998,1610,0.0034342202394325,0.0320313252238662,0.0516737811727702,0.107214428857715,2.07483227324214,0.0017790405491406,1.06221051222175,0.0456408519101801,64.9027529717013,7.868706634990769e-16,1.3562020440402701e-15,0.538461538461538,0.636119300884239,0.32910897033641,436.817289719626,46739.45,107,1.98595243691525,0.0102544182928373,1.30514117819758,0.941460352722814,0.0222810068812407,0.864882057023807,0.283551115127422,0.5,0.5,0.370061732705004,42.1149009076994,38.735572725284904,42.114900907699436
P0049,Product P0049,P0152,"Stella Artois draught beer, 0.4 L",154,831,2832,0.0049427095034823,0.0266713740090509,0.0908945020380653,0.18531889290012,2.03883500921223,0.0025184282442586,1.11590349897543,0.0543752402623607,92.1208660415865,8.15410567091628e-22,1.67220475318979e-21,0.5,1.11553059916335,0.236347325913291,506.98961038961,78076.4,154,2.46562944796723,0.017129599608016,1.27816167085605,0.921998751999185,0.0570476313771302,0.816802398162609,0.359834327746316,0.5,0.5,0.242888153644298,42.1025686821641,38.717955260234405,42.10256868216408
P0089,Product P0089,P0072,"French fries, 180 g",371,1128,5580,0.0119074365311166,0.0362037423371955,0.179092980710595,0.328900709219858,1.83648017870307,0.0054236004030699,1.22322736824102,0.0757237419664862,178.656889379909,9.52098319135984e-41,3.4857022354944895e-40,0.923076923076923,0.494533212877589,0.617635603627451,359.859784366577,133507.98,371,1.4598939313205,0.0292910308604777,1.31931960530211,0.819739360623601,0.132503651696073,0.564171757830827,0.275236040052828,0.5,0.5,0.765623549640762,42.0944644880022,38.70637784000311,42.094464488002174
P0627,"Chicken breast strips, 200 g",P0094,Product P0094,118,1085,1003,0.0037872709182527,0.0348236351381712,0.0321918028051481,0.108755760368664,3.37836812144213,0.0026662353229262,1.08590681898285,0.0823930897307736,211.513071830838,6.423355049497279e-48,2.89581833016592e-47,0.615384615384615,0.590216213568948,0.386981726216649,457.584745762712,53995.0,118,2.12791255946485,0.0118462522712987,1.25695582888864,0.906701970477057,0.0459717923804235,0.779011876832818,0.304871550967056,0.5,0.5,0.449403636798743,42.0911407715934,38.70162967370483,42.09114077159338
P0165,"Honey lemonade, 500 ml",P0567,"Fried Romanian cheese doughnuts, 180 g",735,3686,2807,0.0235902044484386,0.118304072921013,0.0900921141316558,0.199403147042865,2.21332520570522,0.0129319404085989,1.13653692555429,0.139849953224046,609.368899398238,1.5346696264592e-134,2.57588394225691e-133,0.884615384615385,0.625410961564727,0.544241059974024,342.809768707483,251965.18,735,1.34334512017021,0.055279990478066,1.3064599132948,0.811749184731781,0.141230351370609,0.544432120964613,0.335115362606948,0.5,0.5,0.665001715498209,42.0655738538255,38.665105505464986,42.065573853825484
P0118,Product P0118,P0599,Product P0599,132,936,2260,0.004236608145842,0.0300414032159707,0.0725358667394165,0.141025641025641,1.9442194236442,0.0020575289255032,1.07973436409441,0.046471241996856,67.2859197988797,2.34852692278783e-16,4.1393261272399397e-16,0.461538461538462,0.952793565003356,0.236347799280908,466.304545454545,61552.2,132,2.18751850399135,0.0135042668590319,1.31297589223412,0.947111904266461,0.035850420754622,0.878844149562533,0.316629144977018,0.5,0.5,0.242888802617851,42.055362332062,38.65051761723138,42.05536233206196
P0142,Product P0142,P0597,"Assorted pickled vegetables, 180 g",162,813,971,0.0051994736335334,0.0260936547164361,0.031164746284944,0.199261992619926,6.39382688368593,0.0043862715046487,1.20992789749668,0.15834804016779,781.233790560904,6.489828982743601e-172,1.4750840458694299e-170,0.807692307692308,0.515479203844348,0.532961657041164,373.603888888889,60523.83,162,1.55384452200787,0.0132786472563236,1.37965298303292,0.857226595927734,0.130220330837848,0.656783537851771,0.240964608607707,0.5,0.5,0.64953797453544,42.0547492913009,38.649641844715596,42.054749291300915
P0627,"Chicken breast strips, 200 g",P0535,"Grilled minced-meat rolls with mustard, 40/20/30 g",357,1085,5898,0.0114580993035273,0.0348236351381712,0.189299354880123,0.329032258064516,1.73815836970433,0.0048660076372907,1.20825576916905,0.0677528500685423,143.02460990943,5.80563964327138e-33,1.67564890233044e-32,0.923076923076923,0.541955966103166,0.598640261699382,427.529075630252,152627.88,357,1.92246098145441,0.0334858481361885,1.28555237761378,0.79875860241761,0.127858932042716,0.512339038029492,0.341894697254966,0.5,0.5,0.739581475532465,42.0376681018681,38.62524014552589,42.03766810186812
P0481,Product P0481,P0535,"Grilled minced-meat rolls with mustard, 40/20/30 g",111,371,5898,0.003562602304458,0.0119074365311166,0.189299354880123,0.299191374663073,1.58051977965028,0.0013085322508416,1.15680745899798,0.0307943932636992,29.5460166119275,5.46047598506327e-08,7.13458598766949e-08,0.384615384615385,0.792725656171163,0.214542243701042,373.447657657658,41452.69,111,1.55277657200544,0.0090945276981931,1.34359426806625,0.969198393753009,0.0827870385048366,0.933408565667596,0.228976249626238,0.5,0.5,0.212994005433687,42.0333771303103,38.61911018615755,42.033377130310285
P0631,Product P0631,P0076,"Grilled pork neck, 150 g",112,509,2088,0.0035946978207144,0.0163366177744969,0.0670154379433193,0.220039292730845,3.28341199406845,0.0024998922260439,1.19619431256134,0.0788664515221361,193.793959443081,4.72316943767917e-44,1.88064885274014e-43,0.615384615384615,0.558394017952822,0.394883840861384,417.090625,46714.15,112,1.85110685278193,0.0102488675903192,1.25166911434482,0.90288841204958,0.0835257659180539,0.769590524969517,0.267570106843282,0.5,0.5,0.46023721147035,42.0161000693206,38.59442867045794,42.01610006932056
P0056,Product P0056,P0057,Product P0057,150,937,647,0.0048143274384568,0.0300734987322271,0.0207657990178772,0.16008537886873,7.70908832985011,0.004189827208019,1.1658735023129,0.172035118784493,922.125129839978,1.52106465427673e-202,4.36705667846293e-201,0.576923076923077,0.662823040700966,0.346953982956523,410.075533333333,61511.33,150,1.80315378281368,0.013495300170814,1.24249629099993,0.896271618674267,0.129159652464811,0.753243813681077,0.271096210097094,0.5,0.5,0.394526738014005,42.0152609049997,38.59322986428527,42.01526090499969
P0614,Product P0614,P0007,Product P0007,135,845,2157,0.0043328946946111,0.0271207112366402,0.0692300285650095,0.159763313609467,2.3077169968151,0.0024553270809951,1.10774736036981,0.0595471390219896,110.478415034044,7.69790452245707e-26,1.8458052382419e-25,0.576923076923077,0.837299579547151,0.314005991916285,416.111481481481,56175.05,135,1.84441372033498,0.0123245451181186,1.29867304557168,0.936794581291215,0.0500497997967206,0.853355322818269,0.272662177223427,0.5,0.5,0.349355978380481,42.0149057805731,38.59272254367592,42.014905780573145
P0697,Product P0697,P0011,Product P0011,121,811,1889,0.0038835574670218,0.0260294636839234,0.0606284302082999,0.149198520345253,2.46086728342882,0.0023054319447016,1.10410194652329,0.0606722246211237,114.692619712713,9.189227319132019e-27,2.26308058807518e-26,0.538461538461538,0.577116870468029,0.341421456167509,399.134297520661,48295.25,121,1.72836276490621,0.0105957535883959,1.30051468214701,0.938123041268387,0.0465813899801026,0.856637267783652,0.254021028624184,0.5,0.5,0.386941800970426,42.014211737463,38.59173105351862,42.01421173746303
P0070,"Caru' cu Flori potatoes, 180 g",P0152,"Stella Artois draught beer, 0.4 L",550,4003,2832,0.0176525339410084,0.128478351574285,0.0908945020380653,0.137396952285786,1.51160905450855,0.0059745581519923,1.0539094434815,0.0621120374442462,120.200752175428,5.7172071811173e-28,1.44385949874976e-27,0.538461538461538,1.02182270644141,0.266324805209691,368.257472727273,202541.61,550,1.51729801905972,0.044436688721085,1.27574960850959,0.920258816806409,0.0710469243804452,0.812503908449598,0.324970211203382,0.5,0.5,0.283986426071982,42.0102851413883,38.58612163055474,42.01028514138832
P0579,Product P0579,P0159,Product P0159,213,601,1626,0.0068363449626087,0.0192894052700838,0.0521873094328722,0.354409317803661,6.79110154662279,0.0058296828010027,1.46813254389393,0.190577383235494,1131.61410805067,4.44453735550927e-248,1.31053790671908e-246,0.769230769230769,0.538704889250831,0.499920923501643,378.594131455399,80640.55,213,1.58795632871276,0.0176921622112468,1.33357272954763,0.82859532464396,0.204457218570809,0.586050314226702,0.257515583732616,0.5,0.5,0.604240067570299,42.0028630063055,38.57551858043647,42.00286300630553
P0601,Cornflake-crusted pike-perch with potatoes and sauce,P0152,"Stella Artois draught beer, 0.4 L",122,952,2832,0.0039156529832782,0.0305549314760728,0.0908945020380653,0.128151260504202,1.40989012130276,0.0011383777019533,1.04273305308405,0.0230095524248533,16.4957465884927,4.87593353712279e-05,5.91071498777885e-05,0.461538461538462,1.24181335774569,0.205877291231136,565.352459016393,68973.0,122,2.86458043773761,0.015132355920146,1.28482779650732,0.926807345208706,0.0182593891341749,0.828681971913978,0.401406651866044,0.5,0.5,0.201114601776692,41.9781062760509,38.54015182292979,41.97810627605085
P0056,Product P0056,P0535,"Grilled minced-meat rolls with mustard, 40/20/30 g",298,937,5898,0.0095644638444009,0.0300734987322271,0.189299354880123,0.31803628601921,1.68007062792481,0.0038715699354021,1.18877387242148,0.0578656573817189,104.327167616535,1.71520988229674e-24,3.91484096566055e-24,0.730769230769231,0.594979253470306,0.458168486630309,476.400503355705,141967.35,298,2.25653145473171,0.0311469773569359,1.33171077054038,0.82743842446604,0.115160738869547,0.583192205755526,0.374816874585427,0.5,0.5,0.546998662844722,41.9333830126572,38.47626144665317,41.93338301265722
P0011,Product P0011,P0152,"Stella Artois draught beer, 0.4 L",240,1889,2832,0.0077029239015309,0.0606284302082999,0.0908945020380653,0.127051349920593,1.39778916295053,0.0021921329283979,1.0414192150698,0.0319546502447523,31.8144024887434,1.69630218997083e-08,2.2596650662493e-08,0.5,1.22789196062072,0.224427399908878,561.54125,134769.9,240,2.8385281519927,0.029567890248684,1.24804043595362,0.900270873889597,0.0305626230175515,0.763123927304952,0.439246674092817,0.5,0.5,0.226546273748276,41.9241272257892,38.463038893984525,41.924127225789164
P0153,Product P0153,P0095,Product P0095,145,616,3929,0.0046538498571749,0.0197708380139295,0.126103283371313,0.23538961038961,1.8666414077142,0.002160682268616,1.14293073767149,0.0467542730241628,68.1080194677813,1.54779894647409e-16,2.74577016358249e-16,0.653846153846154,0.699903678843285,0.384637177967089,563.348275862069,81685.5,145,2.85088044070333,0.017921419388965,1.18095635662285,0.85187993960304,0.0703625650477196,0.643574685415124,0.407691571223489,0.5,0.5,0.446189327759361,41.8944697113203,38.420671016171795,41.894469711320255
P0572,"Medium Capricciosa pizza, 550 g",P0007,Product P0007,241,1605,2157,0.0077350194177873,0.0515133035914883,0.0692300285650095,0.150155763239875,2.16893978454557,0.0041687519386706,1.09522419659323,0.074295462895227,171.980901092968,2.73232421648374e-39,9.64713825302188e-39,0.615384615384615,0.814385407182286,0.33916973370079,425.797925311203,102617.3,241,1.91062735527824,0.0225137591110202,1.25960320185416,0.90861164640143,0.0595579606402278,0.783729709054493,0.309387924437806,0.5,0.5,0.383854753442055,41.8920594170711,38.41722773867298,41.89205941707108
P0056,Product P0056,P0076,"Grilled pork neck, 150 g",166,937,2088,0.0053278556985589,0.0300734987322271,0.0670154379433193,0.177161152614728,2.64358718008481,0.0033124670105308,1.1338606156253,0.0775649490903612,187.4505235975,1.14510677898013e-42,4.3835491083063693e-42,0.615384615384615,0.575562191886251,0.390580973923906,512.914397590362,85143.79,166,2.50612952247583,0.0186801521562085,1.395196334034,0.866884222904827,0.0676316307291173,0.680642593284123,0.369025196505243,0.5,0.5,0.454338103147463,41.8893694418443,38.41338491692042,41.889369441844295
P0166,Product P0166,P0613,Product P0613,136,995,1844,0.0043649902108675,0.0319350386750971,0.0591841319767628,0.136683417085427,2.30946053477801,0.0024749426672375,1.08976925341458,0.0596518903500338,110.867449331812,6.32622588097782e-26,1.5269717779085802e-25,0.346153846153846,1.64301461061498,0.130969327510945,500.9375,68127.5,136,2.42425903019385,0.0149468571462709,1.32723749604639,0.957399476814008,0.0418914493705045,0.90425947822023,0.348748164138021,0.5,0.5,0.098417911720257,41.8821609517777,38.40308707396811,41.88216095177768
P0049,Product P0049,P0082,"Tripe soup, 300/100 g",104,831,2454,0.0033379336906634,0.0266713740090509,0.078762396893154,0.125150421179302,1.58896156181072,0.0012372323452767,1.05302400025005,0.0285071323502921,25.3199415253385,4.85661735571707e-07,6.17548896863324e-07,0.576923076923077,0.793380673924349,0.321695825828562,485.522596153846,50494.35,104,2.31888735469588,0.0110782259167562,1.27965500411866,0.923075964245368,0.0189444579290147,0.819463638522694,0.32530499305394,0.5,0.5,0.359898522198979,41.8732470121028,38.39035287443252,41.873247012102766
P0627,"Chicken breast strips, 200 g",P0613,Product P0613,180,1085,1844,0.0057771929261482,0.0348236351381712,0.0591841319767628,0.165898617511521,2.80309285564341,0.00371618630822,1.12793946608311,0.0859017733927512,229.911075836114,6.23355044074762e-52,3.10538974011674e-51,0.807692307692308,0.539507779752572,0.524643212795014,531.501944444444,95670.35,180,2.63318843733895,0.0209896305395581,1.31991088403635,0.820106742757247,0.0688310077054087,0.565079371130896,0.390615889835547,0.5,0.5,0.638133623808598,41.871861611523,38.38837373074716,41.871861611523016
P0070,"Caru' cu Flori potatoes, 180 g",P0018,"Hot pepper, 1 pc.",507,4003,2461,0.0162724267419841,0.128478351574285,0.0789870655069487,0.126655008743442,1.60349049468486,0.0061242987699613,1.0545808858054,0.0678564987686681,143.462544374157,4.6569212907507795e-33,1.34766608175308e-32,1.0,0.427735377866716,0.700409904736109,351.08875739645,178002.0,507,1.39993781243035,0.0390528122380906,1.30452805661327,0.810548854686984,0.066420774236249,0.541466719511041,0.295811939657974,0.5,0.5,0.879104764766927,41.8650363157745,38.378623308249345,41.86503631577454
P0009,"Borsec sparkling mineral water, 750 ml",P0685,Product P0685,722,3139,1242,0.0231729627371056,0.100747825528774,0.0398626311904227,0.230009557183816,5.77005456777469,0.0191568893248151,1.24694712482138,0.325324472263671,3297.53263378654,0.0,0.0,1.0,0.798302767256895,0.556079887217983,141.04796398892,101836.63,722,-0.0358382744763267,0.0223424837381035,1.39570202389401,0.867198425680901,0.242708550367772,0.681418827598114,0.0784472547280793,0.5,0.5,0.681232411297737,41.8638167668567,38.37688109550953,41.86381676685667
P0157,Product P0157,P0070,"Caru' cu Flori potatoes, 180 g",137,519,4003,0.0043970857271239,0.0166575729370607,0.128478351574285,0.263969171483622,2.05458093327885,0.0022569482149419,1.18408307731138,0.0526998375273164,86.5314909790105,1.37529822605886e-20,2.75311993510132e-20,0.5,0.864846967253149,0.268118515234782,442.535766423358,60627.4,137,2.02504223452814,0.0133013700333907,1.27968697603211,0.923099027105858,0.083421482107042,0.81952061505204,0.296817281392697,0.5,0.5,0.286445551555435,41.8596430865899,38.370918695128466,41.85964308658993
P0569,Product P0569,P0572,"Medium Capricciosa pizza, 550 g",105,998,1605,0.0033700292069197,0.0320313252238662,0.0515133035914883,0.105210420841683,2.04239319761017,0.001719989826225,1.06001088803549,0.0441908596420907,60.8443889890331,6.17693093206664e-15,1.02261481743319e-14,0.538461538461538,0.735376813381086,0.310285082933912,464.399047619048,48761.9,105,2.17449309030158,0.0106981344314814,1.2927584963055,0.932528135843512,0.0206520961107886,0.842815118824339,0.307131634946719,0.5,0.5,0.344254717880084,41.8545241764378,38.36360596633968,41.85452417643777
P0535,"Grilled minced-meat rolls with mustard, 40/20/30 g",P0612,"Sour cream, 50 g",650,5898,2147,0.0208620855666463,0.189299354880123,0.0689090734024457,0.110206849779586,1.59930825271661,0.0078176424261763,1.04641278297873,0.07878376357355,193.387803867445,5.79268717859494e-44,2.28979047530691e-43,1.0,0.525126652720047,0.655683249792082,319.660523076923,207779.34,650,1.18510379586803,0.0455858223614026,1.32224023284668,0.821554048547879,0.0760054531247831,0.56865492329999,0.288897288452162,0.5,0.5,0.817785791563951,41.8490112131782,38.3557303045403,41.84901121317821
P0597,"Assorted pickled vegetables, 180 g",P0142,Product P0142,162,971,813,0.0051994736335334,0.031164746284944,0.0260936547164361,0.166838311019567,6.39382688368593,0.0043862715046487,1.16892838228719,0.15834804016779,781.233790560904,6.489828982743601e-172,1.4750840458694299e-170,0.807692307692308,0.515479203844348,0.532961657041164,373.603888888889,60523.83,162,1.55384452200787,0.0132786472563236,1.37965298303292,0.857226595927734,0.118575416908615,0.656783537851771,0.240964608607707,0.5,0.5,0.64953797453544,41.8218510127163,38.31693001816608,41.82185101271625
P0597,"Assorted pickled vegetables, 180 g",P0082,"Tripe soup, 300/100 g",203,971,2454,0.0065153898000449,0.031164746284944,0.078762396893154,0.209062821833162,2.65434814175054,0.0040607796840757,1.16474181330306,0.0867575686875369,234.514866950511,6.17683506744212e-53,3.17873917857517e-52,0.923076923076923,0.433788334608452,0.643802785108447,439.730049261084,89265.2,203,2.00586319057737,0.0195843703722183,1.30517574501981,0.810951286120678,0.0854825334740156,0.542460921700357,0.31235875916408,0.5,0.5,0.801498012017585,41.8210244069449,38.31574915277843,41.8210244069449
P0092,Product P0092,P0009,"Borsec sparkling mineral water, 750 ml",122,471,3139,0.0039156529832782,0.0151169881567545,0.100747825528774,0.259023354564756,2.57100689970503,0.002392649297941,1.2136039374669,0.0651471615019329,132.235064170853,1.32911645743454e-30,3.61612482558875e-30,0.576923076923077,0.676555207605839,0.344112185692314,473.597950819672,57778.95,122,2.23737404322009,0.0126764333303223,1.23229029357629,0.888909547739059,0.0884811528107249,0.735055902825061,0.320184980438993,0.5,0.5,0.390630714702841,41.780747868524,38.258211240748544,41.780747868523974
P0065,Product P0065,P0072,"French fries, 180 g",109,337,5580,0.0034984112719453,0.0108161889783997,0.179092980710595,0.323442136498516,1.8060011911979,0.0015613077478746,1.21335818201987,0.039366482814715,48.2846250804035,3.68631220595253e-12,5.5935557951240694e-12,0.538461538461538,0.688179729668871,0.318959841181813,425.54128440367,46384.0,109,1.90887303473898,0.0101764342133886,1.26329423743112,0.91127416576274,0.0959848073333324,0.790307432255219,0.274204084583537,0.5,0.5,0.356147564980118,41.771402133243,38.24486019034707,41.771402133242944
P0597,"Assorted pickled vegetables, 180 g",P0537,Product P0537,177,971,1610,0.005680906377379,0.031164746284944,0.0516737811727702,0.182286302780639,3.52763623337662,0.0040705060975459,1.15972891496378,0.105822409365562,348.907998066769,7.32722525754327e-78,5.87794320292625e-77,0.730769230769231,0.525366556188847,0.479077784814602,477.607062146893,84536.45,177,2.26477913001293,0.0185469045804246,1.35823541527733,0.843919112867885,0.0866561945429239,0.623907555300046,0.340072351665532,0.5,0.5,0.57566471660305,41.7693691962005,38.241955994572194,41.769369196200536
P0537,Product P0537,P0058,Product P0058,211,1610,2522,0.0067721539300959,0.0516737811727702,0.0809448919985878,0.131055900621118,1.61907561286763,0.0025894252939074,1.05766885195302,0.0428868240004684,57.3064367668988,3.72932720391452e-14,6.02769774736405e-14,0.807692307692308,0.476271151075474,0.547116501669695,514.409004739337,108540.3,211,2.51634621023921,0.0238132378072495,1.33201398485679,0.82762682211348,0.0351306274346585,0.583657639958386,0.384787040718461,0.5,0.5,0.668943864369039,41.7609448059205,38.229921151315,41.760944805920495
P0576,Product P0576,P0572,"Medium Capricciosa pizza, 550 g",208,1175,1605,0.0066758673813268,0.0377122316012453,0.0515133035914883,0.177021276595745,3.436418638563,0.0047331857457393,1.15250451735264,0.112404740129486,393.663261330655,1.31944187510015e-87,1.26272902257391e-86,0.692307692307692,0.607047911193939,0.430794681033094,387.447355769231,80589.05,208,1.64847432407739,0.0176808633503899,1.42681610618635,0.886530691965897,0.0890288647610084,0.729178967228762,0.264648682549645,0.5,0.5,0.509469953085861,41.7518298216469,38.21689974520988,41.751829821646915
P0094,Product P0094,P0567,"Fried Romanian cheese doughnuts, 180 g",360,1003,2807,0.0115543858522964,0.0321918028051481,0.0900921141316558,0.358923230309073,3.98395834939073,0.0086541582798712,1.41934309413056,0.171244027249991,913.663972081064,1.05065970870166e-200,2.86567435548377e-199,0.807692307692308,0.519674652894021,0.531490280603262,392.533972222222,141312.23,360,1.68324491386611,0.031003247071021,1.28753705541349,0.799991752068416,0.191705614501059,0.515385519939048,0.306534166950188,0.5,0.5,0.64752075924223,41.7477136202282,38.21101945746885,41.7477136202282
P0614,Product P0614,P0576,Product P0576,160,845,1175,0.0051352826010206,0.0271207112366402,0.0377122316012453,0.189349112426035,5.02089386881531,0.0041125000576739,1.18705571430211,0.132902240305627,550.326261685978,1.06909177716477e-121,1.51477808946333e-120,0.692307692307692,0.471753226499092,0.470396585407533,391.56625,62650.6,160,1.67662985398706,0.0137452507185522,1.40157746095715,0.87084903998404,0.107866685730416,0.690437627892153,0.256824800612413,0.5,0.5,0.563763038856795,41.7402126732676,38.2003038189537,41.74021267326759
P0056,Product P0056,P0159,Product P0159,104,937,1626,0.0033379336906634,0.0300734987322271,0.0521873094328722,0.110992529348986,2.12681072381695,0.0017684787065955,1.06614704809292,0.0465580444666851,67.5375179276329,2.06715806431747e-16,3.64930331419151e-16,0.538461538461538,0.682068615998093,0.320118652319085,567.412307692308,59010.88,104,2.87866094764021,0.0129467130517887,1.23332895966368,0.889658786945766,0.0240839403429613,0.736906889595134,0.396877472477409,0.5,0.5,0.357736262126431,41.7347286695744,38.19246952796342,41.734728669574395
P0154,Product P0154,P0165,"Honey lemonade, 500 ml",139,499,3686,0.0044612767596366,0.0160156626119331,0.118304072921013,0.278557114228457,2.35458600325991,0.0025665586421162,1.2221285211456,0.0633031582151168,124.855129545132,5.47493066484845e-29,1.4289830993659499e-28,0.5,1.06853765347453,0.241716653869051,327.698201438849,45550.05,139,1.24004696285517,0.0099934694558805,1.33713737295727,0.964540728476376,0.094718983331338,0.921901857623879,0.19449858264099,0.5,0.5,0.250249349724112,41.7248819691653,38.17840281309322,41.72488196916525
P0597,"Assorted pickled vegetables, 180 g",P0165,"Honey lemonade, 500 ml",207,971,3686,0.0066437718650704,0.031164746284944,0.118304072921013,0.213182286302781,1.80198602667817,0.0029568554480115,1.12058474501793,0.0526882851218366,86.493557757564,1.40193250772313e-20,2.80129737349073e-20,0.730769230769231,0.487276297274979,0.491347325381412,455.56077294686,94301.08,207,2.11407728621909,0.0206892190598373,1.37027279221212,0.851398355677937,0.0691053619126956,0.642384937913837,0.328303180675529,0.5,0.5,0.592485908131247,41.7207286913537,38.17246955907672,41.7207286913537
P0578,Product P0578,P0159,Product P0159,193,615,1626,0.0061944346374811,0.0197387424976731,0.0521873094328722,0.313821138211382,6.01336113361134,0.0051643227749392,1.38129100639522,0.166931772623376,868.227714070313,7.92267489771541e-191,1.92080851409056e-189,0.730769230769231,0.562736224276516,0.467621611003193,384.654300518135,74238.28,193,1.62938183316705,0.0162875339025337,1.35780464434605,0.843651459839491,0.174366972817925,0.623246321597786,0.258438126206528,0.5,0.5,0.559958627788012,41.7206146903249,38.17230670046414,41.720614690324894
P0597,"Assorted pickled vegetables, 180 g",P0018,"Hot pepper, 1 pc.",223,971,2461,0.0071573001251725,0.031164746284944,0.0789870655069487,0.229660144181256,2.9075664820217,0.0046956882688562,1.19559299384058,0.10019167540279,312.765550796301,5.4547713496866696e-70,3.94116261093255e-69,0.961538461538462,0.395407868631317,0.689073412264462,419.836547085202,93623.55,223,1.86987715545733,0.0205405721239845,1.27967497119181,0.795106764483035,0.101097584088619,0.503317214768182,0.298969279267719,0.5,0.5,0.863562755668446,41.7033091191749,38.147584455964086,41.70330911917486
P0621,Product P0621,P0567,"Fried Romanian cheese doughnuts, 180 g",119,633,2807,0.0038193664345091,0.0203164617902879,0.0900921141316558,0.187993680884676,2.08668297660273,0.001989013440147,1.12056749368611,0.0492412048622781,75.5462612571913,3.56945179499809e-18,6.71426191093606e-18,0.5,0.624806441273338,0.307728962231438,451.013445378151,53670.6,119,2.08299311406109,0.0117750804176676,1.27456230292389,0.919402356866154,0.053647701855629,0.810388034100898,0.299351465725774,0.5,0.5,0.340750349018725,41.6752475238333,38.107496462618954,41.675247523833264
P0594,Product P0594,P0612,"Sour cream, 50 g",135,850,2147,0.0043328946946111,0.0272811888179221,0.0689090734024457,0.158823529411765,2.30482752952136,0.0024529732518509,1.10689131133975,0.0594474536781286,110.108830173774,9.27559681221078e-26,2.20953627120567e-25,0.538461538461538,0.727949181412764,0.311618850978762,404.284666666667,54578.43,135,1.76356914905002,0.0119742541041099,1.29614614720114,0.934971809417211,0.0496563691183349,0.848852186045068,0.262097376940855,0.5,0.5,0.346083275976,41.6729514018452,38.104216288350216,41.672951401845154
P0020,Product P0020,P0165,"Honey lemonade, 500 ml",135,572,3686,0.0043328946946111,0.0183586352986488,0.118304072921013,0.236013986013986,1.99497768915837,0.0021609933655095,1.15407338738943,0.0498422392393992,77.4017402478692,1.39492249484691e-18,2.63297654304149e-18,0.461538461538462,0.822349345246459,0.253265633585772,406.278518518519,54847.6,135,1.7771985243884,0.0120333087522045,1.30441708256214,0.940938028131626,0.0717763738723108,0.863591660179491,0.263878469055485,0.5,0.5,0.266082672798632,41.645756790132,38.065366843045794,41.645756790132054
P0007,Product P0007,P0058,Product P0058,369,2157,2522,0.0118432454986038,0.0692300285650095,0.0809448919985878,0.171070931849791,2.11342467234098,0.00623942831335,1.10872587693459,0.0901178582296529,253.033112383283,5.66512427256652e-57,3.2359427127591997e-56,0.884615384615385,0.538898891465064,0.57483658577024,328.415826558266,121185.44,369,1.24495243368827,0.0265875228048584,1.37721940520913,0.855714529009842,0.0827678138147016,0.653047994068919,0.242123270657134,0.5,0.5,0.706947312117875,41.6282546919939,38.040363845705485,41.62825469199384
P0688,Product P0688,P0009,"Borsec sparkling mineral water, 750 ml",211,1468,3139,0.0067721539300959,0.0471162178643643,0.100747825528774,0.143732970027248,1.42666076684899,0.0020252974331213,1.05020063017006,0.0317559452784694,31.4199669659065,2.07832585045208e-08,2.76518719858929e-08,0.923076923076923,0.600519579443284,0.576735789385345,393.091469194313,82942.3,211,1.68705579654307,0.0181971554729463,1.38930800715422,0.863225599708315,0.0343345044738497,0.671604007111897,0.270680282108825,0.5,0.5,0.709551066316067,41.6278865370521,38.03983791007444,41.627886537052106
P0482,Product P0482,P0159,Product P0159,162,713,1626,0.0051994736335334,0.0228841030907982,0.0521873094328722,0.227208976157083,4.35372083033593,0.0040052138644401,1.2264799426032,0.120432030991377,451.897204981871,2.78761755518877e-100,3.13535129145459e-99,0.615384615384615,0.632107474725387,0.377049076065385,403.710493827161,65401.1,162,1.75964427512748,0.0143486976464567,1.23079086501855,0.887827938666853,0.112533773649127,0.732383800157283,0.268364197238113,0.5,0.5,0.435786255637059,41.623497977261,38.03356853894436,41.62349797726105
P0007,Product P0007,P0572,"Medium Capricciosa pizza, 550 g",241,2157,1605,0.0077350194177873,0.0692300285650095,0.0515133035914883,0.111729253592953,2.16893978454557,0.0041687519386706,1.06779008567493,0.074295462895227,171.980901092968,2.73232421648374e-39,9.64713825302188e-39,0.615384615384615,0.814385407182286,0.33916973370079,425.797925311203,102617.3,241,1.91062735527824,0.0225137591110202,1.25960320185416,0.90861164640143,0.0457571405188535,0.783729709054493,0.309387924437806,0.5,0.5,0.383854753442055,41.6160430146436,38.022918592348,41.616043014643594
P0594,Product P0594,P0018,"Hot pepper, 1 pc.",145,850,2461,0.0046538498571749,0.0272811888179221,0.0789870655069487,0.170588235294118,2.15969835313239,0.0024989888089063,1.11044112669375,0.0568758832177344,100.788722822131,1.0233732052057401e-23,2.26012179530256e-23,0.461538461538462,0.762605723893897,0.261850086654005,419.282965517241,60796.03,145,1.86609303731278,0.0133383666723482,1.3027470513655,0.939733355268867,0.0527637307499543,0.860615529844513,0.278103105955343,0.5,0.5,0.277851714062994,41.6081644716262,38.01166353089449,41.60816447162614
P0015,Product P0015,P0567,"Fried Romanian cheese doughnuts, 180 g",215,1453,2807,0.0069005359951214,0.0466347851205187,0.0900921141316558,0.147969717825189,1.64242696768059,0.0026991096115384,1.0679290453689,0.0447088786221084,62.2792234179796,2.9805304552895102e-15,5.04148639801683e-15,0.653846153846154,0.643841551354224,0.397754974199006,363.698837209302,78195.25,215,1.48613654914027,0.0171556747461296,1.27480139884982,0.919574828119472,0.0423484248315556,0.810814122331803,0.243939523821995,0.5,0.5,0.464173453704699,41.5837759567541,37.97682279536295,41.58377595675407
P0049,Product P0049,P0018,"Hot pepper, 1 pc.",109,831,2461,0.0034984112719453,0.0266713740090509,0.0789870655069487,0.131167268351384,1.66061705811624,0.001391717705932,1.06005782349546,0.0320249053769367,31.9544498430652,1.57830407957549e-08,2.10504859513064e-08,0.615384615384615,0.678696775694074,0.366584736621168,446.03623853211,48617.95,109,2.04897041564522,0.010666552469921,1.26988720271776,0.916029984924632,0.0232747339983976,0.802056628334025,0.292180630140441,0.5,0.5,0.421439943560518,41.5646392850624,37.949484692946356,41.56463928506245
P0094,Product P0094,P0076,"Grilled pork neck, 150 g",157,1003,2088,0.0050389960522515,0.0321918028051481,0.0670154379433193,0.156530408773679,2.3357365642536,0.0028816482890795,1.10612708716649,0.0652903530373498,132.817000533354,9.91419636495811e-31,2.70409705854232e-30,0.576923076923077,0.712950807122597,0.336800726865115,465.018152866242,73007.85,157,2.17872510873371,0.0160175832741019,1.24736745994869,0.899785424317115,0.0529389847690566,0.761924629766651,0.322713250961607,0.5,0.5,0.380606912376002,41.5576064337063,37.93943776243759,41.55760643370631
P0140,Product P0140,P0007,Product P0007,125,931,2157,0.0040119395320473,0.0298809256346888,0.0692300285650095,0.134264232008593,1.93939298873052,0.0019432821968089,1.07512015310915,0.0449632701362455,62.9899717205259,2.0776168903893902e-15,3.54168754283566e-15,0.461538461538462,0.777808727446811,0.259610865000813,530.946,66368.25,125,2.62938816727696,0.0145608858654434,1.26102577930576,0.90963781911878,0.0322770126557445,0.78626485685058,0.371940554084118,0.5,0.5,0.27478180479481,41.557466519757,37.93923788536707,41.55746651975694
P0160,Product P0160,P0007,Product P0007,109,735,2157,0.0034984112719453,0.0235902044484386,0.0692300285650095,0.148299319727891,2.14212420248582,0.0018652607441254,1.09283694729188,0.0484160323816581,73.035503553113,1.2733846344677901e-17,2.33489518689809e-17,0.346153846153846,0.830460259901008,0.189107545100469,490.116972477064,53422.75,109,2.35029313807782,0.0117207032785725,1.30714968634395,0.942909185093988,0.0386645646705121,0.868461380592427,0.330844747999754,0.5,0.5,0.178123756275414,41.540651428008,37.915216325725716,41.540651428008005
P0036,Product P0036,P0072,"French fries, 180 g",105,319,5580,0.0033700292069197,0.0102384696857849,0.179092980710595,0.329153605015674,1.83789227087336,0.0015363911529775,1.22368850071645,0.0398045502770117,49.3652200543823,2.12479523202634e-12,3.25126451352137e-12,0.423076923076923,1.23672037569156,0.189150565119753,337.859523809524,35475.25,105,1.30950672557306,0.0077831051187589,1.34891771275505,0.973038447379498,0.0980899628982398,0.942895373612748,0.196456039015753,0.5,0.5,0.178182735499614,41.530654865531,37.900935522187076,41.53065486553095
P0076,"Grilled pork neck, 150 g",P0152,"Stella Artois draught beer, 0.4 L",250,2088,2832,0.0080238790640947,0.0670154379433193,0.0908945020380653,0.119731800766284,1.3172611993203,0.0019325442033738,1.03275967341922,0.026886163051371,22.5223285972613,2.07715097442293e-06,2.59287381361032e-06,0.5,1.08992236645695,0.23924333651094,439.7466,109936.65,250,2.00597632648193,0.0241195905132228,1.29761361708576,0.936030365179812,0.0263555475640526,0.851467335778852,0.325229436280808,0.5,0.5,0.246858501895357,41.5296314114278,37.89947344489689,41.52963141142782
P0578,Product P0578,P0095,Product P0095,133,615,3929,0.0042687036620984,0.0197387424976731,0.126103283371313,0.216260162601626,1.714944740692,0.0017795834235209,1.11503419237893,0.038538467491904,46.2747962911908,1.0277756590879598e-11,1.53603184118488e-11,0.615384615384615,0.611256720158438,0.38192834679014,533.102631578947,70902.65,133,2.6441302561783,0.0155557121697119,1.38824351824945,0.862564195564329,0.0585071071032131,0.669970015845514,0.376506286653596,0.5,0.5,0.442475597176142,41.5244241638079,37.892034519725534,41.52442416380787
P0089,Product P0089,P0165,"Honey lemonade, 500 ml",213,1128,3686,0.0068363449626087,0.0362037423371955,0.118304072921013,0.188829787234043,1.59613935997045,0.0025532947891355,1.0869431756777,0.042322600292513,55.808496152911,7.98855547458673e-14,1.27981116340295e-13,0.576923076923077,0.681442957961699,0.343111893383789,360.8720657277,76865.75,213,1.46681358415528,0.0168639886197347,1.28791377457428,0.929033407835451,0.0556801725233399,0.834181433814234,0.240824822674671,0.5,0.5,0.389259342367075,41.5063220039156,37.86617429130807,41.50632200391565
P0070,"Caru' cu Flori potatoes, 180 g",P0007,Product P0007,474,4003,2157,0.0152132747055236,0.128478351574285,0.0692300285650095,0.118411191606295,1.71040217750456,0.0063187147560505,1.0557869639145,0.0743885760980808,172.412252530761,2.19951863418435e-39,7.79115204511403e-39,0.846153846153846,0.673478025178818,0.505625908092478,367.541244725738,174214.55,474,1.51240209850689,0.0382218632953194,1.37421644028612,0.853848681995917,0.0638888311795255,0.648438440662154,0.30677161196333,0.5,0.5,0.612061439360488,41.5025920697051,37.86084581386439,41.502592069705074
P0629,Product P0629,P0535,"Grilled minced-meat rolls with mustard, 40/20/30 g",115,260,5898,0.0036909843694835,0.0083448342266585,0.189299354880123,0.442307692307692,2.3365515037692,0.0021113126337955,1.45367012228392,0.0592459304055898,109.363570960675,1.3508957900279602e-25,3.19702235774513e-25,0.576923076923077,0.595139649920886,0.3616755918215,327.444869565217,37656.16,115,1.23831526188266,0.0082615866455854,1.25576303440023,0.905841551130448,0.149996436531107,0.776886220816644,0.189383692741522,0.5,0.5,0.414709645513479,41.4724234569202,37.817747795600354,41.47242345692025
P0579,Product P0579,P0572,"Medium Capricciosa pizza, 550 g",142,601,1605,0.0045575633084058,0.0192894052700838,0.0515133035914883,0.236272878535774,4.58663805391844,0.0035639023186287,1.24191831054796,0.117225101283345,428.150906223835,4.10530224638743e-95,4.30661995270066e-94,0.692307692307692,0.550275526478877,0.446570742092615,414.528521126761,58863.05,142,1.83359307646405,0.0129142798362453,1.38805006775158,0.862443998011892,0.114609249017601,0.669673069186339,0.273052937927462,0.5,0.5,0.531098484586102,41.4576899684891,37.79669995498437,41.457689968489056
P0058,Product P0058,P0007,Product P0007,369,2522,2157,0.0118432454986038,0.0809448919985878,0.0692300285650095,0.146312450436162,2.11342467234098,0.00623942831335,1.09029348256342,0.0901178582296529,253.033112383283,5.66512427256652e-57,3.2359427127591997e-56,0.884615384615385,0.538898891465064,0.57483658577024,328.415826558266,121185.44,369,1.24495243368827,0.0265875228048584,1.37721940520913,0.855714529009842,0.0738758444006839,0.653047994068919,0.242123270657134,0.5,0.5,0.706947312117875,41.4504153037135,37.78630757673355,41.450415303713484
P0056,Product P0056,P0569,Product P0569,102,937,998,0.0032737426581506,0.0300734987322271,0.0320313252238662,0.108858057630736,3.39848747655396,0.0023104486396391,1.08621155480867,0.0768275214663705,183.903197179217,6.81150825500997e-42,2.58033177299162e-41,0.461538461538462,0.748455888360765,0.263969176809584,431.223039215686,43984.75,102,1.94771181247551,0.0096500499044356,1.30342665122848,0.940223582944922,0.0428381970345525,0.861826631632273,0.277310175935172,0.5,0.5,0.280756926460999,41.4470693566499,37.781527652357056,41.44706935664993
P0594,Product P0594,P0152,"Stella Artois draught beer, 0.4 L",118,850,2832,0.0037872709182527,0.0272811888179221,0.0908945020380653,0.138823529411765,1.52730392156863,0.0013075608456412,1.05565529134924,0.0279229086038457,24.2927647173694,8.27493058332932e-07,1.04490153546439e-06,0.423076923076923,1.14328376926501,0.197396597288658,507.187118644068,59848.08,118,2.46697955536359,0.0131303908442053,1.29925105665067,0.937211528149835,0.02435286233242,0.854385385196506,0.348656478154648,0.5,0.5,0.189487811325847,41.44277262693,37.77538946704278,41.442772626929944
P0056,Product P0056,P0165,"Honey lemonade, 500 ml",261,937,3686,0.0083769297429149,0.0300734987322271,0.118304072921013,0.27854855923159,2.35451368963067,0.0048191123559075,1.22211402910209,0.0873667931757481,237.820027222553,1.17502134859564e-53,6.13372388190355e-53,0.692307692307692,0.599786757574327,0.432749983102374,430.535249042146,112369.7,261,1.94301028441537,0.0246533903852236,1.36399514718302,0.847497835514591,0.113292056237559,0.632748748090707,0.319287779472655,0.5,0.5,0.51215061667092,41.4280778427276,37.75439691818231,41.42807784272762
P0572,"Medium Capricciosa pizza, 550 g",P0576,Product P0576,208,1605,1175,0.0066758673813268,0.0515133035914883,0.0377122316012453,0.129595015576324,3.436418638563,0.0047331857457393,1.10556325574803,0.112404740129486,393.663261330655,1.31944187510015e-87,1.26272902257391e-86,0.692307692307692,0.607047911193939,0.430794681033094,387.447355769231,80589.05,208,1.64847432407739,0.0176808633503899,1.42681610618635,0.886530691965897,0.0719957981782673,0.729178967228762,0.264648682549645,0.5,0.5,0.509469953085861,41.4111684899921,37.730240699988705,41.41116848999209
P0027,Product P0027,P0009,"Borsec sparkling mineral water, 750 ml",178,1375,3139,0.0057130018936354,0.0441313348525211,0.100747825528774,0.129454545454545,1.28493637232471,0.0012668658695617,1.03297555547029,0.0204927103938006,13.0844188929573,0.0002977621922722,0.0003485606778638,0.807692307692308,0.839978229389744,0.438968404512151,477.662752808989,85023.97,178,2.26515981473424,0.0186538642045991,1.40636916684563,0.873826294248685,0.0214882943970456,0.6977929000211,0.340420652436877,0.5,0.5,0.520675895752668,41.4007958946271,37.715422706610184,41.40079589462712
P0569,Product P0569,P0056,Product P0056,102,998,937,0.0032737426581506,0.0320313252238662,0.0300734987322271,0.102204408817635,3.39848747655396,0.0023104486396391,1.08034224136745,0.0768275214663705,183.903197179217,6.81150825500997e-42,2.58033177299162e-41,0.461538461538462,0.748455888360765,0.263969176809584,431.223039215686,43984.75,102,1.94771181247551,0.0096500499044356,1.30342665122848,0.940223582944922,0.0404485495941751,0.861826631632273,0.277310175935172,0.5,0.5,0.280756926460999,41.3992764078424,37.713252011203416,41.39927640784239
P0056,Product P0056,P0072,"French fries, 180 g",312,937,5580,0.0100138010719902,0.0300734987322271,0.179092980710595,0.332977588046958,1.85924421340127,0.0046278485436394,1.23070380331868,0.070669412229904,155.603224607036,1.0336471296811401e-35,3.25442374206217e-35,0.692307692307692,0.556531888288263,0.444775784882269,481.375929487179,150189.29,312,2.29054198071502,0.032950832813913,1.30608578850657,0.811516727930968,0.127522863189837,0.543857839134369,0.383957512226551,0.5,0.5,0.528637649247098,41.3931407834861,37.7044868335516,41.39314078348612
P0621,Product P0621,P0159,Product P0159,146,633,1626,0.0046859453734313,0.0203164617902879,0.0521873094328722,0.230647709320695,4.41961296390215,0.0036256838954004,1.2319618750082,0.115552482778788,416.019987641992,1.79371210537908e-92,1.82891580090521e-91,0.576923076923077,0.516860927605599,0.380340126390996,475.272465753425,69389.78,146,2.24882052682952,0.0152237955168055,1.38089300579372,0.857997065388665,0.111160872649418,0.658686973718666,0.328761940542585,0.5,0.5,0.440298192131714,41.3751776595305,37.678825227900745,41.37517765953052
P0535,"Grilled minced-meat rolls with mustard, 40/20/30 g",P0007,Product P0007,602,5898,2157,0.0193215007863401,0.189299354880123,0.0692300285650095,0.102068497795863,1.47433851915888,0.0062163010406513,1.0365712408466,0.0625113351196219,121.751181293463,2.61681935131439e-28,6.67044372028973e-28,0.846153846153846,0.71043009000512,0.4947023857323,342.323338870432,206078.65,602,1.34002003118789,0.0452126988726486,1.37601686703924,0.854967350034751,0.0624532610672333,0.651202097077155,0.306181059850416,0.5,0.5,0.597085600551973,41.3675843654158,37.667977664879736,41.36758436541581
P0576,Product P0576,P0614,Product P0614,160,1175,845,0.0051352826010206,0.0377122316012453,0.0271207112366402,0.136170212765957,5.02089386881531,0.0041125000576739,1.12623957073591,0.132902240305627,550.326261685978,1.06909177716477e-121,1.51477808946333e-120,0.692307692307692,0.471753226499092,0.470396585407533,391.56625,62650.6,160,1.67662985398706,0.0137452507185522,1.40157746095715,0.87084903998404,0.0887675680846864,0.690437627892153,0.256824800612413,0.5,0.5,0.563763038856795,41.358230320353,37.65461474336143,41.358230320353
P0098,Product P0098,P0165,"Honey lemonade, 500 ml",102,413,3686,0.0032737426581506,0.0132554482138845,0.118304072921013,0.246973365617433,2.08761507122691,0.0017055691460545,1.17086951087981,0.046175381060176,66.4318903307465,3.62194710229274e-16,6.30230349059231e-16,0.461538461538462,0.893388796212081,0.24376317344954,485.687058823529,49540.08,102,2.32001157235137,0.0108688635099605,1.26523019725151,0.912670665578857,0.0723519943664327,0.793757468853552,0.32484455737916,0.5,0.5,0.253055069925465,41.3496311112376,37.642330158910774,41.34963111123754
P0089,Product P0089,P0570,Product P0570,122,1128,1256,0.0039156529832782,0.0362037423371955,0.040311968418012,0.108156028368794,2.68297561774405,0.0024562088655673,1.07607166960684,0.06685192267985,139.246227737633,3.8908938973885303e-32,1.10258837455867e-31,0.615384615384615,0.604953156377909,0.383428396610296,388.340573770492,47377.55,122,1.65458009536972,0.0103944144697855,1.27689640754308,0.921086057445668,0.0356828095810641,0.814547596854087,0.244714610628126,0.5,0.5,0.444532122861785,41.3442215698834,37.634602242690555,41.34422156988339
P0015,Product P0015,P0095,Product P0095,280,1453,3929,0.0089867445517861,0.0466347851205187,0.126103283371313,0.192704748795595,1.52815012935209,0.003105945028773,1.0824995134369,0.0443727017780222,61.346159611624,4.78724134537949e-15,8.02285761568207e-15,0.769230769230769,0.589090201246643,0.484069921661657,435.070714285714,121819.8,280,1.97401336926412,0.0267266984431734,1.3649993101815,0.84812175706554,0.062766208305804,0.634290139045734,0.328836240158002,0.5,0.5,0.582508794389176,41.3429396940826,37.63277099154651,41.34293969408255
P0159,Product P0159,P0009,"Borsec sparkling mineral water, 750 ml",243,1626,3139,0.0077992104503,0.0521873094328722,0.100747825528774,0.149446494464945,1.48337191081372,0.0025414525047409,1.05725526803342,0.037964675816495,44.9071016131451,2.06607215366859e-11,3.0584595924727795e-11,0.846153846153846,0.53136197770156,0.552549859846886,495.041893004115,120295.18,243,2.38395842284436,0.0263922038948288,1.31632373785841,0.817877923521521,0.0416109727030334,0.559573099060127,0.376424094431329,0.5,0.5,0.676392844063278,41.3160917645226,37.59441680646081,41.31609176452257
P0569,Product P0569,P0082,"Tripe soup, 300/100 g",134,998,2454,0.0043007991783547,0.0320313252238662,0.078762396893154,0.134268537074148,1.70472893627516,0.0017779352280589,1.06411473136647,0.0374845705620641,43.7784835426382,3.6772558879501495e-11,5.392320126012919e-11,0.576923076923077,0.697567964397698,0.339852712246352,361.591343283582,48453.24,134,1.47173035055018,0.0106304158607608,1.30822915463899,0.943687856872017,0.0286892815353944,0.870385080188576,0.223734864770877,0.5,0.5,0.384791097623974,41.3040955061367,37.57727929448098,41.30409550613669
P0535,"Grilled minced-meat rolls with mustard, 40/20/30 g",P0018,"Hot pepper, 1 pc.",699,5898,2461,0.0224347658632089,0.189299354880123,0.0789870655069487,0.11851475076297,1.50043238095159,0.0074825653188694,1.04484214034238,0.0708165615464213,156.251899773114,7.45799616275641e-36,2.37220810891173e-35,0.961538461538462,0.506748721555966,0.638154489718441,312.544992846924,218468.95,699,1.13646415789984,0.0479310731576208,1.30948467746573,0.813628576379981,0.0793902288145446,0.549075136233256,0.289787267255939,0.5,0.5,0.793754359511139,41.3025962411862,37.575137487408824,41.30259624118618
P0110,Product P0110,P0070,"Caru' cu Flori potatoes, 180 g",132,614,4003,0.004236608145842,0.0197066469814167,0.128478351574285,0.214983713355049,1.67330690906901,0.0017047306266132,1.11019562683276,0.0366536559197617,41.8591332681013,9.80915092531157e-11,1.41184480996239e-10,0.615384615384615,0.56355770390974,0.393579727723397,439.329166666667,57991.45,132,2.00312287697741,0.012723054843567,1.23235474816659,0.88895604189795,0.0569998757349614,0.735170766105335,0.292582586767936,0.5,0.5,0.45844930940922,41.2795576662568,37.54222523750978,41.27955766625685
P0165,"Honey lemonade, 500 ml",P0613,Product P0613,450,3686,1844,0.0144429823153705,0.118304072921013,0.0591841319767628,0.122083559413999,2.06277519558675,0.0074412584502247,1.07164625758147,0.0976409879584657,297.043439131795,1.45183371442293e-66,9.96195334865041e-66,0.846153846153846,0.630210497089636,0.519045759835591,401.266844444444,180570.08,450,1.74294021830324,0.0396162370650723,1.33364094342437,0.8286377083086,0.0741005828500097,0.586155022578604,0.338019593560114,0.5,0.5,0.630459674830001,41.2701007280746,37.528715325820805,41.27010072807457
P0140,Product P0140,P0569,Product P0569,113,931,998,0.0036267933369708,0.0298809256346888,0.0320313252238662,0.121374865735768,3.78925520213359,0.0026696676899759,1.10168561884668,0.0890491042499959,247.067001645459,1.1320734171778399e-55,6.237838879500139e-55,0.576923076923077,0.623824245910627,0.355286650249235,433.286283185841,48961.35,113,1.96181553159475,0.0107418928353245,1.2534544708078,0.904176274507255,0.0553283521947087,0.772772174233855,0.282075368334631,0.5,0.5,0.405950588133594,41.2630237765998,37.518605395142615,41.26302377659983
P0699,Product P0699,P0070,"Caru' cu Flori potatoes, 180 g",135,354,4003,0.0043328946946111,0.0113618127547582,0.128478351574285,0.38135593220339,2.96825050703498,0.0028731477209841,1.40876102074294,0.0810142439337762,204.492978637069,2.18482346796622e-46,9.2032525233635e-46,0.576923076923077,0.680085147771872,0.343389189344476,408.401851851852,55134.25,135,1.79171299643487,0.0120961984311297,1.21831939473901,0.878831674504406,0.141937076013831,0.710158633887659,0.26577522595506,0.5,0.5,0.389639507250944,41.2538137896404,37.50544827091492,41.253813789640446
P0537,Product P0537,P0597,"Assorted pickled vegetables, 180 g",177,1610,971,0.005680906377379,0.0516737811727702,0.031164746284944,0.109937888198758,3.52763623337662,0.0040705060975459,1.08850297172452,0.105822409365562,348.907998066769,7.32722525754327e-78,5.87794320292625e-77,0.730769230769231,0.525366556188847,0.479077784814602,477.607062146893,84536.45,177,2.26477913001293,0.0185469045804246,1.35823541527733,0.843919112867885,0.0606723759529594,0.623907555300046,0.340072351665532,0.5,0.5,0.57566471660305,41.2496928244012,37.49956117771607,41.24969282440125
P0076,"Grilled pork neck, 150 g",P0612,"Sour cream, 50 g",359,2088,2147,0.0115222903360401,0.0670154379433193,0.0689090734024457,0.171934865900383,2.49509763244445,0.0069043186037068,1.12441749840121,0.109008888844909,370.236694505266,1.6621048600242e-82,1.43917174784635e-81,0.923076923076923,0.476995405434534,0.624969393730343,418.635933147632,150290.3,359,1.86167011741866,0.0329729939388676,1.27673944018515,0.793282816517119,0.0917258175153189,0.498811172473554,0.333243325499881,0.5,0.5,0.775677967512125,41.2323859848963,37.474837121280466,41.232385984896325
P0029,Product P0029,P0599,Product P0599,116,906,2260,0.0037230798857399,0.0290785377282794,0.0725358667394165,0.1280353200883,1.76513118052707,0.0016138429481044,1.06364874016973,0.0370303632492078,42.7239677783885,6.3035190609086e-11,9.181761409147239e-11,0.538461538461538,0.652475923357758,0.325851366939984,410.238362068965,47587.65,116,1.80426683138433,0.0104405094341747,1.29149366177335,0.931615750589967,0.025244930390972,0.840561081637811,0.262567704698406,0.5,0.5,0.365595651000004,41.2234308445438,37.462044063634025,41.22343084454381
P0569,Product P0569,P0140,Product P0140,113,998,931,0.0036267933369708,0.0320313252238662,0.0298809256346888,0.113226452905812,3.78925520213359,0.0026696676899759,1.09398738555546,0.0890491042499959,247.067001645459,1.1320734171778399e-55,6.237838879500139e-55,0.576923076923077,0.623824245910627,0.355286650249235,433.286283185841,48961.35,113,1.96181553159475,0.0107418928353245,1.2534544708078,0.904176274507255,0.0524018626234673,0.772772174233855,0.282075368334631,0.5,0.5,0.405950588133594,41.204493985175,37.43499140739286,41.204493985175
P0612,"Sour cream, 50 g",P0076,"Grilled pork neck, 150 g",359,2147,2088,0.0115222903360401,0.0689090734024457,0.0670154379433193,0.167210060549604,2.49509763244445,0.0069043186037068,1.12031199929289,0.109008888844909,370.236694505266,1.6621048600242e-82,1.43917174784635e-81,0.923076923076923,0.476995405434534,0.624969393730343,418.635933147632,150290.3,359,1.86167011741866,0.0329729939388676,1.27673944018515,0.793282816517119,0.0900289111516198,0.498811172473554,0.333243325499881,0.5,0.5,0.775677967512125,41.1984478576223,37.42635408231764,41.19844785762234
P0569,Product P0569,P0159,Product P0159,137,998,1626,0.0043970857271239,0.0320313252238662,0.0521873094328722,0.137274549098196,2.63042012684656,0.002725457046121,1.09862609196979,0.0695949173976783,150.907450402111,1.0980358707305e-34,3.33692795255425e-34,0.615384615384615,0.654081417472718,0.372040099649306,428.110218978102,58651.1,137,1.92643350368865,0.0128677789904466,1.24788720791109,0.900160343221055,0.0479859666005562,0.762850862570315,0.28391310889349,0.5,0.5,0.428919091280229,41.1841896740895,37.4059852486993,41.18418967408951
P0015,Product P0015,P0018,"Hot pepper, 1 pc.",169,1453,2461,0.005424142247328,0.0466347851205187,0.0789870655069487,0.116311080523056,1.47253325309096,0.0017405974201111,1.04223659954704,0.0306057368705405,29.1851086583657,6.57828526556386e-08,8.58481964680642e-08,0.653846153846154,0.839485912507763,0.355450481789647,318.819526627219,53880.5,169,1.17935499549421,0.0118211315029856,1.32064476434282,0.952643826146681,0.0209875392055401,0.892510698405294,0.192494248952923,0.5,0.5,0.406175196520895,41.1816016964841,37.40228813783442,41.181601696484094
P0082,"Tripe soup, 300/100 g",P0058,Product P0058,300,2454,2522,0.0096286548769136,0.078762396893154,0.0809448919985878,0.122249388753056,1.51027922497184,0.0032532411668474,1.04705721217988,0.0442797814137535,61.0895000531454,5.45382343071161e-15,9.084154752528811e-15,0.923076923076923,0.438419049490673,0.641730185236197,458.4235,137527.05,300,2.13364603274474,0.0301727961557089,1.28595196926307,0.799006882668874,0.0389236019224541,0.512952411510546,0.357505856851541,0.5,0.5,0.798656536477192,41.1742027704627,37.3917182435182,41.17420277046274
P0165,"Honey lemonade, 500 ml",P0159,Product P0159,424,3686,1626,0.0136084988927047,0.118304072921013,0.0521873094328722,0.115029842647857,2.20417269826524,0.0074345276320067,1.07101090663103,0.10350239545651,333.77702292315,1.44597463733885e-74,1.13493404988251e-73,0.807692307692308,0.634450613640431,0.49416745966605,407.001556603774,172568.66,424,1.78214099663815,0.0378607626720986,1.34231373339118,0.834026415695075,0.072556157815223,0.599467761675651,0.337684092330439,0.5,0.5,0.596352232112883,41.1576825575551,37.36811793936442,41.15768255755509
P0036,Product P0036,P0535,"Grilled minced-meat rolls with mustard, 40/20/30 g",120,319,5898,0.0038514619507654,0.0102384696857849,0.189299354880123,0.376175548589342,1.98719931627639,0.0019133262442867,1.29956535574493,0.0485178327464268,73.3429578015401,1.0897024918653201e-17,2.01161661357879e-17,0.346153846153846,1.32442873275709,0.1489199652696,313.713333333333,37645.6,120,1.14445058427225,0.0082592698306213,1.35161048762588,0.974980873855687,0.12036925744215,0.947694115692824,0.178263856562059,0.5,0.5,0.123027726093292,41.1568218548736,37.36688836410511,41.15682185487357
P0058,Product P0058,P0082,"Tripe soup, 300/100 g",300,2522,2454,0.0096286548769136,0.0809448919985878,0.078762396893154,0.118953211736717,1.51027922497184,0.0032532411668474,1.04561711747771,0.0442797814137535,61.0895000531454,5.45382343071161e-15,9.084154752528811e-15,0.923076923076923,0.438419049490673,0.641730185236197,458.4235,137527.05,300,2.13364603274474,0.0301727961557089,1.28595196926307,0.799006882668874,0.0377397851639536,0.512952411510546,0.357505856851541,0.5,0.5,0.798656536477192,41.1505264352927,37.35789490756104,41.150526435292726
P0092,Product P0092,P0165,"Honey lemonade, 500 ml",125,471,3686,0.0040119395320473,0.0151169881567545,0.118304072921013,0.265392781316348,2.24331060430642,0.0022235382628046,1.2002276926422,0.0564235467286827,99.1919431989539,2.29177497111682e-23,5.02073593069969e-23,0.538461538461538,0.612224813140833,0.333986633918965,349.0488,43631.1,125,1.38599327336909,0.0095724607366285,1.28122439920242,0.924208043497635,0.0856051350186733,0.822260427184933,0.210584590623982,0.5,0.5,0.376748870897791,41.1364917655297,37.33784537932811,41.13649176552967
P0097,Product P0097,P0072,"French fries, 180 g",224,697,5580,0.0071893956414288,0.0223705748306962,0.179092980710595,0.321377331420373,1.79447195610476,0.0031829827147901,1.2096663688049,0.0561335241842978,98.1748513461872,3.83023584381147e-23,8.32427750119185e-23,0.730769230769231,0.591071528121671,0.459293763890009,436.258571428571,97721.92,224,1.98213320566688,0.0214397354709819,1.34633011608528,0.836521934573485,0.1105337589817,0.60563291212034,0.314809139953633,0.5,0.5,0.548541385997611,41.1049300810896,37.29275725869938,41.10493008108956
P0056,Product P0056,P0613,Product P0613,127,937,1844,0.0040761305645601,0.0300734987322271,0.0591841319767628,0.135538954108858,2.29012320670808,0.0022962566465889,1.08832650412071,0.0569775901820974,101.149511259655,8.529598014392511e-24,1.89142102311021e-23,0.576923076923077,0.579569014336823,0.365240816758675,563.59094488189,71576.05,127,2.8525392535941,0.0157034530027426,1.37781262813312,0.856083119136498,0.0396518872964994,0.653958591701708,0.401600067208213,0.5,0.5,0.419597467611036,41.1001856002388,37.28597942891252,41.10018560023876
P0030,Product P0030,P0165,"Honey lemonade, 500 ml",126,703,3686,0.0040440350483037,0.0225631479282344,0.118304072921013,0.17923186344239,1.51501008390519,0.0013747227504743,1.07423264599052,0.0286623407263239,25.5964032280866,4.20823078833789e-07,5.36980092406625e-07,0.538461538461538,0.913813801328633,0.281355238470807,326.965873015873,41197.7,126,1.23504098463345,0.009038584076253,1.33658869729429,0.964144942647358,0.039695741836014,0.920924073323837,0.191198805375624,0.5,0.5,0.304592723044579,41.0822996411553,37.26042805879327,41.08229964115529
P0153,Product P0153,P0567,"Fried Romanian cheese doughnuts, 180 g",149,616,2807,0.0047822319222004,0.0197708380139295,0.0900921141316558,0.241883116883117,2.68484227742332,0.003001035327371,1.20022110855439,0.0752926626719491,176.62856727239,2.6398460366735198e-40,9.53666233778414e-40,0.615384615384615,0.74296782148831,0.35306711219668,416.792953020134,62102.15,149,1.84907205609553,0.0136249233353094,1.23273997440895,0.88923392389269,0.0889621852599972,0.73585727035031,0.276900261866728,0.5,0.5,0.402907664522652,41.0634709947672,37.23352999252461,41.06347099476723
P0071,Product P0071,P0152,"Stella Artois draught beer, 0.4 L",151,1212,2832,0.0048464229547132,0.0388997657027313,0.0908945020380653,0.124587458745875,1.37068200993828,0.001310648121766,1.03848809003757,0.0235804628638833,17.3244830970577,3.15100861788101e-05,3.84106190179685e-05,0.423076923076923,1.18298409035957,0.193806691008561,464.897880794702,70199.58,151,2.17790296479948,0.0154014618764554,1.30815336297864,0.943633184745754,0.0192625253104436,0.870250013334761,0.320869216759463,0.5,0.5,0.184566151808364,41.053296626177,37.21899518025285,41.05329662617699
P0594,Product P0594,P0613,Product P0613,227,850,1844,0.007285682190198,0.0272811888179221,0.0591841319767628,0.267058823529412,4.51233826719408,0.0056710687107151,1.28361715540891,0.147531462658128,678.148695293871,1.6885790246508302e-149,3.17627537223112e-148,0.653846153846154,0.59124679970773,0.410901787181126,388.127533039648,88104.95,227,1.65312381260711,0.0193298169099019,1.37412965806856,0.853794761172453,0.142999563366024,0.648305229893189,0.26987392566353,0.5,0.5,0.482197360790172,41.0455479863566,37.207925694795115,41.04554798635658
P0152,"Stella Artois draught beer, 0.4 L",P0165,"Honey lemonade, 500 ml",459,2832,3686,0.014731841961678,0.0908945020380653,0.118304072921013,0.162076271186441,1.36999739049266,0.0039786521644475,1.0522388813686,0.0428549267705386,57.2212247292708,3.89445568631051e-14,6.27599875002181e-14,0.5,1.1149894730855,0.236407796049483,390.232919389978,179116.91,459,1.66751560444175,0.0392974183149458,1.26191968915039,0.910282638768707,0.0646088600042704,0.787857876316746,0.328185721752597,0.5,0.5,0.242971056483004,41.0427597263023,37.20394246614615,41.04275972630231
P0570,Product P0570,P0152,"Stella Artois draught beer, 0.4 L",180,1256,2832,0.0057771929261482,0.040311968418012,0.0908945020380653,0.143312101910828,1.57668614379791,0.0021130566306188,1.0611863433459,0.0373725855808391,43.517298236932,4.20228245954032e-11,6.137470098204139e-11,0.5,1.18687931597783,0.22863630212554,331.738333333333,59712.9,180,1.26766409697442,0.0131007329799209,1.34990663670492,0.973751805218641,0.0347384801072163,0.944657715880426,0.206577406428874,0.5,0.5,0.232316559108548,41.0426376394158,37.20376805630829,41.0426376394158
P0029,Product P0029,P0058,Product P0058,129,906,2522,0.0041403215970728,0.0290785377282794,0.0809448919985878,0.142384105960265,1.75902521387945,0.0017865625011804,1.07163954678157,0.0389829213143195,47.3483006803604,5.94296164220599e-12,8.94313262296101e-12,0.5,0.745683260746069,0.286420802240098,473.870310077519,61129.27,129,2.23923580970422,0.0134114779809302,1.26408278169057,0.911842980209057,0.0321144937151562,0.791712681747418,0.322489248187795,0.5,0.5,0.311537467054966,41.041703143557,37.20243306222435,41.041703143557044
P0613,Product P0613,P0007,Product P0007,263,1844,2157,0.0084411207754276,0.0591841319767628,0.0692300285650095,0.142624728850325,2.06015701288344,0.004343801628081,1.0856039388527,0.0725181286509144,163.850892474284,1.63055388236605e-37,5.52464063869987e-37,0.807692307692308,0.643541104794466,0.491434199811701,395.585931558935,104039.1,263,1.70410719572468,0.022825695428815,1.38344795791569,0.859584546398173,0.0572427411333256,0.662608827140164,0.285820953993981,0.5,0.5,0.592605010506991,41.0395005504193,37.19928650059903,41.03950055041932
P0159,Product P0159,P0070,"Caru' cu Flori potatoes, 180 g",307,1626,4003,0.0098533234907083,0.0521873094328722,0.128478351574285,0.188806888068881,1.46956188147942,0.0031483840016757,1.07437012914345,0.0423048262951295,55.7616308011677,8.18128163199297e-14,1.30876514083641e-13,0.807692307692308,0.456276532820371,0.554628389244212,427.982573289902,131390.65,307,1.92556095591476,0.0288264984904141,1.32323815300394,0.822174091203482,0.0623995573309714,0.570186731489056,0.329052536486127,0.5,0.5,0.679242448814086,41.025200994264,37.17885856323421,41.02520099426394
P0029,Product P0029,P0011,Product P0011,100,906,1889,0.0032095516256379,0.0290785377282794,0.0606284302082999,0.11037527593819,1.8205201018561,0.0014465655304195,1.05591891095692,0.036074715278407,40.5472550129018,1.91917963078698e-10,2.74060860888559e-10,0.346153846153846,0.979293120165425,0.174887611454394,551.3312,55133.12,100,2.76873530176441,0.0120959505143769,1.2812734533603,0.924243428592789,0.017642521851079,0.822347845652094,0.38145073955467,0.5,0.5,0.158628631248002,41.0151084536369,37.16444064805269,41.015108453636884
P0118,Product P0118,P0572,"Medium Capricciosa pizza, 550 g",110,936,1605,0.0035305067882016,0.0300414032159707,0.0515133035914883,0.117521367521368,2.28137897063131,0.001982974864023,1.07479848406582,0.0525539278562444,86.0529960339992,1.75177538698473e-20,3.48756742189844e-20,0.461538461538462,0.925812101750246,0.239659134512136,427.665909090909,47043.25,110,1.92339633409479,0.0103210706021256,1.3080207989558,0.943537560016579,0.030144886232874,0.870013773550442,0.276333637323845,0.5,0.5,0.247428549141794,41.0041314335612,37.14875919080165,41.004131433561156
P0697,Product P0697,P0535,"Grilled minced-meat rolls with mustard, 40/20/30 g",195,811,5898,0.0062586256699939,0.0260294636839234,0.189299354880123,0.240443896424168,1.27017810798369,0.0013312649867516,1.06733477790945,0.0213429360978631,14.192665344242,0.0001650124723242,0.0001944153426628,0.846153846153846,0.430641314994069,0.591450727226729,353.408974358974,68914.75,195,1.41579812212155,0.015119576140633,1.37010103962798,0.851291639797308,0.0629313405436067,0.642121297568494,0.229839376692753,0.5,0.5,0.729724828031726,40.9950885764143,37.135840823449044,40.99508857641433
P0153,Product P0153,P0165,"Honey lemonade, 500 ml",135,616,3686,0.0043328946946111,0.0197708380139295,0.118304072921013,0.219155844155844,1.85247928278992,0.0019939240325017,1.12915736191405,0.0443478933052189,61.2775823545195,4.956923533594271e-15,8.29448401096833e-15,0.5,0.879160089519733,0.26607631930273,530.097407407407,71563.15,135,2.62358744194069,0.0157006228026444,1.22404201148611,0.882959669905378,0.0627553076978506,0.720356798646962,0.374484904752979,0.5,0.5,0.283645758953252,40.9883978114883,37.12628258784051,40.988397811488355
P0058,Product P0058,P0567,"Fried Romanian cheese doughnuts, 180 g",311,2522,2807,0.0099817055557338,0.0809448919985878,0.0900921141316558,0.123314829500397,1.3687638556266,0.0026892091074225,1.03789583363182,0.0344363385827685,36.9478841067522,1.21329289717744e-09,1.6755728491399902e-09,0.846153846153846,0.449238346380338,0.583861066240226,425.329356913183,132277.43,311,1.90742436175473,0.0290210539046032,1.32702305479746,0.824525782911678,0.0356621315605567,0.575996558577921,0.327456785323871,0.5,0.5,0.719319618448459,40.9755056937316,37.10786527675937,40.975505693731556
P0697,Product P0697,P0149,"Beck's draught beer, 0.4 L",156,811,5044,0.0050069005359951,0.0260294636839234,0.161889783997176,0.192355117139334,1.18818564328117,0.0007929962826424,1.03772119874548,0.0135208919710313,5.69595199005296,0.0170040863899114,0.0186822338886136,0.692307692307692,0.666306569322433,0.415474382117574,326.06891025641,50866.75,156,1.22890961529329,0.0111599287474966,1.27879367947901,0.92245464985226,0.0391123040623556,0.817928688520874,0.196486852331611,0.5,0.5,0.488466258536426,40.9552194836611,37.07888497665867,40.95521948366107
P0048,Product P0048,P0599,Product P0599,137,1234,2260,0.0043970857271239,0.0396058670603717,0.0725358667394165,0.111021069692058,1.53056790636967,0.0015242398319337,1.04329146804335,0.0301317135746638,28.2880685168955,1.04538357006238e-07,1.35131928310196e-07,0.461538461538462,0.618910794856801,0.285091966156966,386.231386861314,52913.7,137,1.6401623240507,0.0116090200723737,1.31311176087769,0.94720991277561,0.0167261991786065,0.879086278447629,0.246450983053815,0.5,0.5,0.309715670538442,40.9424259189854,37.06060845569347,40.94242591898543
P0015,Product P0015,P0082,"Tripe soup, 300/100 g",150,1453,2454,0.0048143274384568,0.0466347851205187,0.078762396893154,0.103234686854783,1.31071032531967,0.0011412599837676,1.02728951443918,0.020093456842204,12.5795455241904,0.0003899915561848,0.0004550596660937,0.5,0.85043740334358,0.270206384229233,343.045666666667,51456.85,150,1.34495764811419,0.0112893939473354,1.34206177472914,0.968092933484188,0.0098392151036949,0.93067753889522,0.210593588350768,0.5,0.5,0.289307960628555,40.9152864532792,37.02183779039886,40.9152864532792
P0057,Product P0057,P0011,Product P0011,111,647,1889,0.003562602304458,0.0207657990178772,0.0606284302082999,0.171561051004637,2.82971289896848,0.0023036045079831,1.13390560756573,0.0676913915407425,142.765252695115,6.615422305205609e-33,1.9043339670130101e-32,0.461538461538462,0.807124003558236,0.255399441670682,502.954954954955,55828.0,111,2.43804974929057,0.0122484039596641,1.24587092374107,0.898705901634497,0.0588757983572037,0.759257681500151,0.3427308647868,0.5,0.5,0.269008063059599,40.9073675234791,37.010525033541555,40.90736752347909
P0166,Product P0166,P0058,Product P0058,110,995,2522,0.0035305067882016,0.0319350386750971,0.0809448919985878,0.110552763819095,1.36577813731624,0.0009455285316752,1.03328794628407,0.0197161976839953,12.1116123513708,0.000501087888165,0.0005828218400725,0.307692307692308,1.60011769128899,0.118337838599826,431.574545454546,47473.2,110,1.95011460406644,0.0104153996356295,1.36158367299427,0.98217500639211,0.0094736708047598,0.965467136682486,0.27976441372747,0.5,0.5,0.0811004992952967,40.9051094172473,37.00729916749611,40.905109417247274
P0007,Product P0007,P0613,Product P0613,263,2157,1844,0.0084411207754276,0.0692300285650095,0.0591841319767628,0.121928604543347,2.06015701288344,0.004343801628081,1.07145714219964,0.0725181286509144,163.850892474284,1.63055388236605e-37,5.52464063869987e-37,0.807692307692308,0.643541104794466,0.491434199811701,395.585931558935,104039.1,263,1.70410719572468,0.022825695428815,1.38344795791569,0.859584546398173,0.0498097608445971,0.662608827140164,0.285820953993981,0.5,0.5,0.592605010506991,40.8908409446448,36.986915635206785,40.89084094464475
P0686,Product P0686,P0009,"Borsec sparkling mineral water, 750 ml",231,341,3139,0.0074140642552235,0.0109445710434252,0.100747825528774,0.67741935483871,6.72391042966221,0.0063114225212532,2.7876817408608,0.201538943808267,1265.53333951371,3.49452186815967e-277,1.2708411193874e-275,0.923076923076923,0.694058518590177,0.544890812771404,309.470562770563,71487.7,231,1.11544827278108,0.0156840694230006,1.23852938106379,0.769541571933429,0.32542776991188,0.440158703093778,0.195879275917544,0.5,0.5,0.665892508123345,40.8882400596975,36.98320008528213,40.88824005969749
P0567,"Fried Romanian cheese doughnuts, 180 g",P0058,Product P0058,311,2807,2522,0.0099817055557338,0.0900921141316558,0.0809448919985878,0.110794442465265,1.3687638556266,0.0026892091074225,1.0335687853205,0.0344363385827685,36.9478841067522,1.21329289717744e-09,1.6755728491399902e-09,0.846153846153846,0.449238346380338,0.583861066240226,425.329356913183,132277.43,311,1.90742436175473,0.0290210539046032,1.32702305479746,0.824525782911678,0.0311654543731278,0.575996558577921,0.327456785323871,0.5,0.5,0.719319618448459,40.885572149983,36.97938878568998,40.885572149982984
P0140,Product P0140,P0165,"Honey lemonade, 500 ml",254,931,3686,0.0081522611291202,0.0298809256346888,0.118304072921013,0.272824919441461,2.30613293951101,0.0046172259238866,1.21249469440257,0.0839677110608104,219.674812035168,1.06491663514942e-49,5.0957195129299194e-49,0.730769230769231,0.633615172581151,0.44733254381728,445.578937007874,113177.05,254,2.04584443910346,0.0248305192262502,1.33361000175043,0.828618483165647,0.109108012542217,0.586107527085923,0.331965161650911,0.5,0.5,0.532142893107131,40.8650429566523,36.95006136664618,40.865042956652324
P0142,Product P0142,P0612,"Sour cream, 50 g",125,813,2147,0.0040119395320473,0.0260936547164361,0.0689090734024457,0.153751537515375,2.2312234067846,0.0022138499638544,1.10025715599391,0.0548261662974877,93.6550914734813,3.75586694669474e-22,7.83489644138424e-22,0.653846153846154,0.713718309663167,0.381536539674754,380.464,47558.0,125,1.60073819121881,0.0104340043618561,1.26230957107751,0.910563879130102,0.0448482715273257,0.788552677367588,0.238452143633554,0.5,0.5,0.441938440752548,40.8564462580949,36.93778036870691,40.856446258094834
P0579,Product P0579,P0095,Product P0095,162,601,3929,0.0051994736335334,0.0192894052700838,0.126103283371313,0.26955074875208,2.137539495767,0.0027670162946959,1.19638252094269,0.0606022310987148,114.428145813423,1.050029948215e-26,2.57434308652261e-26,0.769230769230769,0.467386630291886,0.524218193999599,455.442469135802,73781.68,162,2.11326859672525,0.0161873579827805,1.32151102405856,0.821100965653228,0.0908775154095704,0.567535587263865,0.315444724763596,0.5,0.5,0.637550935115258,40.8526658998932,36.932379856990295,40.8526658998932
P0052,Product P0052,P0070,"Caru' cu Flori potatoes, 180 g",109,421,4003,0.0034984112719453,0.0135122123439356,0.128478351574285,0.258907363420428,2.01518279342749,0.0017623845038747,1.17599555765137,0.0456181333683819,64.8381560649264,8.130933735061801e-16,1.3991874928947e-15,0.5,0.572159399243634,0.318033909437268,403.451376146789,43976.2,109,1.75787302410935,0.009648174074138,1.25946061583939,0.908508792333224,0.07650545940051,0.783475609271947,0.254828571974968,0.5,0.5,0.354878138864918,40.8449742015977,36.92139171656812,40.84497420159768
P0127,Product P0127,P0535,"Grilled minced-meat rolls with mustard, 40/20/30 g",110,363,5898,0.0035305067882016,0.0116506724010656,0.189299354880123,0.303030303030303,1.60079944922264,0.0013250420187603,1.16317918647634,0.0315205722421422,30.9559275051275,2.63954698462644e-08,3.4863750123819e-08,0.461538461538462,0.905461692144675,0.242218703971415,360.378636363636,39641.65,110,1.46344064849832,0.0086971939318552,1.30443369115641,0.940950008699921,0.0844869028031064,0.863621258034505,0.217272735756051,0.5,0.5,0.250937646150749,40.8169943933807,36.881420561972476,40.81699439338073
P0166,Product P0166,P0537,Product P0537,105,995,1610,0.0033700292069197,0.0319350386750971,0.0516737811727702,0.105527638190955,2.04218920690409,0.0017198250066788,1.0602074019473,0.0441859590489738,60.8308949288065,6.2194164852918906e-15,1.02808839173537e-14,0.307692307692308,1.4773704311756,0.124201170652665,437.21,45907.05,105,1.98863688701895,0.0100717935981317,1.34810770337004,0.97245414911808,0.0207628506145894,0.941451871534933,0.283351206844562,0.5,0.5,0.0891389609570988,40.8027081894527,36.86101169921811,40.80270818945267
P0569,Product P0569,P0094,Product P0094,106,998,1003,0.0034021247231761,0.0320313252238662,0.0321918028051481,0.106212424849699,3.29936243374086,0.0023709786179819,1.08281679461935,0.0762855417881732,181.317659433458,2.49877685427438e-41,9.24123914580796e-41,0.5,0.905348710363669,0.26241915575893,418.895566037736,44402.93,106,1.86344489025653,0.0097417966545942,1.29214100308277,0.932082708638399,0.0413351097529137,0.84171469608042,0.267593351137703,0.5,0.5,0.278631891638072,40.7991820558015,36.855974365430654,40.79918205580145
P0094,Product P0094,P0569,Product P0569,106,1003,998,0.0034021247231761,0.0321918028051481,0.0320313252238662,0.10568295114656,3.29936243374086,0.0023709786179819,1.08235516254232,0.0762855417881732,181.317659433458,2.49877685427438e-41,9.24123914580796e-41,0.5,0.905348710363669,0.26241915575893,418.895566037736,44402.93,106,1.86344489025653,0.0097417966545942,1.29214100308277,0.932082708638399,0.0411449501104387,0.84171469608042,0.267593351137703,0.5,0.5,0.278631891638072,40.795378862952,36.85054123278851,40.79537886295195
P0165,"Honey lemonade, 500 ml",P0152,"Stella Artois draught beer, 0.4 L",459,3686,2832,0.014731841961678,0.118304072921013,0.0908945020380653,0.124525230602279,1.36999739049266,0.0039786521644475,1.03841427501943,0.0428549267705386,57.2212247292708,3.89445568631051e-14,6.27599875002181e-14,0.5,1.1149894730855,0.236407796049483,390.232919389978,179116.91,459,1.66751560444175,0.0392974183149458,1.26191968915039,0.910282638768707,0.0511224632111661,0.787857876316746,0.328185721752597,0.5,0.5,0.242971056483004,40.7730317904402,36.818616843486026,40.773031790440214
P0572,"Medium Capricciosa pizza, 550 g",P0009,"Borsec sparkling mineral water, 750 ml",222,1605,3139,0.0071252046089161,0.0515133035914883,0.100747825528774,0.138317757009346,1.37291059418292,0.0019353512862701,1.04360067970088,0.0290888058692891,26.3637643383603,2.82796379646508e-07,3.62977470816871e-07,0.807692307692308,0.425512955692916,0.566597661891963,506.222612612613,112381.42,222,2.46038648040337,0.0246559616988011,1.29539149131993,0.804871987488347,0.0319451320366346,0.52744208494029,0.380550703193547,0.5,0.5,0.69565198155614,40.7552782189708,36.79325459852976,40.75527821897083
P0027,Product P0027,P0072,"French fries, 180 g",301,1375,5580,0.00966075039317,0.0441313348525211,0.179092980710595,0.218909090909091,1.22232088628218,0.0017571380916947,1.050975001418,0.0223124357177738,15.5113500491161,8.20113430246103e-05,9.78931895403171e-05,0.884615384615385,0.501236913288771,0.589257682638146,374.775946843854,112807.56,301,1.56185635988425,0.024749454835997,1.33321368407096,0.82837223714621,0.0637928803535196,0.585499179151005,0.274432754048631,0.5,0.5,0.726718226207186,40.741678533135,36.7738264759071,40.74167853313497
P0166,Product P0166,P0007,Product P0007,169,995,2157,0.005424142247328,0.0319350386750971,0.0692300285650095,0.169849246231156,2.45340424887535,0.0032132786076263,1.12120595832665,0.0719936134077424,161.489235134934,5.34906068537959e-37,1.7901304318248897e-36,0.384615384615385,1.74699702963131,0.140013032583077,408.417159763314,69022.5,169,1.79181763674241,0.0151432159902901,1.32194524158095,0.953581922177802,0.0619266058900331,0.894828253769615,0.274425864854645,0.5,0.5,0.110816574434195,40.7317802346278,36.7596860494683,40.731780234627806
P0094,Product P0094,P0007,Product P0007,165,1003,2157,0.0052957601823025,0.0321918028051481,0.0692300285650095,0.164506480558325,2.37623014128685,0.0030671207545429,1.11403613526169,0.0684534183166349,145.997666521438,1.2997243683598e-33,3.8324305023798496e-33,0.5,0.657481436338692,0.301662503746938,359.225333333333,59272.18,165,1.45555701368147,0.0130040410584281,1.28767083297271,0.928858162513547,0.0578733168280602,0.833748492279062,0.228549187484372,0.5,0.5,0.332433406790124,40.7277539997311,36.75393428533018,40.72775399973112
P0592,Product P0592,P0007,Product P0007,101,565,2157,0.0032416471418942,0.0181339666848541,0.0692300285650095,0.178761061946903,2.58213185307355,0.0019862321103049,1.13337291780338,0.0586393349936496,107.135575605955,4.15733835005609e-25,9.650332212577e-25,0.384615384615385,0.950564315789229,0.197181595860254,373.186138613861,37691.8,101,1.55098890598466,0.0082694058960891,1.33025325287646,0.959574885525642,0.0556775866506985,0.909633800210715,0.226425387732009,0.5,0.5,0.189193050475893,40.7266659966274,36.752379995181975,40.72666599662738
P0110,Product P0110,P0072,"French fries, 180 g",246,614,5580,0.0078954969990692,0.0197066469814167,0.179092980710595,0.400651465798046,2.237114286715,0.0043661748513558,1.36966551587961,0.0819276427857063,209.130103993521,2.12644566486863e-47,9.31707719024769e-47,0.807692307692308,0.526721220784442,0.52903719205351,409.963089430894,100850.92,246,1.80238514990375,0.0221262235413012,1.28703135034957,0.799677539845617,0.153157657218366,0.514609262287033,0.295473746934659,0.5,0.5,0.644157644535015,40.7063897741513,36.7234139630733,40.706389774151305
P0058,Product P0058,P0165,"Honey lemonade, 500 ml",414,2522,3686,0.0132875437301409,0.0809448919985878,0.118304072921013,0.164155432196669,1.38757211094727,0.0037114333245564,1.05485632262486,0.0421324677246134,55.3081876728741,1.03038499573361e-13,1.64109493481076e-13,0.769230769230769,0.640079011055975,0.469020555744747,409.103743961353,169368.95,414,1.79651092111446,0.037158761156125,1.34572708518079,0.836147250405903,0.0615751227070463,0.604707259230126,0.337395280020422,0.5,0.5,0.561876541283381,40.6923186519857,36.70331235997957,40.6923186519857
P0166,Product P0166,P0599,Product P0599,150,995,2260,0.0048143274384568,0.0319350386750971,0.0725358667394165,0.150753768844221,2.0783341486192,0.0024978917288018,1.09210273679797,0.0547725135922162,93.4718800359928,4.1201272157743003e-22,8.578356474064419e-22,0.346153846153846,1.5292126690717,0.136862293308414,486.457666666667,72968.65,150,2.32527921724839,0.0160089829761292,1.29263807625673,0.932441271139915,0.0447249605355132,0.842600520581607,0.34004039201268,0.5,0.5,0.106497000404024,40.6122874666363,36.58898209519463,40.61228746663624
P0048,Product P0048,P0070,"Caru' cu Flori potatoes, 180 g",271,1234,4003,0.0086978849054787,0.0396058670603717,0.128478351574285,0.219611021069692,1.70932315350197,0.0036093883928918,1.11677851937418,0.0553063551272662,95.3028109294035,1.63380995804162e-22,3.44774983408783e-22,0.846153846153846,0.414992880076763,0.597991592797232,348.846051660517,94537.28,271,1.38460734631764,0.0207410402430299,1.33743377022774,0.830994324102266,0.0769021744283345,0.591977014563509,0.242083259583875,0.5,0.5,0.738692168896896,40.6061706604833,36.58024380069047,40.60617066048333
P0118,Product P0118,P0082,"Tripe soup, 300/100 g",106,936,2454,0.0034021247231761,0.0300414032159707,0.078762396893154,0.113247863247863,1.43784175844078,0.0010359917998526,1.038889634347,0.022530681171167,15.816277575404,6.97994392063308e-05,8.35907663821152e-05,0.461538461538462,1.05053964501015,0.225081462170987,427.724056603774,45338.75,106,1.92379381311365,0.0099471112170634,1.31170353837779,0.946194094967069,0.0116312879026367,0.87657671233365,0.275320528187624,0.5,0.5,0.22744297452712,40.5450003137494,36.492857591070596,40.54500031374941
P0116,Product P0116,P0072,"French fries, 180 g",165,418,5580,0.0052957601823025,0.0134159257951664,0.179092980710595,0.394736842105263,2.20408885116016,0.002893062042654,1.35628116230423,0.0655834269677939,134.012048863215,5.430491049029981e-31,1.4923591270759999e-30,0.461538461538462,1.20224526032599,0.209576321880762,371.136424242424,61237.51,165,1.53697767115853,0.013435225334312,1.26644372249908,0.913546039007191,0.138340087853852,0.795920068755179,0.239411525674934,0.5,0.5,0.206185867704476,40.535292322724,36.47898903246294,40.53529232272406
P0089,Product P0089,P0070,"Caru' cu Flori potatoes, 180 g",235,1128,4003,0.007542446320249,0.0362037423371955,0.128478351574285,0.208333333333333,1.62154425847281,0.002891049183946,1.10086945064301,0.0462521645530947,66.6530087492011,3.23761714979123e-16,5.642556406425301e-16,0.961538461538462,0.484901159150508,0.64754374768523,349.923829787234,82232.1,235,1.3919747154664,0.0180413408907984,1.32445452363347,0.822929864768983,0.0660607646789292,0.572053861316743,0.235301923936926,0.5,0.5,0.806626765426176,40.5345986529137,36.47799807559103,40.53459865291372
P0160,Product P0160,P0095,Product P0095,186,735,3929,0.0059697660236864,0.0235902044484386,0.126103283371313,0.253061224489796,2.00677744246082,0.0029949637873378,1.16997101406573,0.059445147404856,110.100286960884,9.31565837359163e-26,2.21424472452908e-25,0.730769230769231,0.597047106600034,0.45757525106756,427.904569892473,79590.25,186,1.92502774800353,0.0174617312683717,1.3553578267354,0.842131166579497,0.0855802745880249,0.619490454732184,0.296770459000657,0.5,0.5,0.546185353742559,40.4986773038429,36.42668186263273,40.49867730384291
P0613,Product P0613,P0149,"Beck's draught beer, 0.4 L",334,1844,5044,0.0107199024296306,0.0591841319767628,0.161889783997176,0.181127982646421,1.11883516164047,0.0011385960878521,1.02349353530411,0.013099491583532,5.34643775087807,0.0207646524557806,0.0226996350994556,0.807692307692308,0.545437379428132,0.522630239467343,390.509910179641,130430.31,334,1.6694090306931,0.0286158043538048,1.34876221103788,0.838033080131699,0.0488482772478153,0.609366179694796,0.298127679160451,0.5,0.5,0.63537389456678,40.480581667729,36.40083095389864,40.48058166772905
P0048,Product P0048,P0072,"French fries, 180 g",348,1234,5580,0.0111692396572199,0.0396058670603717,0.179092980710595,0.282009724473258,1.57465537372998,0.0040761068717503,1.14334002460849,0.0545073142569926,92.5689209601063,6.502053288270449e-22,1.33844153537794e-21,0.846153846153846,0.505197901432206,0.562154548148602,337.645172413793,117500.52,348,1.30804148349702,0.0257790684679836,1.32802555803715,0.825148673196507,0.104326935580602,0.577535401801961,0.247300849819608,0.5,0.5,0.689560598846929,40.4788697325127,36.39838533216101,40.478869732512706
P0482,Product P0482,P0567,"Fried Romanian cheese doughnuts, 180 g",139,713,2807,0.0044612767596366,0.0228841030907982,0.0900921141316558,0.194950911640954,2.16390650302714,0.0023995995321799,1.13025143314308,0.0560475557578456,97.8743722748025,4.45785987275135e-23,9.63074281420144e-23,0.5,0.839382476161965,0.271830359634226,437.409208633094,60799.88,139,1.98999861769545,0.0133392113444705,1.25423481623032,0.904739174742881,0.0607573529719278,0.774162812737138,0.292775512374446,0.5,0.5,0.29153438477017,40.4692574093719,36.384653441959905,40.469257409371934
P0614,Product P0614,P0159,Product P0159,200,845,1626,0.0064191032512758,0.0271207112366402,0.0521873094328722,0.236686390532544,4.53532464318726,0.0050037463019296,1.24170809849492,0.138506945766607,597.721310115427,5.2412366920589406e-132,8.66392307732773e-131,0.730769230769231,0.669184254301728,0.43780021821194,450.01575,90003.15,200,2.07617316664645,0.0197462731755076,1.32034435681276,0.820376074536412,0.126799125239848,0.565744752167462,0.321142220342489,0.5,0.5,0.519074345524323,40.4644654102392,36.377807728913155,40.46446541023921
P0160,Product P0160,P0567,"Fried Romanian cheese doughnuts, 180 g",117,735,2807,0.0037551754019963,0.0235902044484386,0.0900921141316558,0.159183673469388,1.76689907883353,0.0016298840104385,1.08217200018322,0.0375087576066265,43.8349981958317,3.5725905507315495e-11,5.25295996071176e-11,0.5,0.731406511257238,0.288782557273007,420.003418803419,49140.4,117,1.87101784064858,0.0107811755738962,1.2729811988676,0.918261831375586,0.0366979688585662,0.807570379104902,0.271436587374722,0.5,0.5,0.314775366105456,40.4618523678184,36.37407481116909,40.46185236781836
P0597,"Assorted pickled vegetables, 180 g",P0152,"Stella Artois draught beer, 0.4 L",129,971,2832,0.0041403215970728,0.031164746284944,0.0908945020380653,0.132852729145211,1.4616145769694,0.0013076175023602,1.04838650655705,0.0261786960637808,21.3526438436274,3.82093461060346e-06,4.72634882105258e-06,0.5,1.0530849253136,0.243535955982741,478.71511627907,61754.25,129,2.27235345688615,0.0135485956908018,1.26744370390189,0.9142673731126,0.0220160478581693,0.797702116296157,0.326798994999272,0.5,0.5,0.252743561233939,40.4577787954114,36.36825542201622,40.45777879541135
P0166,Product P0166,P0082,"Tripe soup, 300/100 g",116,995,2454,0.0037230798857399,0.0319350386750971,0.078762396893154,0.116582914572864,1.48018495083404,0.0012077996948137,1.04281162126429,0.0255013781481289,20.2620291962001,6.75275379036707e-06,8.32458122631692e-06,0.307692307692308,1.67529536372482,0.115012462498312,399.306896551724,46319.6,116,1.72954260029629,0.0101623051524335,1.36212680739409,0.982566795044683,0.0150036349661751,0.966435046004482,0.252931897318513,0.5,0.5,0.0765415031371055,40.4528265971545,36.3611808530778,40.452826597154456
P0153,Product P0153,P0072,"French fries, 180 g",182,616,5580,0.0058413839586609,0.0197708380139295,0.179092980710595,0.295454545454545,1.64972710980776,0.0023005656476,1.16515834995916,0.043099478508707,57.8761541918899,2.79150643183632e-14,4.52530983229335e-14,0.692307692307692,0.605778755125328,0.43113516734356,486.660164835165,88572.15,182,2.32666343420575,0.0194323184204335,1.14259650137328,0.824209153134154,0.0921159417706017,0.575214328384995,0.349909384217736,0.5,0.5,0.509936750143983,40.4441605889065,36.348800841294974,40.444160588906485
P0159,Product P0159,P0613,Product P0613,206,1626,1844,0.006611676348814,0.0521873094328722,0.0591841319767628,0.126691266912669,2.14062896051954,0.0035230157398268,1.0773004235252,0.0671298864054269,140.406579311834,2.16922766382102e-32,6.19535963672444e-32,0.807692307692308,0.418372166920993,0.569450195462908,421.289223300971,86785.58,206,1.87980721589361,0.0190403532584678,1.32897141101642,0.825736364695483,0.0455122160792801,0.578987286833805,0.295891867297295,0.5,0.5,0.699562724038811,40.4034546445957,36.29064949227959,40.40345464459571
P0159,Product P0159,P0579,Product P0579,213,1626,601,0.0068363449626087,0.0521873094328722,0.0192894052700838,0.1309963099631,6.79110154662279,0.0058296828010027,1.12854594977413,0.190577383235494,1131.61410805067,4.44453735550927e-248,1.31053790671908e-246,0.769230769230769,0.538704889250831,0.499920923501643,378.594131455399,80640.55,213,1.58795632871276,0.0176921622112468,1.33357272954763,0.82859532464396,0.124218790404598,0.586050314226702,0.257515583732616,0.5,0.5,0.604240067570299,40.3980944429813,36.28299206140187,40.398094442981304
P0482,Product P0482,P0009,"Borsec sparkling mineral water, 750 ml",108,713,3139,0.0034663157556889,0.0228841030907982,0.100747825528774,0.151472650771388,1.50348307744,0.0011607921301147,1.05977983536857,0.0257902694013214,20.7237045349143,5.30551360093094e-06,6.555283509191e-06,0.423076923076923,0.800120550323756,0.235026994720343,509.748611111111,55052.85,108,2.48448915229144,0.012078339649115,1.25408969942729,0.904634495096839,0.0271516366574275,0.773904202885723,0.347747007024309,0.5,0.5,0.241078017090586,40.3868371022551,36.266910146078644,40.38683710225505
P0159,Product P0159,P0535,"Grilled minced-meat rolls with mustard, 40/20/30 g",425,1626,5898,0.0136405944089611,0.0521873094328722,0.189299354880123,0.261377613776138,1.3807633625675,0.0037615704003889,1.09758472020393,0.0431738377367384,58.0760331140568,2.52180023253035e-14,4.09417269894437e-14,0.769230769230769,0.574431363419846,0.488576883758154,384.988941176471,163620.3,425,1.6316693366903,0.035897534040292,1.31795003786842,0.818888400531815,0.0977121681650358,0.562069470793982,0.314303020190214,0.5,0.5,0.588687711376547,40.3685702967501,36.240814709643004,40.3685702967501
P0015,Product P0015,P0007,Product P0007,259,1453,2157,0.0083127387104021,0.0466347851205187,0.0692300285650095,0.178251892635926,2.57477710656353,0.0050842112043855,1.13267066038111,0.0949883853041282,281.123172178053,4.2740458953995996e-63,2.66456232678912e-62,0.653846153846154,0.716848199525876,0.380840981763396,414.72027027027,107412.55,259,1.83490381629925,0.0235658146940176,1.38344036719343,0.859579830017258,0.0813789923219234,0.662597175375816,0.303405069395058,0.5,0.5,0.440984850617514,40.3574732480311,36.22496178290155,40.357473248031084
P0090,Product P0090,P0165,"Honey lemonade, 500 ml",110,471,3686,0.0035305067882016,0.0151169881567545,0.118304072921013,0.233545647558386,1.97411333178965,0.0017421055189589,1.15035673588422,0.0442069173261231,60.8886152155375,6.039711085916261e-15,1.0014171420569401e-14,0.384615384615385,1.42943597891579,0.15831468207161,354.652727272727,39011.8,110,1.42430004530807,0.0085590077665978,1.33651755360492,0.964093623323437,0.0666851103244901,0.920797289529319,0.212246861775766,0.5,0.5,0.135907615916327,40.3536613917548,36.21951627393539,40.35366139175477
P0573,Product P0573,P0165,"Honey lemonade, 500 ml",113,458,3686,0.0036267933369708,0.0146997464454216,0.118304072921013,0.246724890829694,2.08551476494324,0.0018877534615712,1.17048328870196,0.0485676164978408,73.4935482401698,1.0096564614939501e-17,1.86700881269475e-17,0.461538461538462,1.05076108794072,0.225057157682818,409.438761061947,46266.58,113,1.79880099788447,0.0101506728106347,1.27925883656357,0.922790189761824,0.0740038359332263,0.818757635975671,0.261098885498913,0.5,0.5,0.227409653764352,40.3513036857997,36.216148122571035,40.35130368579972
P0160,Product P0160,P0576,Product P0576,206,735,1175,0.006611676348814,0.0235902044484386,0.0377122316012453,0.280272108843537,7.43186220871327,0.0057220370951338,1.33701608652757,0.197913379070037,1220.41051784407,2.23642932911818e-267,7.39377090323615e-266,0.730769230769231,0.543606525223158,0.473416780007187,322.983737864078,66534.65,206,1.2078202989132,0.014597393252756,1.33945549891993,0.832250494766926,0.184317305169705,0.595080369620783,0.20373510803932,0.5,0.5,0.567903639846423,40.3416920550604,36.202417221514835,40.341692055060385
P0118,Product P0118,P0007,Product P0007,135,936,2157,0.0043328946946111,0.0300414032159707,0.0692300285650095,0.144230769230769,2.08335562212475,0.0022531274918365,1.08764131493527,0.051997279748709,84.2397137241292,4.38277800299388e-20,8.631066428278571e-20,0.384615384615385,1.30712880938321,0.166707373706719,410.04,55355.4,135,1.80291088756718,0.0121447177142077,1.3168780680908,0.949926729145017,0.0401990645851626,0.885798141777093,0.267238570760017,0.5,0.5,0.147413757703995,40.3388531194854,36.198361599264864,40.33885311948541
P0614,Product P0614,P0070,"Caru' cu Flori potatoes, 180 g",227,845,4003,0.007285682190198,0.0271207112366402,0.128478351574285,0.268639053254438,2.09092854915027,0.0038012579169923,1.19164367786364,0.0699347865620659,152.384972792256,5.220209270130811e-35,1.59978885216649e-34,0.884615384615385,0.52130310599879,0.581485294499943,398.104625550661,90369.75,227,1.72132423506683,0.0198267035131807,1.2971202669969,0.805946136210465,0.0988651042096397,0.530095756899704,0.279357296788346,0.5,0.5,0.716062502890385,40.3269881868576,36.18141169551092,40.32698818685764
P0165,"Honey lemonade, 500 ml",P0058,Product P0058,414,3686,2522,0.0132875437301409,0.118304072921013,0.0809448919985878,0.112316874660879,1.38757211094727,0.0037114333245564,1.03534142056638,0.0421324677246134,55.3081876728741,1.03038499573361e-13,1.64109493481076e-13,0.769230769230769,0.640079011055975,0.469020555744747,409.103743961353,169368.95,414,1.79651092111446,0.037158761156125,1.34572708518079,0.836147250405903,0.042957386813871,0.604707259230126,0.337395280020422,0.5,0.5,0.561876541283381,40.3199639341222,36.17137704874598,40.319963934122185
P0159,Product P0159,P0578,Product P0578,193,1626,615,0.0061944346374811,0.0521873094328722,0.0197387424976731,0.11869618696187,6.01336113361134,0.0051643227749392,1.11228527892448,0.166931772623376,868.227714070313,7.92267489771541e-191,1.92080851409056e-189,0.730769230769231,0.562736224276516,0.467621611003193,384.654300518135,74238.28,193,1.62938183316705,0.0162875339025337,1.35780464434605,0.843651459839491,0.104288155404381,0.623246321597786,0.258438126206528,0.5,0.5,0.559958627788012,40.319038342054,36.17005477436288,40.319038342054014
P0613,Product P0613,P0159,Product P0159,206,1844,1626,0.006611676348814,0.0591841319767628,0.0521873094328722,0.111713665943601,2.14062896051954,0.0035230157398268,1.06701257717081,0.0671298864054269,140.406579311834,2.16922766382102e-32,6.19535963672444e-32,0.807692307692308,0.418372166920993,0.569450195462908,421.289223300971,86785.58,206,1.87980721589361,0.0190403532584678,1.32897141101642,0.825736364695483,0.0401330343965538,0.578987286833805,0.295891867297295,0.5,0.5,0.699562724038811,40.2958710109412,36.13695858705883,40.29587101094118
P0057,Product P0057,P0072,"French fries, 180 g",232,647,5580,0.0074461597714799,0.0207657990178772,0.179092980710595,0.358578052550232,2.00218931600494,0.0037271509285311,1.27982371441023,0.0681668307187795,144.777755656733,2.4018690906312197e-33,6.98783780767642e-33,0.653846153846154,0.621794998747392,0.403162023776838,445.869956896552,103441.83,232,2.04783376408266,0.0226946571642706,1.32474923077644,0.823112976612375,0.130322082528157,0.572506237002009,0.326145553724179,0.5,0.5,0.471586365056669,40.2953411156536,36.136201593790844,40.295341115653585
P0573,Product P0573,P0009,"Borsec sparkling mineral water, 750 ml",101,458,3139,0.0032416471418942,0.0146997464454216,0.100747825528774,0.220524017467249,2.18887123677193,0.0017606796516937,1.15366245352331,0.0486051778887011,73.6072695862226,9.5313006864914e-18,1.7684777294153302e-17,0.423076923076923,0.818685506732376,0.232627863097157,470.259405940594,47496.2,101,2.21455274824838,0.0104204457288278,1.25069955067999,0.902189019704038,0.0643461831232462,0.767862684291801,0.31108732286118,0.5,0.5,0.237788875796727,40.2438125634918,36.062589376416874,40.243812563491815
P0118,Product P0118,P0159,Product P0159,121,936,1626,0.0038835574670218,0.0300414032159707,0.0521873094328722,0.129273504273504,2.47710613324082,0.0023157774615923,1.08853089370654,0.060998113566671,115.928026487282,4.92862804603024e-27,1.21654597244774e-26,0.461538461538462,0.971823350540229,0.234066840425646,405.312396694215,49042.8,121,1.7705944043512,0.0107597625871071,1.2919453789331,0.931941595643095,0.0396547440244895,0.84136607806223,0.259486078447462,0.5,0.5,0.239761672831419,40.2077547389978,36.01107819856831,40.20775473899782
P0614,Product P0614,P0613,Product P0613,128,845,1844,0.0041082260808165,0.0271207112366402,0.0591841319767628,0.151479289940828,2.55945782900563,0.0025031103276835,1.10877183888373,0.0653047870654512,132.875731912127,9.62519534942657e-31,2.63185166070787e-30,0.692307692307692,0.493718352750011,0.463479404288713,441.74609375,56543.5,128,2.01964426814981,0.0124053813372011,1.36803426537844,0.850007480754219,0.0503199421025712,0.638948797546937,0.293638065252024,0.5,0.5,0.554279780066352,40.2009338986942,36.00133414099166,40.20093389869416
P0074,Product P0074,P0011,Product P0011,133,805,1889,0.0042687036620984,0.0258368905863851,0.0606284302082999,0.165217391304348,2.72508113333487,0.0027022535443822,1.12528885964631,0.071372887086546,158.716531317872,2.1581301802644498e-36,7.07063071071627e-36,0.653846153846154,0.638065817296862,0.399157437352018,555.122180451128,73831.25,133,2.79464931108307,0.0161982334105995,1.32420285242052,0.822773492652355,0.0589912092756217,0.571667545816304,0.396148784229296,0.5,0.5,0.466096190842213,40.1971126948466,35.99587527835222,40.19711269484655
P0083,Product P0083,P0018,"Hot pepper, 1 pc.",221,614,2461,0.0070931090926597,0.0197066469814167,0.0789870655069487,0.359934853420195,4.5568834733901,0.0055365388766162,1.43893623862273,0.14768728340754,679.581954877075,8.23826794482865e-150,1.57683339084352e-148,0.769230769230769,0.594949409519597,0.482291641753367,228.384524886878,50472.98,221,0.56116835273946,0.0110735374379889,1.19907378621558,0.864948902516585,0.176232663185159,0.6758614067119,0.117183572533978,0.5,0.5,0.580070823157474,40.1862610801955,35.98037297170783,40.18626108019548
P0601,Cornflake-crusted pike-perch with potatoes and sauce,P0082,"Tripe soup, 300/100 g",178,952,2454,0.0057130018936354,0.0305549314760728,0.078762396893154,0.186974789915966,2.37390934368858,0.0033064222536738,1.13309844723219,0.0713199064678954,158.480985878468,2.4296529060374897e-36,7.91269050891613e-36,0.769230769230769,0.654091580327951,0.465047267260895,512.683988764045,91257.75,178,2.50455451660353,0.0200215265897047,1.30324499622628,0.809751644445395,0.068015747200337,0.539497220855686,0.372641497739872,0.5,0.5,0.556429275656789,40.1673820724858,35.95340296069398,40.16738207248578
P0148,Product P0148,P0535,"Grilled minced-meat rolls with mustard, 40/20/30 g",174,461,5898,0.0055846198286099,0.0147960329941907,0.189299354880123,0.377440347071584,1.99388078903176,0.0027837403280246,1.30220556585458,0.0588556517551323,107.927466124897,2.7879683604262e-25,6.49930231030978e-25,0.576923076923077,0.734505023592067,0.332615396943792,378.254137931035,65816.22,174,1.5856322345972,0.0144397730468246,1.2089462518166,0.872070381098557,0.128978418259186,0.69345493694977,0.248019943355721,0.5,0.5,0.374868943962929,40.1577554109228,35.93965058703261,40.157755410922825
P0089,Product P0089,P0007,Product P0007,131,1128,2157,0.0042045126295856,0.0362037423371955,0.0692300285650095,0.11613475177305,1.67751991701108,0.0016981265134213,1.05306773097158,0.0358123033968478,39.9595091209344,2.59282246279173e-10,3.6832933683669e-10,0.538461538461538,0.817988203427141,0.296185386377353,315.519694656489,41333.08,131,1.15679833039349,0.0090682858196086,1.32040522683388,0.952471036358552,0.0211419522893876,0.892083823237834,0.182019337345668,0.5,0.5,0.324924434486352,40.1541466023213,35.9344951461733,40.154146602321305
P0482,Product P0482,P0076,"Grilled pork neck, 150 g",109,713,2088,0.0034984112719453,0.0228841030907982,0.0670154379433193,0.152875175315568,2.28119340867201,0.0019648230813754,1.10135429262651,0.052548316279964,86.0346199700188,1.76812956813524e-20,3.51371467911757e-20,0.5,0.65616173950506,0.301902880662745,453.434862385321,49424.4,109,2.09954519701089,0.0108434838551268,1.24054769152312,0.894866001273329,0.0427579659164166,0.749771252195196,0.298670115206967,0.5,0.5,0.332762956712367,40.1516162334953,35.930880333564666,40.15161623349526
P0156,Product P0156,P0009,"Borsec sparkling mineral water, 750 ml",164,1346,3139,0.0052636646660461,0.0432005648810861,0.100747825528774,0.12184249628529,1.2093809037148,0.000911301692662,1.0240215117075,0.0148918420073467,6.90959312198944,0.0085734498277678,0.0096033200842861,0.576923076923077,0.704555701344404,0.338459503827332,519.829268292683,85252.0,164,2.55339751188578,0.0187038929277295,1.39145842789713,0.864561731239884,0.0150764906233254,0.674904904563438,0.374688875187743,0.5,0.5,0.382881048463826,40.1222158921284,35.88887984589769,40.12221589212838
P0570,Product P0570,P0165,"Honey lemonade, 500 ml",259,1256,3686,0.0083127387104021,0.040311968418012,0.118304072921013,0.206210191082803,1.74305233954609,0.003543668659088,1.11074231134524,0.0557842758958345,96.957014567544,7.08488830623048e-23,1.5156104200191099e-22,0.615384615384615,0.621941873319561,0.379412249913206,453.612548262548,117485.65,259,2.100759804561,0.0257758060590332,1.35790258156342,0.843712311654033,0.0715231769915803,0.62339665529982,0.34114683390807,0.5,0.5,0.439026099842486,40.1115943224143,35.87370617487752,40.11159432241426
P0567,"Fried Romanian cheese doughnuts, 180 g",P0094,Product P0094,360,2807,1003,0.0115543858522964,0.0900921141316558,0.0321918028051481,0.12825080156751,3.98395834939073,0.0086541582798712,1.11019109502491,0.171244027249991,913.663972081064,1.05065970870166e-200,2.86567435548377e-199,0.807692307692308,0.519674652894021,0.531490280603262,392.533972222222,141312.23,360,1.68324491386611,0.031003247071021,1.28753705541349,0.799991752068416,0.108859976807868,0.515385519939048,0.306534166950188,0.5,0.5,0.64752075924223,40.0908008663644,35.8440012376634,40.090800866364376
P0057,Product P0057,P0009,"Borsec sparkling mineral water, 750 ml",101,647,3139,0.0032416471418942,0.0207657990178772,0.100747825528774,0.156105100463679,1.54946371938414,0.0011495380454756,1.06559735692836,0.0267822556019318,22.3485800757183,2.27381108950549e-06,2.8286521079253e-06,0.538461538461538,0.70508729415899,0.315797050571025,530.370297029703,53567.4,101,2.62545283383766,0.0117524388168824,1.20393826721652,0.868457883824864,0.0289237964936851,0.684530304334876,0.363512717638649,0.5,0.5,0.35181146891051,40.0574510584493,35.79635865492757,40.0574510584493
P0097,Product P0097,P0009,"Borsec sparkling mineral water, 750 ml",104,697,3139,0.0033379336906634,0.0223705748306962,0.100747825528774,0.149210903873745,1.48103349219314,0.001084146920642,1.05696250523852,0.0243558812154237,18.4826112482902,1.71461556196632e-05,2.09713629832428e-05,0.615384615384615,0.743642129894541,0.352930572640978,592.421346153846,61611.82,104,3.04961525988153,0.0135173472101832,1.34741326501789,0.837194932844646,0.0253426028243339,0.607295546543433,0.418735638259914,0.5,0.5,0.402720472670999,40.0546804792636,35.792400684662304,40.05468047926361
P0090,Product P0090,P0567,"Fried Romanian cheese doughnuts, 180 g",112,471,2807,0.0035946978207144,0.0151169881567545,0.0900921141316558,0.237791932059448,2.63943114612619,0.0022327763983692,1.19377886976042,0.0639113762352415,127.265876630689,1.62480846236011e-29,4.30258745736621e-29,0.384615384615385,1.3445091139405,0.164049430359837,334.355892857143,37447.86,112,1.28555695154505,0.0082158865928377,1.32696872529846,0.957205599701421,0.0800694387180355,0.903780507062279,0.194847393908255,0.5,0.5,0.143769792890029,40.0116447226717,35.73092103238811,40.011644722671676
P0613,Product P0613,P0594,Product P0594,227,1844,850,0.007285682190198,0.0591841319767628,0.0272811888179221,0.123101952277657,4.51233826719408,0.0056710687107151,1.10927241052551,0.147531462658128,678.148695293871,1.6885790246508302e-149,3.17627537223112e-148,0.653846153846154,0.59124679970773,0.410901787181126,388.127533039648,88104.95,227,1.65312381260711,0.0193298169099019,1.37412965806856,0.853794761172453,0.0912976808990481,0.648305229893189,0.26987392566353,0.5,0.5,0.482197360790172,40.0115103370171,35.730729052881514,40.01151033701706
P0148,Product P0148,P0072,"French fries, 180 g",142,461,5580,0.0045575633084058,0.0147960329941907,0.179092980710595,0.308026030368764,1.71992240648738,0.0019076976567838,1.18632644480381,0.0412085713046269,52.9091457948123,3.49339116343509e-13,5.46030051476745e-13,0.5,0.879725671847452,0.265996260778087,384.459295774648,54593.22,142,1.62804883902344,0.0119774989614317,1.25152380069671,0.902783590409823,0.0931931370428011,0.769331564324278,0.246061418620182,0.5,0.5,0.283536000990502,40.0070824096502,35.72440344235749,40.00708240965024
P0050,Product P0050,P0009,"Borsec sparkling mineral water, 750 ml",186,1560,3139,0.0059697660236864,0.0500690053599512,0.100747825528774,0.119230769230769,1.18345749503762,0.0009254226072828,1.02098500158305,0.014097788945943,6.19238062964177,0.01283014776798,0.0142252959500673,0.769230769230769,0.818765208448257,0.422941216193082,588.569086021505,109473.85,186,3.02328236097733,0.0240180543422596,1.30254308815843,0.809315524441995,0.0154525558700855,0.53841979144565,0.44538725975689,0.5,0.5,0.498703075914343,39.9722229005959,35.674604143708486,39.97222290059594
P0007,Product P0007,P0015,Product P0015,259,2157,1453,0.0083127387104021,0.0692300285650095,0.0466347851205187,0.120074177097821,2.57477710656353,0.0050842112043855,1.08346088961804,0.0949883853041282,281.123172178053,4.2740458953995996e-63,2.66456232678912e-62,0.653846153846154,0.716848199525876,0.380840981763396,414.72027027027,107412.55,259,1.83490381629925,0.0235658146940176,1.38344036719343,0.859579830017258,0.0604845578653146,0.662597175375816,0.303405069395058,0.5,0.5,0.440984850617514,39.9395845588989,35.62797794128416,39.93958455889891
P0098,Product P0098,P0072,"French fries, 180 g",153,413,5580,0.0049106139872259,0.0132554482138845,0.179092980710595,0.37046004842615,2.06853471842537,0.0025366562559464,1.30397922679432,0.0578463252966512,104.257470844107,1.77661853929553e-24,4.0465361719654e-24,0.576923076923077,0.760812754461105,0.327645898441736,470.747908496732,72024.43,153,2.21789200571888,0.0158018254926658,1.34995425568928,0.838773739117167,0.124920007696,0.611195969127818,0.326738812172715,0.5,0.5,0.36805590270462,39.9376548069769,35.62522115282408,39.93765480697685
P0142,Product P0142,P0018,"Hot pepper, 1 pc.",140,813,2461,0.004493372275893,0.0260936547164361,0.0789870655069487,0.17220172201722,2.18012558020745,0.0024323110614902,1.11260552116323,0.0565694826711664,99.7057141602254,1.7681035822243e-23,3.8891149359006204e-23,0.653846153846154,0.835912825025953,0.356142266088757,352.621428571429,49367.0,140,1.41041469449895,0.0108308905616668,1.25277641856132,0.903687163200529,0.0529681053130457,0.771563830423576,0.217043636277047,0.5,0.5,0.407123613140747,39.9027475716808,35.57535367382978,39.90274757168085
P0015,Product P0015,P0058,Product P0058,215,1453,2522,0.0069005359951214,0.0466347851205187,0.0809448919985878,0.147969717825189,1.82803033238677,0.0031256883501637,1.07866484000489,0.0543494974370883,92.0336612774373,8.52146026803017e-22,1.74126208712069e-21,0.692307692307692,0.639001040138845,0.422396127490587,380.88976744186,81891.3,215,1.60364861019833,0.0179665709533216,1.40042519501367,0.870133096899449,0.0471113857382899,0.688668898805578,0.260151442806434,0.5,0.5,0.497955774789693,39.898192294903,35.56884613557567,39.89819229490297
P0152,"Stella Artois draught beer, 0.4 L",P0535,"Grilled minced-meat rolls with mustard, 40/20/30 g",935,2832,5898,0.0300093076997144,0.0908945020380653,0.189299354880123,0.330155367231638,1.74409134907361,0.0128030371017585,1.2102816167525,0.113692607839174,402.735664820572,1.39771884199801e-89,1.36152790769627e-88,0.538461538461538,1.02625066643963,0.2657428063467,324.323711229947,303242.67,935,1.21697995635209,0.0665300336742693,1.31560776736552,0.817433066042172,0.191678486281404,0.558474083817102,0.352047850767203,0.5,0.5,0.283188522165944,39.8758936389736,35.536990912819455,39.87589363897362
P0614,Product P0614,P0535,"Grilled minced-meat rolls with mustard, 40/20/30 g",205,845,5898,0.0065795808325576,0.0271207112366402,0.189299354880123,0.242603550295858,1.28158677798712,0.0014456476915715,1.07037819550984,0.0227183938608157,16.0809196989492,6.06924708282811e-05,7.30049456159368e-05,0.692307692307692,0.647817263899729,0.420136205315191,442.777707317073,90769.43,205,2.02669607016647,0.019914391449245,1.35239357168136,0.840289371359477,0.0650918875766197,0.614940321003295,0.315760908236837,0.5,0.5,0.494857485693686,39.8644371932719,35.52062456181699,39.86443719327189
P0156,Product P0156,P0095,Product P0095,296,1346,3929,0.0095002728118881,0.0432005648810861,0.126103283371313,0.219910846953938,1.74389469548074,0.0040525397368877,1.12025236245925,0.0600452784304227,112.334552682897,3.0182944507025297e-26,7.33398495705225e-26,0.653846153846154,0.68418929611212,0.388226047603752,423.966756756757,125494.16,296,1.89811003433826,0.0275328359650841,1.35164982612536,0.839827256263113,0.0809842586876006,0.613798671017597,0.322134923792983,0.5,0.5,0.451109566068149,39.8494527306451,35.49921818663586,39.8494527306451
P0063,Product P0063,P0018,"Hot pepper, 1 pc.",110,1031,2461,0.0035305067882016,0.0330904772603267,0.0789870655069487,0.106692531522793,1.35075953053867,0.000916787093184,1.03101447932935,0.0190026076686022,11.2507646028299,0.0007959022338546,0.0009208158400163,0.692307692307692,0.611133710093271,0.429702195398552,481.324363636364,52945.68,110,2.29018949197081,0.0116160363358728,1.18844793951724,0.857283974348118,0.0077259371597963,0.656925290573823,0.323431945424903,0.5,0.5,0.507972186319423,39.8413853263647,35.4876933233781,39.84138532636467
P0090,Product P0090,P0072,"French fries, 180 g",130,471,5580,0.0041724171133292,0.0151169881567545,0.179092980710595,0.276008492569002,1.54114634461871,0.0014650706449693,1.13386277444372,0.0313146340011739,30.5527505709642,3.24910902971897e-08,4.28113279157416e-08,0.423076923076923,1.22920689715227,0.189788091727775,411.86,53541.8,130,1.81535186360701,0.0117468222957574,1.27349252419946,0.918630674635861,0.07591573996092,0.808481602101363,0.267583513621812,0.5,0.5,0.179056766366497,39.8301847773469,35.47169253906696,39.83018477734687
P0027,Product P0027,P0535,"Grilled minced-meat rolls with mustard, 40/20/30 g",345,1375,5898,0.0110729531084508,0.0441313348525211,0.189299354880123,0.250909090909091,1.32546194395635,0.0027189198908698,1.08224600683479,0.033792392524216,35.5789819172556,2.4491589989101804e-09,3.33171130649752e-09,0.807692307692308,0.54991472640999,0.521120480971966,351.420782608696,121240.17,345,1.40220743754583,0.0265995303127166,1.32970921898325,0.826194790560268,0.0837070938307142,0.580119822615678,0.260775785225692,0.5,0.5,0.633304058563242,39.8250946190741,35.46442088439157,39.8250946190741
P0614,Product P0614,P0572,"Medium Capricciosa pizza, 550 g",205,845,1605,0.0065795808325576,0.0271207112366402,0.0515133035914883,0.242603550295858,4.70953197293959,0.0051825034010075,1.25229884135186,0.144339187518902,649.118739427535,3.47350698272736e-143,6.21245265271401e-142,0.730769230769231,0.60641865042785,0.45490584323993,370.034146341463,75857.0,205,1.52944282887552,0.0166426735539198,1.33568453389779,0.82990746246167,0.132635060517135,0.589291935486446,0.247612493604524,0.5,0.5,0.542525671451202,39.8160465066742,35.451495009534455,39.81604650667411
P0089,Product P0089,P0535,"Grilled minced-meat rolls with mustard, 40/20/30 g",325,1128,5898,0.0104310427833232,0.0362037423371955,0.189299354880123,0.288120567375887,1.52203671036461,0.0035776977146458,1.13881734457686,0.048891061525412,74.475695545372,6.1389416430963e-18,1.14488638164411e-17,0.846153846153846,0.467260529817318,0.57668957145545,327.2804,106366.13,325,1.23719099709136,0.0233362350051254,1.31033104829953,0.814154456146615,0.102267609655756,0.550374316097279,0.231986989228204,0.5,0.5,0.709487702847276,39.7874553280975,35.41065046871077,39.787455328097536
P0140,Product P0140,P0009,"Borsec sparkling mineral water, 750 ml",116,931,3139,0.0037230798857399,0.0298809256346888,0.100747825528774,0.124597207303974,1.23672353869701,0.000712641603258,1.02724389500946,0.0139060260361167,6.02506464057022,0.0141041151905629,0.0155744834745993,0.576923076923077,0.75302780256589,0.329100928164767,722.162844827586,83770.89,116,3.9364893677781,0.0183789442713438,1.28037843817053,0.795543853092226,0.0120144553007716,0.50439703710759,0.537521161597137,0.5,0.5,0.370050707116167,39.7791601512717,35.398800216102345,39.77916015127164
P0166,Product P0166,P0070,"Caru' cu Flori potatoes, 180 g",234,995,4003,0.0075103508039926,0.0319350386750971,0.128478351574285,0.235175879396985,1.83047086544388,0.0034073896775551,1.13950596607567,0.0579137599863484,104.500690032981,1.5713867558146201e-24,3.59409423604559e-24,0.384615384615385,1.57371256615444,0.149439914026633,374.858333333333,87716.85,234,1.56241952930272,0.0192446695720653,1.28941542779631,0.930116621663728,0.0812748127248783,0.836857501013271,0.258893446429028,0.5,0.5,0.123740561066963,39.7779208140132,35.39702973430454,39.77792081401317
P0156,Product P0156,P0076,"Grilled pork neck, 150 g",135,1346,2088,0.0043328946946111,0.0432005648810861,0.0670154379433193,0.100297176820208,1.49662793974484,0.0014377899197064,1.03699192446597,0.0282823575069115,24.9222271347566,5.96902433469796e-07,7.56353722317709e-07,0.538461538461538,0.675869764801306,0.321302734717802,563.647407407408,76092.4,135,2.85292521454307,0.0166943192208272,1.37015556652398,0.851325519262665,0.011810714616056,0.642204996394707,0.404454854822398,0.5,0.5,0.359359605454205,39.7630073712053,35.375724816007526,39.76300737120526
P0018,"Hot pepper, 1 pc.",P0152,"Stella Artois draught beer, 0.4 L",272,2461,2832,0.008729980421735,0.0789870655069487,0.0908945020380653,0.110524177163755,1.21596108329488,0.0015504904350329,1.02206881246429,0.0199978030809638,12.4600621741214,0.0004157461062107,0.0004845929507221,0.538461538461538,1.13474841118254,0.25223653318625,311.434227941176,84710.11,272,1.12887130098869,0.018585004778025,1.31246871196566,0.946746051037392,0.0216397162429999,0.877940313403489,0.205692627095406,0.5,0.5,0.264671805388573,39.7521711887236,35.36024455531947,39.75217118872362
P0569,Product P0569,P0612,"Sour cream, 50 g",122,998,2147,0.0039156529832782,0.0320313252238662,0.0689090734024457,0.122244488977956,1.77399699258788,0.0017084040422492,1.06076340724242,0.0383034800137778,45.7121975993851,1.36967224970141e-11,2.0386254084914597e-11,0.538461538461538,0.654776918797251,0.32539826507425,357.429016393443,43606.34,122,1.44327792796217,0.0095670285076029,1.27630800805204,0.920661616931777,0.0241720623146601,0.813499021487417,0.217351504379502,0.5,0.5,0.364974461215122,39.7501963757828,35.35742339397543,39.7501963757828
P0166,Product P0166,P0018,"Hot pepper, 1 pc.",109,995,2461,0.0034984112719453,0.0319350386750971,0.0789870655069487,0.109547738693467,1.38690731185387,0.0009759562801484,1.03432039483136,0.0205794391489908,13.1954043768604,0.0002806364407674,0.0003292197385776,0.346153846153846,1.70596655401676,0.127922440741188,396.463302752293,43214.5,109,1.71010464297446,0.0094810606311331,1.34143205662703,0.967638687892651,0.0094892735003608,0.929555330429922,0.248699189154988,0.5,0.5,0.0942407165237679,39.6972830269431,35.281832895632995,39.6972830269431
P0050,Product P0050,P0011,Product P0011,161,1560,1889,0.005167378117277,0.0500690053599512,0.0606284302082999,0.103205128205128,1.70225631523937,0.0021317729202122,1.04747651813799,0.0409593977300603,52.2712346798856,4.83403803345263e-13,7.53419356356689e-13,0.769230769230769,0.710922063326037,0.449600122483302,597.542236024845,96204.3,161,3.08462013251214,0.0211067766901324,1.27848105979132,0.794364945621145,0.0209573321941503,0.501484559873913,0.444396020272346,0.5,0.5,0.535251679034258,39.6892750371508,35.27039291021538,39.689275037150765
P0525,Product P0525,P0011,Product P0011,101,590,1889,0.0032416471418942,0.0189363545912636,0.0606284302082999,0.171186440677966,2.82353410916008,0.0020935656891582,1.13339310056667,0.0643625058508077,129.068874490278,6.550542930432239e-30,1.76025673327625e-29,0.576923076923077,0.672224704110348,0.345003321326968,406.591485148515,41065.74,101,1.77933787073184,0.0090096326650163,1.22724539794969,0.885270424787908,0.0566852397322979,0.726065491782824,0.255559683498166,0.5,0.5,0.391852436339971,39.6847326636655,35.26390380523638,39.684732663665464
P0066,Product P0066,P0095,Product P0095,112,422,3929,0.0035946978207144,0.0135443078601919,0.126103283371313,0.265402843601896,2.10464657625459,0.0018867161285523,1.18962714328163,0.0491695361185077,75.3265117406774,3.98966403878454e-18,7.47890629950849e-18,0.576923076923077,0.495509467174014,0.38577026062781,418.837857142857,46909.84,112,1.86305040949913,0.0102918010676221,1.3816805999209,0.858486425134135,0.0809802619954612,0.659895931293983,0.269105900315562,0.5,0.5,0.447742751895293,39.6770693910531,35.252956272932934,39.67706939105305
P0074,Product P0074,P0152,"Stella Artois draught beer, 0.4 L",120,805,2832,0.0038514619507654,0.0258368905863851,0.0908945020380653,0.149068322981366,1.64001473839352,0.001503030646704,1.06836485526914,0.032957626203046,33.8428930777463,5.9746949478607704e-09,8.03747495452046e-09,0.5,1.07626172014964,0.240817424483443,512.719166666667,61526.3,120,2.50479498223191,0.0134985845193,1.22611186127801,0.884452750920458,0.0307897366621238,0.724045437977129,0.354177523529418,0.5,0.5,0.249016531784376,39.6704192812172,35.24345611602453,39.67041928121717
P0025,Product P0025,P0535,"Grilled minced-meat rolls with mustard, 40/20/30 g",109,440,5898,0.0034984112719453,0.0141220271528068,0.189299354880123,0.247727272727273,1.30865354973951,0.0008251206423194,1.07766853127718,0.0178505878638715,9.92797512713219,0.0016278551360511,0.0018635781253219,0.538461538461538,0.861768273744542,0.289220493256414,206.967431192661,22559.45,109,0.414767501369916,0.0049494385739744,1.34461267630919,0.969933020013852,0.0575915490881448,0.935223451324401,0.0824884649645957,0.5,0.5,0.315375763896544,39.6598269465083,35.228324209297526,39.65982694650827
P0629,Product P0629,P0072,"French fries, 180 g",156,260,5580,0.0050069005359951,0.0083448342266585,0.179092980710595,0.6,3.35021505376344,0.003512399300807,2.05226754822351,0.10069975617534,315.945716927286,1.1066982647651499e-70,8.21365855005975e-70,0.692307692307692,0.550788052803964,0.446423153090416,291.019294871795,45399.01,156,0.989320920125545,0.0099603319812429,1.32368310783629,0.822450557185125,0.231907294900432,0.570869737490098,0.16471950241257,0.5,0.5,0.530896144257226,39.6588921386343,35.226988769477515,39.65889213863426
P0569,Product P0569,P0018,"Hot pepper, 1 pc.",130,998,2461,0.0041724171133292,0.0320313252238662,0.0789870655069487,0.130260521042084,1.64913736452995,0.0016423567295973,1.05895265970514,0.0345810785992384,37.2591295162303,1.03429656378637e-09,1.4320019683895e-09,0.5,0.615129836527014,0.309572635395766,353.468615384615,45950.92,130,1.41620581034737,0.010081418472419,1.27977616870793,0.923163366021404,0.0254939224806577,0.819679563596656,0.215604542963542,0.5,0.5,0.343277972546573,39.6483403062829,35.2119147232612,39.64834030628284
P0159,Product P0159,P0614,Product P0614,200,1626,845,0.0064191032512758,0.0521873094328722,0.0271207112366402,0.1230012300123,4.53532464318726,0.0050037463019296,1.10932799686481,0.138506945766607,597.721310115427,5.2412366920589406e-132,8.66392307732773e-131,0.730769230769231,0.669184254301728,0.43780021821194,450.01575,90003.15,200,2.07617316664645,0.0197462731755076,1.32034435681276,0.820376074536412,0.0859692797705208,0.565744752167462,0.321142220342489,0.5,0.5,0.519074345524323,39.6478685008527,35.211240715503806,39.64786850085267
P0016,Product P0016,P0535,"Grilled minced-meat rolls with mustard, 40/20/30 g",119,332,5898,0.0038193664345091,0.0106557113971178,0.189299354880123,0.358433734939759,1.89347573406546,0.0018022471412459,1.26362729661877,0.0448068660466666,62.5525144660948,2.59433857245218e-15,4.39506736420082e-15,0.461538461538462,0.881694252853683,0.24527813742244,484.609243697479,57668.5,119,2.31264395028622,0.0126522011132028,1.19222944158392,0.860011751487469,0.111930127248418,0.663664232358306,0.329027991040856,0.5,0.5,0.255132042490795,39.6437674378596,35.20538205408507,39.64376743785955
P0153,Product P0153,P0070,"Caru' cu Flori potatoes, 180 g",188,616,4003,0.0060339570561992,0.0197708380139295,0.128478351574285,0.305194805194805,2.37545704358095,0.0034938323789273,1.25433956876224,0.0750017936283228,175.266507711883,5.23610676737046e-40,1.87914226421091e-39,0.730769230769231,0.522960617946039,0.479834620907527,442.264627659574,83145.75,188,2.02318881097666,0.0182417914582152,1.11182482877859,0.802012083408044,0.112626275109125,0.520376725080667,0.310603864022509,0.5,0.5,0.576702317384043,39.6391604580865,35.19880065440921,39.63916045808645
P0525,Product P0525,P0165,"Honey lemonade, 500 ml",122,590,3686,0.0039156529832782,0.0189363545912636,0.118304072921013,0.206779661016949,1.74786595179194,0.0016754051088552,1.11153973712949,0.0380595623341343,45.1318580917968,1.84204265809838e-11,2.7305279075887597e-11,0.5,0.807582079801847,0.276612611724283,307.216803278689,37480.45,122,1.10004224649649,0.0082230366875043,1.29929305812309,0.937241825807822,0.0542651230512911,0.854460235209153,0.172903335506015,0.5,0.5,0.29809071651747,39.6134810405039,35.162115772148404,39.613481040503885
P0094,Product P0094,P0599,Product P0599,149,1003,2260,0.0047822319222004,0.0321918028051481,0.0725358667394165,0.148554336989033,2.04801215821562,0.0024471716038246,1.08928164597232,0.0534530096348794,89.0225356153488,3.90340464827721e-21,7.91564028117182e-21,0.5,0.694994223956513,0.294986255960733,470.333422818792,70079.68,149,2.21505870550564,0.0153751563732176,1.2129237985144,0.874939574546467,0.0431684999783627,0.700543246084322,0.325193758118657,0.5,0.5,0.32328046075356,39.6109146911624,35.158449558803476,39.610914691162435
P0118,Product P0118,P0072,"French fries, 180 g",301,936,5580,0.00966075039317,0.0300414032159707,0.179092980710595,0.321581196581197,1.79561027632264,0.004280545946493,1.21002987410218,0.0653997654279016,133.262518161691,7.92132735445255e-31,2.1713990310823497e-30,0.653846153846154,0.885674133919059,0.346743979823939,420.827408637874,126669.05,301,1.87665038888348,0.0277906013754189,1.33765915402583,0.831134362929707,0.120196251967074,0.592322978862455,0.320324933731283,0.5,0.5,0.394238829685614,39.5992715880724,35.14181655438911,39.59927158807238
P0576,Product P0576,P0160,Product P0160,206,1175,735,0.006611676348814,0.0377122316012453,0.0235902044484386,0.17531914893617,7.43186220871327,0.0057220370951338,1.18398504620545,0.197913379070037,1220.41051784407,2.23642932911818e-267,7.39377090323615e-266,0.730769230769231,0.543606525223158,0.473416780007187,322.983737864078,66534.65,206,1.2078202989132,0.014597393252756,1.33945549891993,0.832250494766926,0.146623615729884,0.595080369620783,0.20373510803932,0.5,0.5,0.567903639846423,39.587818266264,35.125454666091386,39.587818266263966
P0613,Product P0613,P0612,"Sour cream, 50 g",273,1844,2147,0.0087620759379914,0.0591841319767628,0.0689090734024457,0.148047722342733,2.1484503423533,0.0046837522433446,1.09289094121317,0.0783618541992479,191.322057090256,1.6359109852831499e-43,6.42006793145292e-43,0.846153846153846,0.528211506875587,0.553688964090971,395.981648351648,108102.99,273,1.70681219744814,0.0237172940239221,1.30226410564306,0.809142182859059,0.0627201431159423,0.53799155307552,0.288668886135423,0.5,0.5,0.677954523618924,39.5671568827269,35.09593840389564,39.56715688272695
P0074,Product P0074,P0082,"Tripe soup, 300/100 g",125,805,2454,0.0040119395320473,0.0258368905863851,0.078762396893154,0.15527950310559,1.971492859927,0.0019769641011975,1.09058275073678,0.0462612677615213,66.6792482104981,3.1948067080717e-16,5.57685458960996e-16,0.538461538461538,0.670532694647102,0.322329242754083,465.23144,58153.93,125,2.18018307583299,0.0127587022010824,1.40333507087658,0.87194110442831,0.0405146896317833,0.693135560435347,0.313646989685332,0.5,0.5,0.360766918807912,39.5536139831284,35.07659140446909,39.55361398312836
P0482,Product P0482,P0007,Product P0007,105,713,2157,0.0033700292069197,0.0228841030907982,0.0692300285650095,0.14726507713885,2.12718498303901,0.0017857620962592,1.09151149610715,0.0470451845063176,68.9582110957191,1.00572058518659e-16,1.79287770986695e-16,0.346153846153846,1.06229627675771,0.167848747076274,386.858095238095,40620.1,105,1.64444631520427,0.0089118613183698,1.31051496036858,0.945336717167272,0.0373709261593628,0.874458570423599,0.239311788186946,0.5,0.5,0.148978548166191,39.5126111770601,35.01801596722866,39.512611177060066
P0116,Product P0116,P0165,"Honey lemonade, 500 ml",102,418,3686,0.0032737426581506,0.0134159257951664,0.118304072921013,0.244019138755981,2.06264359908304,0.0016865839945763,1.16629397949056,0.0453911655818675,64.194571491618,1.12718900017069e-15,1.9366349593483804e-15,0.346153846153846,1.32680860250977,0.148767649294606,406.544705882353,41467.56,102,1.77901810164971,0.0090977901071435,1.28983046210434,0.930416005632727,0.0708357853563934,0.83759712563626,0.255771748942177,0.5,0.5,0.122818905219012,39.5122822508867,35.017546072695325,39.51228225088673
P0166,Product P0166,P0095,Product P0095,206,995,3929,0.006611676348814,0.0319350386750971,0.126103283371313,0.207035175879397,1.64179052554705,0.0025845631172944,1.10206239929727,0.0442800311300432,61.0901890848351,5.45191501248405e-15,9.084154752528811e-15,0.423076923076923,1.55223386817269,0.165767302265224,435.91213592233,89797.9,206,1.97976507608859,0.0197012422785971,1.25739000424683,0.907015161795126,0.0626741914801195,0.77978561235154,0.309600158671962,0.5,0.5,0.146124946465997,39.5024487147324,35.00349816390342,39.502448714732395
P0166,Product P0166,P0612,"Sour cream, 50 g",117,995,2147,0.0037551754019963,0.0319350386750971,0.0689090734024457,0.117587939698492,1.70642172202419,0.0015545614778241,1.05516568560885,0.0349050026602015,37.9604179280501,7.2194536843328e-10,1.00979794482142e-09,0.346153846153846,1.5626888358278,0.135074473855126,350.675641025641,41029.05,117,1.3971138723914,0.0090015830493883,1.34824889619468,0.972555998212042,0.020401513198555,0.941703488540262,0.210282803024311,0.5,0.5,0.104045950727157,39.4882156025341,34.98316514647732,39.488215602534126
P0029,Product P0029,P0082,"Tripe soup, 300/100 g",107,906,2454,0.0034342202394325,0.0290785377282794,0.078762396893154,0.118101545253863,1.49946611470033,0.0011439249098052,1.04460734469938,0.0252739949537284,19.9023070954384,8.15019112571027e-06,1.00359576954288e-05,0.5,0.677307426127726,0.298096814103013,406.270560747664,43470.95,107,1.77714412744525,0.0095373245702937,1.26170920800071,0.910130808713286,0.0148711555668397,0.787482781925837,0.256795950300425,0.5,0.5,0.327544947592816,39.4584472317902,34.94063890255742,39.45844723179019
P0166,Product P0166,P0011,Product P0011,122,995,1889,0.0039156529832782,0.0319350386750971,0.0606284302082999,0.122613065326633,2.02236912460662,0.0019794817197657,1.07064686362284,0.0471746464173054,69.3382604230733,8.29448560695614e-17,1.48836904559032e-16,0.307692307692308,1.54991957031779,0.120667456053902,544.852868852459,66472.05,122,2.72445136627834,0.0145836591034425,1.24995406394434,0.901651264695751,0.0292196804214655,0.76653416678101,0.383260284898281,0.5,0.5,0.0842943386382673,39.4232260283978,34.890322897711144,39.4232260283978
P0612,"Sour cream, 50 g",P0613,Product P0613,273,2147,1844,0.0087620759379914,0.0689090734024457,0.0591841319767628,0.127154168607359,2.1484503423533,0.0046837522433446,1.07787175488041,0.0783618541992479,191.322057090256,1.6359109852831499e-43,6.42006793145292e-43,0.846153846153846,0.528211506875587,0.553688964090971,395.981648351648,108102.99,273,1.70681219744814,0.0237172940239221,1.30226410564306,0.809142182859059,0.0552162563604805,0.53799155307552,0.288668886135423,0.5,0.5,0.677954523618924,39.4170791476177,34.88154163945387,39.41707914761771
P0018,"Hot pepper, 1 pc.",P0058,Product P0058,319,2461,2522,0.0102384696857849,0.0789870655069487,0.0809448919985878,0.129622104835433,1.60136237920602,0.0038448701990395,1.05592652698015,0.052264322842856,85.1071975413196,2.82619902241681e-20,5.5858390098854e-20,0.884615384615385,0.477993855302377,0.598524399436292,428.510438871473,136694.83,319,1.92916928726233,0.0299902109521675,1.25905412529678,0.782294312548283,0.046623129029401,0.471664200869359,0.332778858671652,0.5,0.5,0.739422631661521,39.4155500880235,34.87935726860493,39.41555008802345
P0621,Product P0621,P0009,"Borsec sparkling mineral water, 750 ml",109,633,3139,0.0034984112719453,0.0203164617902879,0.100747825528774,0.17219589257504,1.70917726185425,0.0014515719241353,1.08631035580207,0.0341832245130127,36.4067313569007,1.60149165527252e-09,2.20331323569018e-09,0.538461538461538,0.603408820919555,0.33582298627541,646.774587155963,70498.43,109,3.42115777031807,0.0154670281787293,1.29290705915282,0.80332832299038,0.0391245127968223,0.523628479702346,0.468252362062339,0.5,0.5,0.379266457806022,39.4127716692904,34.875388098986235,39.412771669290365
P0061,Product P0061,P0567,"Fried Romanian cheese doughnuts, 180 g",102,683,2807,0.0032737426581506,0.0219212376031068,0.0900921141316558,0.149341142020498,1.65764943424747,0.0012988120181044,1.06965075051304,0.0309802377115539,29.9037136837963,4.5404234920133e-08,5.94670111619029e-08,0.461538461538462,0.698325058889351,0.271760967738586,423.14362745098,43160.65,102,1.89248336842022,0.0094692461911885,1.25487456321543,0.9052006546443,0.028837232261542,0.775302893481091,0.270258734572014,0.5,0.5,0.291439250452735,39.4023697108203,34.86052815831469,39.40236971082028
P0058,Product P0058,P0018,"Hot pepper, 1 pc.",319,2522,2461,0.0102384696857849,0.0809448919985878,0.0789870655069487,0.126486915146709,1.60136237920602,0.0038448701990395,1.05437794861165,0.052264322842856,85.1071975413196,2.82619902241681e-20,5.5858390098854e-20,0.884615384615385,0.477993855302377,0.598524399436292,428.510438871473,136694.83,319,1.92916928726233,0.0299902109521675,1.25905412529678,0.782294312548283,0.0454971306148161,0.471664200869359,0.332778858671652,0.5,0.5,0.739422631661521,39.3930301197318,34.84718588533107,39.39303011973175
P0048,Product P0048,P0535,"Grilled minced-meat rolls with mustard, 40/20/30 g",399,1234,5898,0.0128061109862952,0.0396058670603717,0.189299354880123,0.323338735818476,1.70808155169486,0.0053087459022989,1.19808933662027,0.0694836462655199,150.42528245335,1.39960007797188e-34,4.2065115291110896e-34,0.730769230769231,0.55954008893034,0.468579958897018,320.335413533835,127813.83,399,1.18971714532075,0.0280417607915711,1.32264378632239,0.821804790420301,0.129631082606535,0.569274378187566,0.239706338050271,0.5,0.5,0.561272495522904,39.3849609321165,34.83565847445212,39.384960932116485
P0166,Product P0166,P0009,"Borsec sparkling mineral water, 750 ml",138,995,3139,0.0044291812433803,0.0319350386750971,0.100747825528774,0.138693467336683,1.37663980943264,0.0012117955386869,1.04405590851677,0.0228973269979473,16.335228243812,5.30681925669688e-05,6.41167199231041e-05,0.307692307692308,1.61920051733197,0.11747565933048,565.329710144928,78015.5,138,2.86442493325143,0.0171162384308084,1.238419214316,0.893330629517651,0.0230708780062615,0.745978134080893,0.407012518300833,0.5,0.5,0.0799184760123277,39.320415367883,34.74345052554718,39.32041536788303
P0627,"Chicken breast strips, 200 g",P0159,Product P0159,167,1085,1626,0.0053599512148152,0.0348236351381712,0.0521873094328722,0.153917050691244,2.94931952545332,0.0035425993922821,1.12023613209731,0.0868836264093702,235.196856711806,4.38579675853092e-53,2.27852583978916e-52,0.730769230769231,0.499336122081161,0.487395201120669,449.652095808383,75091.9,167,2.07368733528124,0.0164748141667031,1.3072148710736,0.812218266373869,0.0648352907265468,0.54559098172072,0.311573368081507,0.5,0.5,0.587067658053242,39.3106693911079,34.729527701582704,39.31066939110789
P0116,Product P0116,P0567,"Fried Romanian cheese doughnuts, 180 g",101,418,2807,0.0032416471418942,0.0134159257951664,0.0900921141316558,0.241626794258373,2.68199716020952,0.0020329780239743,1.19981544571914,0.0617181935888599,118.681232276951,1.22987682784193e-27,3.07047052442916e-27,0.346153846153846,1.25664560557313,0.153393091630767,392.996534653465,39692.65,101,1.6864068523958,0.008708383095034,1.28227329851071,0.924964664412865,0.080055393118737,0.824129650380297,0.243702919544583,0.5,0.5,0.12916025524883,39.2493618133606,34.64194544765805,39.249361813360636
P0614,Product P0614,P0009,"Borsec sparkling mineral water, 750 ml",148,845,3139,0.004750136405944,0.0271207112366402,0.100747825528774,0.175147928994083,1.7384785038766,0.0020177837220588,1.09019811682667,0.0412701463369886,53.0673806606223,3.22300472558299e-13,5.05215252242966e-13,0.692307692307692,0.5937915258624,0.43437782236487,515.388851351351,76277.55,148,2.52304414882316,0.0167349402710732,1.3059344822708,0.811422716080867,0.0461050895166345,0.543625583949096,0.365513185440849,0.5,0.5,0.514382338051394,39.2487005586455,34.64100079806504,39.248700558645524
P0154,Product P0154,P0072,"French fries, 180 g",108,499,5580,0.0034663157556889,0.0160156626119331,0.179092980710595,0.216432865731463,1.20849440817118,0.0005980230004626,1.04765371515451,0.0124241038320878,4.80934329884226,0.0283058300954956,0.0308200205929997,0.384615384615385,1.2093357744835,0.1740864331522,411.350462962963,44425.85,108,1.81186882071186,0.0097468251961639,1.28472209793104,0.926731099802787,0.043619968056562,0.828493608522993,0.26150117056363,0.5,0.5,0.157530238557903,39.2475973284427,34.63942475491819,39.24759732844273
P0597,"Assorted pickled vegetables, 180 g",P0627,"Chicken breast strips, 200 g",103,971,1085,0.003305838174407,0.031164746284944,0.0348236351381712,0.106076210092688,3.04609813627454,0.0022205684206064,1.07970766161387,0.0697054930775614,151.387369075899,8.62428038566328e-35,2.63559941197721e-34,0.538461538461538,0.651031061775599,0.326136528214346,515.866990291262,53134.3,103,2.5263125637106,0.0116574186880056,1.17933568594742,0.850710872829862,0.0369239479686721,0.640686519511479,0.351505456189051,0.5,0.5,0.36598659900546,39.2421844634386,34.63169209062663,39.24218446343864
P0576,Product P0576,P0165,"Honey lemonade, 500 ml",286,1175,3686,0.0091793176493243,0.0377122316012453,0.118304072921013,0.243404255319149,2.05744611583796,0.0047178070519565,1.16534613534062,0.0766809192748256,183.202019056593,9.689980259553999e-42,3.64543740109428e-41,0.653846153846154,0.714536842070469,0.381354391344879,397.971853146853,113819.95,286,1.72041664259732,0.0249715685009093,1.34221866917354,0.833967348975629,0.0967858109228955,0.599321838030347,0.293835457181703,0.5,0.5,0.44168872056729,39.2157493283718,34.59392761195973,39.21574932837181
P0612,"Sour cream, 50 g",P0152,"Stella Artois draught beer, 0.4 L",242,2147,2832,0.0077671149340437,0.0689090734024457,0.0908945020380653,0.112715416860736,1.24006858867583,0.0015036590212239,1.0245929155508,0.0206509084980567,13.2872148990702,0.0002672221491819,0.00031415879823,0.538461538461538,1.1521025842402,0.250202542576121,322.771198347107,78110.63,242,1.20636744229884,0.0171371095110671,1.29542539420255,0.934451896028823,0.0204021188657242,0.847567746049302,0.210763152739114,0.5,0.5,0.261883262049626,39.1934929735791,34.56213281939866,39.19349297357906
P0614,Product P0614,P0011,Product P0011,148,845,1889,0.004750136405944,0.0271207112366402,0.0606284302082999,0.175147928994083,2.88887454932167,0.0031058502575339,1.13883640814058,0.0801204959778476,200.005939286316,2.08226410478793e-45,8.44516780045961e-45,0.692307692307692,0.692586630534964,0.409023490921041,496.365540540541,73462.1,148,2.39300648179263,0.0161172436147675,1.31228821798043,0.815370514042219,0.0680610248036247,0.55337857302385,0.348365993924899,0.5,0.5,0.479622269981713,39.1923345348646,34.56047790694943,39.1923345348646
P0612,"Sour cream, 50 g",P0058,Product P0058,288,2147,2522,0.0092435086818371,0.0689090734024457,0.0809448919985878,0.134140661387983,1.65718500668731,0.0036656711775534,1.06143696443197,0.0530583514247008,87.7128329520959,7.56817684120779e-21,1.5262256809164002e-20,0.846153846153846,0.51622491491838,0.558066179910647,427.055208333333,122991.9,288,1.91922176624176,0.0269838517404637,1.27584893916151,0.792729517121865,0.0464091622511583,0.497444252735055,0.323078120995823,0.5,0.5,0.683955562146983,39.1781863411106,34.54026620158651,39.17818634111056
P0613,Product P0613,P0018,"Hot pepper, 1 pc.",273,1844,2461,0.0087620759379914,0.0591841319767628,0.0789870655069487,0.148047722342733,1.87432868144353,0.004087295028571,1.08106164939859,0.0642199812712387,128.497886169959,8.73402041966676e-30,2.34123250070183e-29,0.846153846153846,0.532843044233922,0.552015974066499,414.575054945055,113178.99,273,1.83391116773792,0.0248309448532417,1.2829943616974,0.797169217765606,0.0557205725701104,0.508412481681288,0.306874168420471,0.5,0.5,0.675660901826553,39.1767534717029,34.53821924528988,39.176753471702916
P0083,Product P0083,P0082,"Tripe soup, 300/100 g",113,614,2454,0.0036267933369708,0.0197066469814167,0.078762396893154,0.184039087947883,2.33663645606853,0.0020746505859872,1.12902173314891,0.0554134609016144,95.6722934308449,1.35564487976453e-22,2.8718612889768897e-22,0.538461538461538,0.646198454396711,0.327093939994538,378.006637168142,42714.75,113,1.5839403933549,0.0093714178017493,1.23226790512836,0.888893397887661,0.0556914240152721,0.735016004804497,0.233450922581712,0.5,0.5,0.367299183355157,39.1561588615812,34.50879837368742,39.15615886158119
P0697,Product P0697,P0152,"Stella Artois draught beer, 0.4 L",114,811,2832,0.0036588888532272,0.0260294636839234,0.0908945020380653,0.140567200986436,1.54648738740622,0.001292953713359,1.05779707151668,0.0282488978866633,24.8632932225394,6.15431846773941e-07,7.7892824226261e-07,0.5,1.07879647546921,0.240523786671874,341.373245614035,38916.55,114,1.33352547765029,0.0085381103588963,1.30035103044424,0.938004991518383,0.0249052159729056,0.856345627245472,0.201440208709944,0.5,0.5,0.248613962687234,39.1399606654388,34.48565809348396,39.13996066543877
P0166,Product P0166,P0627,"Chicken breast strips, 200 g",102,995,1085,0.0032737426581506,0.0319350386750971,0.0348236351381712,0.10251256281407,2.9437639811963,0.0021616485232056,1.07542047372623,0.0670592536428681,140.111268602659,2.51699259804219e-32,7.16981442418805e-32,0.307692307692308,1.42394485403038,0.126938658353013,482.856862745098,49251.4,102,2.30066519784599,0.0108055284584617,1.27072792248654,0.916636436045235,0.0339031449591901,0.803554858793516,0.322374456550722,0.5,0.5,0.0928919788197401,39.125568994266,34.46509856323709,39.12556899426596
P0576,Product P0576,P0058,Product P0058,119,1175,2522,0.0038193664345091,0.0377122316012453,0.0809448919985878,0.101276595744681,1.25117957716773,0.0007667539205205,1.022622871119,0.014756960194156,6.78499365557402,0.0091927356701478,0.0102444071666305,0.538461538461538,0.597558710947967,0.337052738513769,489.16512605042,58210.65,119,2.34378660039239,0.0127711463057,1.39369833455652,0.865953463497518,0.0042887196100132,0.678343162963835,0.333052385898049,0.5,0.5,0.380952413186423,39.1232095013022,34.461727859003105,39.12320950130217
P0074,Product P0074,P0567,"Fried Romanian cheese doughnuts, 180 g",169,805,2807,0.005424142247328,0.0258368905863851,0.0900921141316558,0.209937888198758,2.33025820541813,0.0030964421518123,1.15169158510066,0.0681686831479807,144.785624415878,2.39237364723132e-33,6.98783780767642e-33,0.653846153846154,0.523540343895386,0.429162349698204,450.032544378698,76055.5,169,2.07628796799974,0.0166862235321744,1.3199132819779,0.8201082326821,0.0740949053516082,0.565083051972966,0.312480616844924,0.5,0.5,0.507232073201758,39.1054922154075,34.436417450582205,39.10549221540754
P0573,Product P0573,P0159,Product P0159,122,458,1626,0.0039156529832782,0.0146997464454216,0.0521873094328722,0.266375545851528,5.10422071469623,0.0031485127669462,1.29195896511829,0.117631199718467,431.122498129492,9.259278674565059e-96,9.903797092108311e-95,0.5,0.816881877821894,0.275196756653992,383.143852459017,46743.55,122,1.61905686167645,0.0102553178137987,1.20521898534104,0.869381726668376,0.127502018192952,0.686812647364525,0.240114440029929,0.5,0.5,0.296149619441842,39.0500783061665,34.35725472309505,39.05007830616654
P0058,Product P0058,P0612,"Sour cream, 50 g",288,2522,2147,0.0092435086818371,0.0809448919985878,0.0689090734024457,0.114195083267248,1.65718500668731,0.0036656711775534,1.05112413468175,0.0530583514247008,87.7128329520959,7.56817684120779e-21,1.5262256809164002e-20,0.846153846153846,0.51622491491838,0.558066179910647,427.055208333333,122991.9,288,1.91922176624176,0.0269838517404637,1.27584893916151,0.792729517121865,0.0392457394373163,0.497444252735055,0.323078120995823,0.5,0.5,0.683955562146983,39.0349178848337,34.33559697833388,39.03491788483372
P0094,Product P0094,P0537,Product P0537,129,1003,1610,0.0041403215970728,0.0321918028051481,0.0516737811727702,0.128614157527418,2.48896354415016,0.0024768494233627,1.08829656462667,0.0633896432753593,125.196517871205,4.60960048730385e-29,1.20601298121067e-28,0.653846153846154,0.672749161250683,0.390881172737989,451.312790697674,58219.35,129,2.08503934919725,0.0127730550453011,1.36172762521273,0.846088944899566,0.0410119152265504,0.629268100167388,0.302422976560457,0.5,0.5,0.454749667192647,39.0015565110144,34.287937872877684,39.00155651101438
P0572,"Medium Capricciosa pizza, 550 g",P0614,Product P0614,205,1605,845,0.0065795808325576,0.0515133035914883,0.0271207112366402,0.127725856697819,4.70953197293959,0.0051825034010075,1.11533661318942,0.144339187518902,649.118739427535,3.47350698272736e-143,6.21245265271401e-142,0.730769230769231,0.60641865042785,0.45490584323993,370.034146341463,75857.0,205,1.52944282887552,0.0166426735539198,1.33568453389779,0.82990746246167,0.0913769186803615,0.589291935486446,0.247612493604524,0.5,0.5,0.542525671451202,38.9908836699387,34.27269095705521,38.99088366993865
P0614,Product P0614,P0567,"Fried Romanian cheese doughnuts, 180 g",159,845,2807,0.0051031870847642,0.0271207112366402,0.0900921141316558,0.188165680473373,2.08859212914459,0.0026598248727011,1.12080490314687,0.0571914256915112,101.91015924156,5.80977992707263e-24,1.2962106135861401e-23,0.576923076923077,0.672609824539267,0.344923883896231,429.405849056604,68275.53,159,1.93529004366839,0.0149793342408856,1.18549132059697,0.855151224621077,0.0598351777663598,0.651656357109993,0.290947921984102,0.5,0.5,0.39174352987932,38.9662244360023,34.23746348000328,38.96622443600229
P0016,Product P0016,P0072,"French fries, 180 g",101,332,5580,0.0032416471418942,0.0106557113971178,0.179092980710595,0.30421686746988,1.69865321501058,0.0013332840261925,1.17983173335101,0.0338665891239729,35.7353921254981,2.2602037438073703e-09,3.0823528556173e-09,0.461538461538462,0.851870342782167,0.249228280660873,527.983168316832,53326.3,101,2.60913513541963,0.0116995425964433,1.16822382023592,0.842695356051362,0.0857057738070655,0.620884278278641,0.361430795995342,0.5,0.5,0.260547576643495,38.9658927280559,34.236989611508456,38.96589272805592
P0159,Product P0159,P0627,"Chicken breast strips, 200 g",167,1626,1085,0.0053599512148152,0.0521873094328722,0.0348236351381712,0.102706027060271,2.94931952545332,0.0035425993922821,1.07565234356774,0.0868836264093702,235.196856711806,4.38579675853092e-53,2.27852583978916e-52,0.730769230769231,0.499336122081161,0.487395201120669,449.652095808383,75091.9,167,2.07368733528124,0.0164748141667031,1.3072148710736,0.812218266373869,0.0464429326420774,0.54559098172072,0.311573368081507,0.5,0.5,0.587067658053242,38.9428222294185,34.20403175631215,38.9428222294185
P0142,Product P0142,P0076,"Grilled pork neck, 150 g",128,813,2088,0.0041082260808165,0.0260936547164361,0.0670154379433193,0.157441574415744,2.34933291861654,0.0023595483824527,1.10732328314172,0.0591940663281049,109.172180327826,1.48783743723367e-25,3.5134862424717303e-25,0.538461538461538,0.618981224200614,0.332592824680477,465.84375,59628.0,128,2.18436864398626,0.0130821063141587,1.37173065003711,0.852304173674223,0.0488076060625918,0.64462275076748,0.315059393030774,0.5,0.5,0.374837998031223,38.9181749775291,34.16882139647021,38.91817497752915
P0018,"Hot pepper, 1 pc.",P0613,Product P0613,273,2461,1844,0.0087620759379914,0.0789870655069487,0.0591841319767628,0.110930516050386,1.87432868144353,0.004087295028571,1.05820285704076,0.0642199812712387,128.497886169959,8.73402041966676e-30,2.34123250070183e-29,0.846153846153846,0.532843044233922,0.552015974066499,414.575054945055,113178.99,273,1.83391116773792,0.0248309448532417,1.2829943616974,0.797169217765606,0.0423899866762742,0.508412481681288,0.306874168420471,0.5,0.5,0.675660901826553,38.9101417538262,34.15734536260885,38.910141753826196
P0029,Product P0029,P0076,"Grilled pork neck, 150 g",105,906,2088,0.0033700292069197,0.0290785377282794,0.0670154379433193,0.115894039735099,1.72936331227322,0.0014213182663078,1.05528590914276,0.0338289366159402,35.6559758510771,2.3542459105452303e-09,3.2065946172345103e-09,0.615384615384615,0.863683127933632,0.33019809331371,394.57,41429.85,105,1.69716259122862,0.0090895167082519,1.23754197669092,0.892697836331956,0.0185905779105941,0.744414825855124,0.246056871695964,0.5,0.5,0.371554889363899,38.8967944028726,34.13827771838947,38.89679440287263
P0087,Product P0087,P0612,"Sour cream, 50 g",188,654,2147,0.0060339570561992,0.0209904676316719,0.0689090734024457,0.287461773700306,4.17160991298576,0.0045875233814167,1.30672417595451,0.126339606877692,497.318570560063,3.64248965315602e-110,4.41550690177024e-109,0.576923076923077,0.985322341453103,0.290594159385127,253.703723404255,47696.3,188,0.734242826422106,0.0104643467396526,1.24775924514639,0.900068037598027,0.137164672013028,0.762622822599236,0.135947972369077,0.5,0.5,0.317259021131896,38.8872995509458,34.12471364420825,38.88729955094577
P0118,Product P0118,P0018,"Hot pepper, 1 pc.",106,936,2461,0.0034021247231761,0.0300414032159707,0.0789870655069487,0.113247863247863,1.43375200130584,0.0010292424394356,1.03863627311506,0.0223547658634622,15.5702607435359,7.94951593035757e-05,9.49936679082158e-05,0.423076923076923,1.01487451423839,0.209976810013324,408.985377358491,43352.45,106,1.79570180239461,0.0095113262205548,1.27975371314389,0.923147167755961,0.0115395521847221,0.819639545969756,0.258919412829694,0.5,0.5,0.206734925555983,38.8693194752433,34.0990278217761,38.869319475243266
P0156,Product P0156,P0165,"Honey lemonade, 500 ml",327,1346,3686,0.0104952338158359,0.0432005648810861,0.118304072921013,0.242942050520059,2.05353919372043,0.0053844310379149,1.16463465932121,0.0820021776216667,209.510795245704,1.75629310105719e-47,7.72627327924754e-47,0.615384615384615,0.889228042477141,0.325733369158404,362.939449541284,118681.2,327,1.48094560200689,0.0260381041774322,1.3689251636395,0.850561026966956,0.101834985639445,0.640316327045166,0.268506489223019,0.5,0.5,0.365433879393883,38.8674948320914,34.09642118870204,38.867494832091424
P0027,Product P0027,P0058,Product P0058,187,1375,2522,0.0060018615399428,0.0441313348525211,0.0809448919985878,0.136,1.68015543219667,0.002429655406552,1.06372118981645,0.0433717092578157,58.6095935930186,1.9227662622238502e-14,3.14032633545841e-14,0.846153846153846,0.505055329150289,0.562207800447815,340.697967914438,63710.52,187,1.32890948112232,0.0139777922447563,1.34042516416306,0.832852981657314,0.0355598451650594,0.596568806495506,0.216315107859041,0.5,0.5,0.689633606236203,38.8652112527542,34.09315893250594,38.86521125275416
P0094,Product P0094,P0613,Product P0613,169,1003,1844,0.005424142247328,0.0321918028051481,0.0591841319767628,0.168494516450648,2.84695425653625,0.0035188983415382,1.13146081010468,0.0844859447828928,222.394767195538,2.71666665373361e-50,1.31145279611654e-49,0.653846153846154,0.587261987490633,0.411933353787326,423.626035502959,71592.8,169,1.8957809656818,0.0157071278749631,1.33717460728907,0.830833297114731,0.0686622259868922,0.591579199258486,0.288333461760746,0.5,0.5,0.483611609299519,38.8076138331177,34.010876904453816,38.80761383311767
P0082,"Tripe soup, 300/100 g",P0165,"Honey lemonade, 500 ml",441,2454,3686,0.0141541226690631,0.078762396893154,0.118304072921013,0.179706601466993,1.51902294680062,0.0048362103235816,1.07485434925575,0.0555905055724132,96.2846113803296,9.95004182093082e-23,2.1160810188373398e-22,0.769230769230769,0.668566003453678,0.461013090065708,366.568480725624,161656.7,441,1.50575257454105,0.0354667293183748,1.30424677627559,0.810374085386779,0.0751170107914689,0.541034953981957,0.298173566088875,0.5,0.5,0.550898533336862,38.7954959506146,33.993565643735195,38.79549595061464
P0621,Product P0621,P0572,"Medium Capricciosa pizza, 550 g",116,633,1605,0.0037230798857399,0.0203164617902879,0.0515133035914883,0.183254344391785,3.55741782443293,0.0026765118216319,1.16129995904562,0.0858275863913656,229.514132968753,7.608561555177461e-52,3.77315484395391e-51,0.5,0.661308397400262,0.300967599262387,509.093534482759,59054.85,116,2.48001124424881,0.0129563598656117,1.34217589056301,0.833940769130454,0.0750379007962927,0.59925617283113,0.349706011852467,0.5,0.5,0.331480712484679,38.7948088344446,33.99258404920655,38.79480883444458
P0627,"Chicken breast strips, 200 g",P0165,"Honey lemonade, 500 ml",272,1085,3686,0.008729980421735,0.0348236351381712,0.118304072921013,0.250691244239631,2.11904153466473,0.0046102025509741,1.17667906627393,0.0778610668213482,188.884505802382,5.56958719447963e-43,2.1471447452923298e-42,0.615384615384615,0.592914455902729,0.386326216768412,399.426470588235,108644.0,272,1.73035997267169,0.023835989105713,1.32515435721209,0.823364695819758,0.0991204462779298,0.573128106384268,0.29179336381206,0.5,0.5,0.448504951968834,38.7658878491735,33.95126835596214,38.765887849173495
P0089,Product P0089,P0613,Product P0613,163,1128,1844,0.0052315691497897,0.0362037423371955,0.0591841319767628,0.144503546099291,2.44159272549653,0.0030888820852524,1.09973087992768,0.0700772452561388,153.006428170882,3.81828234131149e-35,1.17676441648894e-34,0.807692307692308,0.582521333218995,0.510383203523321,391.977607361963,63892.35,163,1.67944176996727,0.0140176849024189,1.32175149307141,0.821250377451595,0.0515638120337486,0.567904707378768,0.25793006907666,0.5,0.5,0.618583556237048,38.733807332154,33.9054390459343,38.73380733215401
P0573,Product P0573,P0072,"French fries, 180 g",115,458,5580,0.0036909843694835,0.0146997464454216,0.179092980710595,0.251091703056769,1.40201867242648,0.001058362962883,1.09613823566923,0.0229355493827444,16.3898103799392,5.1561672710058e-05,6.23656152180414e-05,0.461538461538462,0.994241763254135,0.231435561145475,488.795217391304,56211.45,115,2.34125801535669,0.0123325311090933,1.19858962238326,0.864599652136649,0.0617662907980705,0.674998587699069,0.331509542162822,0.5,0.5,0.236154263695362,38.7270310501529,33.895758643075496,38.727031050152846
P0160,Product P0160,P0165,"Honey lemonade, 500 ml",177,735,3686,0.005680906377379,0.0235902044484386,0.118304072921013,0.240816326530612,2.03557088597783,0.0028900891100894,1.16137366738899,0.0589617074654134,108.316779187063,2.2907702868902703e-25,5.36315532832035e-25,0.576923076923077,0.718885502110426,0.335637874782665,423.337457627119,74930.73,177,1.89380833357249,0.0164394542171047,1.35957998331294,0.844754539960301,0.0804772526055723,0.625971468242109,0.290176043006522,0.5,0.5,0.379012675208656,38.7226220291706,33.889460041672315,38.72262202917062
P0063,Product P0063,P0007,Product P0007,177,1031,2157,0.005680906377379,0.0330904772603267,0.0692300285650095,0.171677982541222,2.47981961151454,0.0033900516914168,1.12368131211882,0.074660939215181,173.677089346867,1.16440068873248e-39,4.16511852920373e-39,0.576923076923077,0.678771704881188,0.34365785130022,372.015988700565,65846.83,177,1.54299011091085,0.0144464887386854,1.39614262723739,0.867472187930428,0.0643770945851477,0.682095154060324,0.242990295532353,0.5,0.5,0.390007835159337,38.6893292351499,33.84189890735695,38.68932923514986
P0118,Product P0118,P0612,"Sour cream, 50 g",112,936,2147,0.0035946978207144,0.0300414032159707,0.0689090734024457,0.11965811965812,1.73646391904426,0.0015245725613926,1.05764697487295,0.0352595805362401,38.7355669764156,4.85285295141158e-10,6.84924006467016e-10,0.461538461538462,1.15542979754859,0.214128273657243,410.437946428571,45969.05,112,1.80563113041498,0.0100853961102313,1.26508575836698,0.912566474947645,0.0210751201037836,0.793500067107602,0.261722492166007,0.5,0.5,0.212426464264907,38.6502182301969,33.78602604313846,38.65021823019693
P0535,"Grilled minced-meat rolls with mustard, 40/20/30 g",P0152,"Stella Artois draught beer, 0.4 L",935,5898,2832,0.0300093076997144,0.189299354880123,0.0908945020380653,0.158528314682943,1.74409134907361,0.0128030371017585,1.08037562502105,0.113692607839174,402.735664820572,1.39771884199801e-89,1.36152790769627e-88,0.538461538461538,1.02625066643963,0.2657428063467,324.323711229947,303242.67,935,1.21697995635209,0.0665300336742693,1.31560776736552,0.817433066042172,0.130038901995718,0.558474083817102,0.352047850767203,0.5,0.5,0.283188522165944,38.6431019532599,33.775859933228425,38.6431019532599
P0537,Product P0537,P0159,Product P0159,183,1610,1626,0.0058734794749173,0.0516737811727702,0.0521873094328722,0.113664596273292,2.17801219316541,0.0031767638672874,1.0693611995887,0.0645248823643364,129.720937057804,4.716346754482339e-30,1.27364710622283e-29,0.692307692307692,0.482351303556771,0.467033482985147,399.549453551913,73117.55,183,1.73120064745433,0.016041650944704,1.33850086147302,0.831657345171325,0.0382872001981637,0.593615000424532,0.269796063222551,0.5,0.5,0.559152320984529,38.6254884867502,33.750697838214606,38.62548848675022
P0159,Product P0159,P0537,Product P0537,183,1626,1610,0.0058734794749173,0.0521873094328722,0.0516737811727702,0.112546125461255,2.17801219316541,0.0031767638672874,1.06859212183858,0.0645248823643364,129.720937057804,4.716346754482339e-30,1.27364710622283e-29,0.692307692307692,0.482351303556771,0.467033482985147,399.549453551913,73117.55,183,1.73120064745433,0.016041650944704,1.33850086147302,0.831657345171325,0.0378855031762441,0.593615000424532,0.269796063222551,0.5,0.5,0.559152320984529,38.6174545463118,33.73922078044547,38.61745454631183
P0094,Product P0094,P0152,"Stella Artois draught beer, 0.4 L",121,1003,2832,0.0038835574670218,0.0321918028051481,0.0908945020380653,0.120638085742772,1.32723193414108,0.0009574995813403,1.033824052671,0.0188710187355185,11.0954859012592,0.0008653810674445,0.0010001385006164,0.384615384615385,1.34736365299931,0.163849936128962,415.683719008264,50297.73,121,1.84148966391738,0.0110350884017718,1.28221012788236,0.924919096436742,0.01341504984108,0.824017075223805,0.268660387824395,0.5,0.5,0.143496291967313,38.5568131774587,33.652590253512464,38.55681317745872
P0110,Product P0110,P0159,Product P0159,115,614,1626,0.0036909843694835,0.0197066469814167,0.0521873094328722,0.187296416938111,3.58892648372738,0.00266254748558,1.16624647697037,0.0861329360620878,231.150127494871,3.34596674191666e-52,1.67451821808765e-51,0.5,0.56643390843743,0.319196358880386,467.617391304348,53776.0,115,2.19649272583826,0.011798204688237,1.34806226969039,0.837598182120363,0.076735476705724,0.60829176920198,0.31285500213822,0.5,0.5,0.356471824025178,38.5223632011703,33.6033760016718,38.52236320117026
P0018,"Hot pepper, 1 pc.",P0165,"Honey lemonade, 500 ml",435,2461,3686,0.0139615495715249,0.0789870655069487,0.118304072921013,0.176757415684681,1.49409408586207,0.0046170580139739,1.07100378901352,0.0530023604885602,87.5278090222634,8.31031206991354e-21,1.67279528934976e-20,0.769230769230769,0.658656404526846,0.46376740060893,354.383333333333,154156.75,435,1.42245854885463,0.033821275114798,1.30396745488545,0.810200533249114,0.072464733611201,0.54060619543881,0.283646989952228,0.5,0.5,0.55467461483913,38.4811045284361,33.54443504062297,38.48110452843608
P0118,Product P0118,P0165,"Honey lemonade, 500 ml",265,936,3686,0.0085053118079404,0.0300414032159707,0.118304072921013,0.283119658119658,2.39315224851714,0.0049512914512286,1.22990668814595,0.0898095499663128,251.30473679633,1.34895727816981e-56,7.62545280043139e-56,0.576923076923077,1.00836690361789,0.287259800927711,372.189622641509,98630.25,265,1.54417702063557,0.0216390188551024,1.36726738202163,0.849530989333903,0.116406547899312,0.637771631019661,0.263521538506884,0.5,0.5,0.31268771041896,38.4808714527067,33.544102075295335,38.48087145270674
P0040,Product P0040,P0535,"Grilled minced-meat rolls with mustard, 40/20/30 g",106,338,5898,0.0034021247231761,0.0108482844946561,0.189299354880123,0.313609467455621,1.65668534715408,0.0013485514667817,1.18110697435568,0.0332315587163903,34.407812166019,4.4692580144275905e-09,6.02714523330099e-09,0.346153846153846,1.33387406542154,0.148317276961268,381.05141509434,40391.45,106,1.60475358523755,0.0088616965701184,1.26089828165972,0.909545849007947,0.0889656592977222,0.786037645758487,0.234470083637312,0.5,0.5,0.122201457545496,38.4114823493254,33.44497478475055,38.41148234932538
P0578,Product P0578,P0009,"Borsec sparkling mineral water, 750 ml",108,615,3139,0.0034663157556889,0.0197387424976731,0.100747825528774,0.175609756097561,1.74306249465808,0.0014776803703759,1.09080885068995,0.0352932177100412,38.8095086671428,4.67246240481078e-10,6.60558272556312e-10,0.576923076923077,0.405304444536513,0.410532450221741,592.914814814815,64034.8,108,3.05298846416039,0.0140489377709446,1.25644414710739,0.780672641920776,0.0409040007797338,0.467657882393146,0.420642065911859,0.5,0.5,0.481691010312056,38.4009890848153,33.42998440687905,38.400989084815336
P0152,"Stella Artois draught beer, 0.4 L",P0072,"French fries, 180 g",786,2832,5580,0.0252270757775139,0.0908945020380653,0.179092980710595,0.277542372881356,1.54971105947391,0.0089485084773115,1.13627012640645,0.0811873633552877,205.367874937156,1.40772173019786e-46,6.04655278600736e-46,0.538461538461538,1.02483658655057,0.26592839246294,345.746170483461,271756.49,786,1.36341748508134,0.0596221119900482,1.29655489514285,0.805594850926525,0.14763297058479,0.529227910680135,0.349801714800896,0.5,0.5,0.283442955458636,38.3676814759028,33.382402108432544,38.36768147590278
P0165,"Honey lemonade, 500 ml",P0082,"Tripe soup, 300/100 g",441,3686,2454,0.0141541226690631,0.118304072921013,0.078762396893154,0.119641888225719,1.51902294680062,0.0048362103235816,1.04643507089425,0.0555905055724132,96.2846113803296,9.95004182093082e-23,2.1160810188373398e-22,0.769230769230769,0.668566003453678,0.461013090065708,366.568480725624,161656.7,441,1.50575257454105,0.0354667293183748,1.30424677627559,0.810374085386779,0.0535448640963516,0.541034953981957,0.298173566088875,0.5,0.5,0.550898533336862,38.3640530167123,33.377218595303276,38.36405301671229
P0090,Product P0090,P0070,"Caru' cu Flori potatoes, 180 g",116,471,4003,0.0037230798857399,0.0151169881567545,0.128478351574285,0.246284501061571,1.91693384950671,0.0017808741665921,1.15630055326341,0.0436168408752806,59.2739743689725,1.37178846237423e-14,2.24717899767309e-14,0.461538461538462,1.0353974936024,0.226755934891909,392.559568965517,45536.91,116,1.68341988555294,0.0099905866008968,1.23229842500155,0.888915413322506,0.0711395532679814,0.735070393680934,0.246984300553268,0.5,0.5,0.229738629054198,38.3612712405857,33.37324462940806,38.361271240585644
P0086,Product P0086,P0018,"Hot pepper, 1 pc.",182,361,2461,0.0058413839586609,0.0115864813685528,0.0789870655069487,0.50415512465374,6.38275547291205,0.004926201795808,1.85746183995526,0.170669620064125,907.544810314227,2.24738354281096e-199,5.9802327931872004e-198,0.461538461538462,1.15440487796429,0.214230141353269,208.885164835165,38017.1,182,0.427876555379352,0.008340775205541,1.22517740074205,0.88377868012989,0.245723350610087,0.72238015390728,0.0936549230185208,0.5,0.5,0.212566121982004,38.3608297705378,33.372613957911135,38.36082977053779
P0566,Product P0566,P0070,"Caru' cu Flori potatoes, 180 g",100,321,4003,0.0032095516256379,0.0103026607182977,0.128478351574285,0.311526479750779,2.42473907809019,0.0018858827597218,1.26587533549617,0.0558129171663759,97.0566012316942,6.73735593855586e-23,1.4497939504860799e-22,0.461538461538462,0.487824626323517,0.310210258233824,372.6564,37265.64,100,1.54736777114816,0.0081759083709861,1.19253833498123,0.860234570973698,0.101176083941001,0.66421470531465,0.225731593213913,0.5,0.5,0.344152135342102,38.2639690028123,33.234241432589,38.2639690028123
P0567,"Fried Romanian cheese doughnuts, 180 g",P0152,"Stella Artois draught beer, 0.4 L",336,2807,2832,0.0107840934621433,0.0900921141316558,0.0908945020380653,0.119700748129676,1.31691956549305,0.0025952156105899,1.0327232427273,0.0315322812644789,30.978930321602,2.60844777773659e-08,3.45366083193037e-08,0.538461538461538,1.07004615845068,0.260120546715029,396.995029761905,133390.33,336,1.71373936989001,0.0292652189967919,1.20415663074232,0.868615399812756,0.0349792849846168,0.684919445756004,0.305217325949044,0.5,0.5,0.275480563944475,38.2571267732381,33.224466818911495,38.25712677323804
P0629,Product P0629,P0070,"Caru' cu Flori potatoes, 180 g",100,260,4003,0.0032095516256379,0.0083448342266585,0.128478351574285,0.384615384615385,2.99362016948827,0.0021374210800361,1.41622267869179,0.0702177363155561,153.620538579155,2.8032178406913703e-35,8.66376958695266e-35,0.576923076923077,0.587555893857387,0.363403316478697,324.076,32407.6,100,1.21528667641992,0.0071100769535575,1.36493010613245,0.848078758172253,0.136543460819965,0.634183910778593,0.183392671234471,0.5,0.5,0.417078306932254,38.2531839259831,33.218834179975886,38.25318392598312
P0152,"Stella Artois draught beer, 0.4 L",P0567,"Fried Romanian cheese doughnuts, 180 g",336,2832,2807,0.0107840934621433,0.0908945020380653,0.0900921141316558,0.11864406779661,1.31691956549305,0.0025952156105899,1.03239548588908,0.0315322812644789,30.978930321602,2.60844777773659e-08,3.45366083193037e-08,0.538461538461538,1.07004615845068,0.260120546715029,396.995029761905,133390.33,336,1.71373936989001,0.0292652189967919,1.20415663074232,0.868615399812756,0.034599779915423,0.684919445756004,0.305217325949044,0.5,0.5,0.275480563944475,38.2495366718542,33.21362381693453,38.24953667185417
P0153,Product P0153,P0535,"Grilled minced-meat rolls with mustard, 40/20/30 g",188,616,5898,0.0060339570561992,0.0197708380139295,0.189299354880123,0.305194805194805,1.61223373100281,0.0022913501747229,1.16680279764917,0.0420155729864308,55.0017129893413,1.20424824278466e-13,1.91242333752266e-13,0.615384615384615,0.61484630321021,0.381079372173854,468.93829787234,88160.4,188,2.20552204834554,0.0193419823824169,1.10616226474534,0.797927406883302,0.0954498160716435,0.510285579102654,0.335310542605107,0.5,0.5,0.441311677097361,38.2340355265617,33.19147932365957,38.2340355265617
P0627,"Chicken breast strips, 200 g",P0152,"Stella Artois draught beer, 0.4 L",131,1085,2832,0.0042045126295856,0.0348236351381712,0.0908945020380653,0.12073732718894,1.32832376526335,0.0010392356545463,1.03394073929633,0.0197195816722244,12.1157702596618,0.000499971816278,0.000582144345314,0.5,1.08906470351005,0.239341557568752,442.559541984733,57975.3,131,2.02520475715968,0.0127195116085604,1.22819082344302,0.885952405123291,0.014574103043938,0.727750316291399,0.295186963484708,0.5,0.5,0.246993160175067,38.2201592581516,33.17165608307367,38.22015925815157
P0697,Product P0697,P0082,"Tripe soup, 300/100 g",108,811,2454,0.0034663157556889,0.0260294636839234,0.078762396893154,0.133168927250308,1.6907678346935,0.0014161728060998,1.06276485934517,0.0330191159011836,33.9692935981082,5.598872982424081e-09,7.54119805410454e-09,0.653846153846154,0.424419499431755,0.459026399250356,325.031481481481,35103.4,108,1.22181806225377,0.0077015229554644,1.39170865514661,0.864717206171562,0.0244794972045718,0.675289003578863,0.185842706452135,0.5,0.5,0.548174836672722,38.1939725114386,33.13424644491231,38.193972511438616
P0110,Product P0110,P0613,Product P0613,101,614,1844,0.0032416471418942,0.0197066469814167,0.0591841319767628,0.164495114006515,2.77937866979446,0.0020753263461266,1.12604472313113,0.063277169480259,124.752633528293,5.7651542932106e-29,1.49756746045066e-28,0.5,0.689129236623309,0.296010505980902,499.498415841584,50449.34,101,2.41442188099926,0.0110683509317625,1.34603907486992,0.836341100498984,0.0535862176965436,0.6051861636367,0.336587970234538,0.5,0.5,0.324684678431329,38.1540538156689,33.07721973666988,38.15405381566892
P0083,Product P0083,P0070,"Caru' cu Flori potatoes, 180 g",122,614,4003,0.0039156529832782,0.0197066469814167,0.128478351574285,0.198697068403909,1.54654123413954,0.0013837754640494,1.08763067506786,0.0297527532723704,27.580996679267,1.50651624694631e-07,1.94280050285866e-07,0.653846153846154,0.54384245354406,0.423518703184498,276.575819672131,33742.25,122,0.890589640515156,0.0074028929660381,1.22016669605702,0.880164220729668,0.0469741614056246,0.713450673881553,0.14577974287166,0.5,0.5,0.49949479417264,38.1190395049031,33.02719929271879,38.11903950490316
P0025,Product P0025,P0072,"French fries, 180 g",100,440,5580,0.0032095516256379,0.0141220271528068,0.179092980710595,0.227272727272727,1.26902085369827,0.0006803956891657,1.06235026025688,0.0150388692537054,7.04670355271496,0.0079411261272132,0.0089041815054364,0.461538461538462,0.916917993811426,0.240771103943148,221.3205,22132.05,100,0.512880789902968,0.0048556689986294,1.31868131870646,0.951227499505363,0.0482277829670083,0.889011679865265,0.0938389191562958,0.5,0.5,0.24895302763964,38.1110979161678,33.015854165953975,38.11109791616778
P0140,Product P0140,P0156,Product P0156,108,931,1346,0.0034663157556889,0.0298809256346888,0.0432005648810861,0.116004296455424,2.68524952798043,0.0021754428891006,1.08235756269223,0.0628467716251473,123.061323337287,1.35204867137186e-28,3.47897429355353e-28,0.461538461538462,0.712138780455275,0.269568370746052,443.132407407407,47858.3,108,2.02912069397151,0.0104998887873968,1.39858890687048,0.868992146926171,0.035935215147131,0.685850195129973,0.289357999523774,0.5,0.5,0.288433262269662,38.1072008187142,33.0102868838774,38.107200818714176
P0157,Product P0157,P0165,"Honey lemonade, 500 ml",186,519,3686,0.0059697660236864,0.0166575729370607,0.118304072921013,0.358381502890173,3.02932514529277,0.0039991073002533,1.37417473319518,0.0967487896782648,291.639748974243,2.18410377475006e-65,1.45296171844653e-64,0.538461538461538,0.85733922134769,0.289910174874157,376.05,69945.3,186,1.57056540647166,0.0153456740252184,1.34491769206091,0.835644346184729,0.143924628299676,0.603464840184678,0.248804296541855,0.5,0.5,0.316321297799983,38.087088278524,32.98155468360573,38.08708827852401
P0015,Product P0015,P0165,"Honey lemonade, 500 ml",276,1453,3686,0.0088583624867606,0.0466347851205187,0.118304072921013,0.189951823812801,1.60562370443175,0.0033412774672069,1.08844875280014,0.0490646421134802,75.0054645170392,4.69413029726609e-18,8.76934272999538e-18,0.653846153846154,0.778107945609509,0.367720168767383,329.790615942029,91022.21,276,1.25435008301971,0.0199698502074474,1.37794881073566,0.856167734144938,0.0636838062449903,0.654167632098647,0.224474917128596,0.5,0.5,0.422996588774311,38.0764929971878,32.966418567411104,38.07649299718777
P0576,Product P0576,P0070,"Caru' cu Flori potatoes, 180 g",186,1175,4003,0.0059697660236864,0.0377122316012453,0.128478351574285,0.158297872340426,1.23209762890598,0.0011245606733708,1.03542764095067,0.0176414884772966,9.6967474586963,0.001845944555275,0.0021066166420554,0.653846153846154,0.616383220896568,0.404511841865991,433.829032258065,80692.2,186,1.96552560203605,0.0177034939814073,1.33166833007626,0.827412054723043,0.0310998129043614,0.583127059611303,0.302250664986325,0.5,0.5,0.473436927307328,38.0639200231131,32.94845717587581,38.06392002311307
P0165,"Honey lemonade, 500 ml",P0018,"Hot pepper, 1 pc.",435,3686,2461,0.0139615495715249,0.118304072921013,0.0789870655069487,0.118014107433532,1.49409408586207,0.0046170580139739,1.04424905461132,0.0530023604885602,87.5278090222634,8.31031206991354e-21,1.67279528934976e-20,0.769230769230769,0.658656404526846,0.46376740060893,354.383333333333,154156.75,435,1.42245854885463,0.033821275114798,1.30396745488545,0.810200533249114,0.051367167426876,0.54060619543881,0.283646989952228,0.5,0.5,0.55467461483913,38.0591532047496,32.94164743535654,38.05915320474958
P0118,Product P0118,P0095,Product P0095,193,936,3929,0.0061944346374811,0.0300414032159707,0.126103283371313,0.206196581196581,1.63514046330921,0.0024061150548657,1.10089815176911,0.0424606300252211,56.1731142673356,6.63628241196713e-14,1.06630104734258e-13,0.5,0.944133133495497,0.257184033019906,454.776165803109,87771.8,193,2.10871394628717,0.019256725346902,1.36382466006137,0.847391905910015,0.0606174430194935,0.632487050231232,0.323607080383544,0.5,0.5,0.271454687097509,38.0487783436605,32.926826205229254,38.04877834366047
P0605,Product P0605,P0149,"Beck's draught beer, 0.4 L",100,480,5044,0.0032095516256379,0.0154058478030619,0.161889783997176,0.208333333333333,1.28688375627809,0.0007155022525068,1.05866553600357,0.0157717283680797,7.7502232314787,0.0053705902315157,0.0060592698475529,0.461538461538462,0.638151206956612,0.281743504249474,357.2466,35724.66,100,1.44203098401707,0.0078378245146101,1.23779192174645,0.892878133578008,0.0418135607740551,0.744860248110307,0.212301602519749,0.5,0.5,0.305125024396145,38.0307584720437,32.90108353149096,38.03075847204367
P0697,Product P0697,P0095,Product P0095,121,811,3929,0.0038835574670218,0.0260294636839234,0.126103283371313,0.149198520345253,1.18314540554773,0.0006011566320847,1.02714527128386,0.0113733622526946,4.03026291578373,0.0446909756919476,0.0481321367027787,0.576923076923077,0.627679507209359,0.354445131469527,417.549173553719,50523.45,121,1.85424135364452,0.0110846103216287,1.38090590356888,0.85800507922695,0.0199700419090919,0.658706771813202,0.270310539715386,0.5,0.5,0.404796889794935,38.0277159667029,32.89673709528992,38.02771596670294
P0127,Product P0127,P0095,Product P0095,119,363,3929,0.0038193664345091,0.0116506724010656,0.126103283371313,0.327823691460055,2.59964437638609,0.0023501783912511,1.3001004431812,0.0659746123061848,135.615499504119,2.4216336760159603e-31,6.73980188911584e-31,0.538461538461538,0.682570195100031,0.320023224011481,432.113445378151,51421.5,119,1.95379836287823,0.011281638321485,1.3264680503192,0.824180939240495,0.113444055191831,0.575144626287951,0.282656332509298,0.5,0.5,0.357605432627912,38.0009546060607,32.85850658008675,38.000954606060716
P0118,Product P0118,P0011,Product P0011,131,936,1889,0.0042045126295856,0.0300414032159707,0.0606284302082999,0.139957264957265,2.30844282915485,0.0023831495113467,1.09223824760873,0.0585002492044588,106.627951694144,5.371027434551111e-25,1.23885643363536e-24,0.423076923076923,1.09982249061037,0.201482232411914,544.285496183206,71301.4,131,2.72057297628723,0.0156431960680947,1.35502161171017,0.841922264438799,0.0422390521785332,0.618974364416552,0.385804867988522,0.5,0.5,0.19508910100319,37.8912567017041,32.70179528814863,37.89125670170404
P0074,Product P0074,P0612,"Sour cream, 50 g",116,805,2147,0.0037230798857399,0.0258368905863851,0.0689090734024457,0.144099378881988,2.09115246754825,0.0019426836958317,1.08784934094489,0.0483428088323692,72.8147554049239,1.42408158468473e-17,2.60683390753531e-17,0.5,0.787942748705633,0.279651012518142,443.487931034483,51444.6,116,2.03155094722758,0.0112867063542189,1.38362224492119,0.859692837003332,0.0373460120643306,0.662876357824195,0.291876349683917,0.5,0.5,0.302256277682098,37.8645371682698,32.66362452609975,37.86453716826983
P0090,Product P0090,P0535,"Grilled minced-meat rolls with mustard, 40/20/30 g",106,471,5898,0.0034021247231761,0.0151169881567545,0.189299354880123,0.225053078556263,1.1888739858558,0.000540488617372,1.04613699685332,0.0113072440614657,3.98353985784976,0.045946907521926,0.0494359724915397,0.307692307692308,1.2991825800575,0.133826826264756,356.134433962264,37750.25,106,1.43442854938642,0.0082822295546734,1.28724665060656,0.928552179615508,0.04601527093786,0.832992565078419,0.212661381083134,0.5,0.5,0.102335461327571,37.856738955264,32.652484221805665,37.856738955263964
P0035,Product P0035,P0535,"Grilled minced-meat rolls with mustard, 40/20/30 g",113,329,5898,0.0036267933369708,0.0105594248483487,0.189299354880123,0.343465045592705,1.81440156417971,0.0016279010252732,1.23481718631685,0.040654458478574,51.4958220638564,7.17496265501928e-13,1.1087654754427799e-12,0.346153846153846,1.26596362575539,0.152762313666201,328.867079646018,37161.98,113,1.24803706492598,0.0081531658483369,1.25951393434147,0.908547253502495,0.104023326873321,0.783570627144537,0.190227350775699,0.5,0.5,0.12829547658039,37.839380861675,32.62768694525005,37.83938086167503
P0090,Product P0090,P0149,"Beck's draught beer, 0.4 L",111,471,5044,0.003562602304458,0.0151169881567545,0.161889783997176,0.235668789808917,1.45573601984069,0.0011153163570732,1.0965275326037,0.0248149167702763,19.1858603985955,1.18588547547738e-05,1.45862576521513e-05,0.346153846153846,1.42429626824181,0.142785290184392,324.037477477478,35968.16,111,1.21502334796953,0.0078912472839046,1.29231674816304,0.932209481916288,0.0569525015644259,0.842027887993058,0.185576100378219,0.5,0.5,0.114617260843217,37.8373024071462,32.62471772449461,37.837302407146225
P0692,Product P0692,P0009,"Borsec sparkling mineral water, 750 ml",111,170,3139,0.003562602304458,0.0054562377635844,0.100747825528774,0.652941176470588,6.48094559901055,0.0030128982142089,2.59106558745947,0.135883673301643,575.294459277556,3.95948537833508e-127,6.08422330670925e-126,0.538461538461538,0.721450844282341,0.312795186833243,422.829369369369,46934.06,111,1.89033519409953,0.0102971148231552,1.21957452101209,0.75776425520362,0.281501024964739,0.411062978712689,0.272351393181587,0.5,0.5,0.347695999011712,37.7752679272974,32.53609703899632,37.77526792729742
P0031,Product P0031,P0009,"Borsec sparkling mineral water, 750 ml",293,2093,3139,0.009403986263119,0.0671759155246012,0.100747825528774,0.13999044433827,1.38951330813874,0.0026361588461108,1.04563044509349,0.0349869685417345,38.1389088108851,6.58831723104235e-10,9.22702708481027e-10,0.730769230769231,0.997433475751793,0.365854102096784,261.250682593857,76546.45,293,0.785831583812993,0.0167939356824215,1.42410616010509,0.884846907794839,0.0405369999821929,0.725019197963634,0.160000202266051,0.5,0.5,0.420438264385585,37.7155106480934,32.45072949727629,37.7155106480934
P0118,Product P0118,P0152,"Stella Artois draught beer, 0.4 L",113,936,2832,0.0036267933369708,0.0300414032159707,0.0908945020380653,0.120726495726496,1.32820460005312,0.0008961949511304,1.03392800254237,0.01826374512875,10.3928655785883,0.0012650314570381,0.0014558537126883,0.384615384615385,1.20599429728915,0.174350126420554,424.081415929204,47921.2,113,1.89889381017187,0.0105136887553173,1.25177203747589,0.902962655394972,0.0125866487065109,0.769773942293193,0.273978688981079,0.5,0.5,0.15789175453705,37.7057031449862,32.43671877855165,37.70570314498615
P0089,Product P0089,P0537,Product P0537,140,1128,1610,0.004493372275893,0.0362037423371955,0.0516737811727702,0.124113475177305,2.40186555658341,0.0026225880167254,1.08270442797279,0.0634229914188341,125.328279762879,4.31346869629772e-29,1.13124864126462e-28,0.615384615384615,0.64733516288708,0.373563698055293,420.711785714286,58899.65,140,1.87586002513512,0.0129223097062912,1.34387676454397,0.834997581554112,0.0396995157051542,0.601867015666276,0.278079969717715,0.5,0.5,0.431007901408008,37.703009035863,32.43287005123283,37.703009035862976
P0157,Product P0157,P0149,"Beck's draught beer, 0.4 L",103,519,5044,0.003305838174407,0.0166575729370607,0.161889783997176,0.198458574181118,1.22588695395739,0.000609147289709,1.04562308198429,0.0129212276079996,5.20191423512462,0.0225620287868341,0.024615173406436,0.461538461538462,1.07960749164538,0.221935371647124,358.323300970874,36907.3,103,1.44939099005042,0.0080972902389573,1.25307308378455,0.903901161923705,0.0370594139857913,0.772092511787106,0.213908584444584,0.5,0.5,0.22312977380222,37.6925079423718,32.41786848910261,37.692507942371826
P0566,Product P0566,P0535,"Grilled minced-meat rolls with mustard, 40/20/30 g",116,321,5898,0.0037230798857399,0.0103026607182977,0.189299354880123,0.361370716510903,1.90899074505429,0.0017727928582174,1.26943857113893,0.0448153989404892,62.576341385256,2.5631407727918903e-15,4.3489682474587205e-15,0.5,0.687919692520945,0.296222623751275,386.201120689655,44799.33,116,1.63995543354717,0.0098287649738893,1.16581064057508,0.840954614886628,0.11285186428205,0.616583797421253,0.241379490958014,0.5,0.5,0.324975485868051,37.6660579119069,32.3800827312955,37.66605791190685
P0098,Product P0098,P0070,"Caru' cu Flori potatoes, 180 g",115,413,4003,0.0036909843694835,0.0132554482138845,0.128478351574285,0.278450363196126,2.16729402100967,0.0019879462335854,1.20784711677792,0.0519458658175956,84.0732067988887,4.76788723708169e-20,9.372549505686721e-20,0.5,0.610922880777181,0.310381090222505,455.897826086957,52428.25,115,2.11638128074661,0.011502514596587,1.32316667394375,0.822129678766299,0.0873436640182279,0.570077011078116,0.302531794386815,0.5,0.5,0.344386341145089,37.6429128011141,32.347018287305815,37.642912801114065
P0153,Product P0153,P0009,"Borsec sparkling mineral water, 750 ml",110,616,3139,0.0035305067882016,0.0197708380139295,0.100747825528774,0.178571428571429,1.77245938196878,0.0015386378494166,1.09474177761715,0.0367198986853191,42.0105708438985,9.07813371577922e-11,1.31182038197551e-10,0.5,0.666669514110336,0.299999487461015,657.154545454545,72287.0,110,3.4921120628934,0.0158594321314078,1.24241973585803,0.771958785274918,0.0428475403088254,0.446130400617734,0.477765575546931,0.5,0.5,0.330153458709942,37.6364049165692,32.33772130938461,37.63640491656923
P0482,Product P0482,P0535,"Grilled minced-meat rolls with mustard, 40/20/30 g",232,713,5898,0.0074461597714799,0.0228841030907982,0.189299354880123,0.325385694249649,1.71889489246123,0.0031142138193815,1.20172465690327,0.0531622819017311,88.0567925570419,6.36018654725051e-21,1.28499324500932e-20,0.653846153846154,0.775350905227541,0.368291221707718,382.642801724138,88773.13,232,1.61563182860647,0.019476412499172,1.30552830081563,0.811170341353,0.111026352316988,0.543002095111085,0.265850594827446,0.5,0.5,0.423779486131372,37.6353757064241,32.33625100917729,37.6353757064241
P0118,Product P0118,P0535,"Grilled minced-meat rolls with mustard, 40/20/30 g",292,936,5898,0.0093718907468626,0.0300414032159707,0.189299354880123,0.311965811965812,1.64800250990485,0.0036850724983857,1.17828540967734,0.0551067126924563,94.6160130128885,2.3114094506992797e-22,4.84020673841249e-22,0.615384615384615,0.907263158421573,0.322653228353606,364.914726027397,106555.1,292,1.49444800169688,0.023377694145633,1.32788102760372,0.825058871389105,0.111276643638757,0.577313547478344,0.262562905588285,0.5,0.5,0.36121109386013,37.635172872709,32.335961246727166,37.63517287270901
P0048,Product P0048,P0567,"Fried Romanian cheese doughnuts, 180 g",175,1234,2807,0.0056167153448663,0.0396058670603717,0.0900921141316558,0.141815235008104,1.57411374319469,0.0020485390493801,1.06027037881165,0.0366857693663764,41.9325136649103,9.44785102055541e-11,1.36163876663487e-10,0.538461538461538,0.689740072300915,0.318665306746449,400.085771428571,70015.01,175,1.73486675616491,0.0153609680755162,1.18420272383808,0.854221698544202,0.0335302514988515,0.649359973718238,0.268300392501319,0.5,0.5,0.355743766637228,37.5812500207404,32.25892860105778,37.58125002074044
P0086,Product P0086,P0612,"Sour cream, 50 g",117,361,2147,0.0037551754019963,0.0115864813685528,0.0689090734024457,0.32409972299169,4.7032953280168,0.0029567617068946,1.37755665779392,0.109077945805469,370.705931822368,1.3136850512911899e-82,1.1520099593015e-81,0.423076923076923,1.1908041627044,0.193114898300478,244.437606837607,28599.2,117,0.670902423022132,0.0062745316780687,1.25659367518728,0.906440731802562,0.141982039703393,0.778366489717469,0.11657061375767,0.5,0.5,0.183617723660047,37.5745601001711,32.24937157167302,37.57456010017111
P0156,Product P0156,P0058,Product P0058,202,1346,2522,0.0064832942837885,0.0432005648810861,0.0809448919985878,0.150074294205052,1.85403044589485,0.002986429225211,1.08133581763103,0.0538556855398531,90.3688490877939,1.976536569046e-21,4.03065681650316e-21,0.653846153846154,0.662165079437872,0.393370166377986,400.640346534653,80929.35,202,1.73865766583911,0.0177555235901884,1.32694855004906,0.824479490508703,0.0468155109034532,0.575882193733295,0.275537753256543,0.5,0.5,0.458162006758491,37.5463292254507,32.209041750643905,37.546329225450734
P0094,Product P0094,P0009,"Borsec sparkling mineral water, 750 ml",147,1003,3139,0.0047180408896877,0.0321918028051481,0.100747825528774,0.146560319042871,1.4547243900665,0.0014747867572179,1.05367982592832,0.0277589696933124,24.0083503340155,9.59188022473088e-07,1.20979668499207e-06,0.615384615384615,0.679641327390781,0.366378586516788,509.734353741497,74930.95,147,2.48439169317399,0.0164395024840831,1.29539144656482,0.804871959680435,0.028919604712219,0.527442016241164,0.360099300490438,0.5,0.5,0.421157317624326,37.5407916051197,32.20113086445669,37.54079160511968
P0160,Product P0160,P0149,"Beck's draught beer, 0.4 L",159,735,5044,0.0051031870847642,0.0235902044484386,0.161889783997176,0.216326530612245,1.33625807182508,0.0012841739821573,1.0694635568786,0.0229710930710996,16.440648988665,5.01971786410291e-05,6.07825992201584e-05,0.576923076923077,0.605380698803213,0.359368389910981,418.772955974843,66584.9,159,1.86260676451219,0.0146084178694174,1.1483791231301,0.828380433000106,0.0524007155095018,0.585519426912994,0.281290919170348,0.5,0.5,0.41154653724388,37.4996866042957,32.1424094347081,37.49968660429567
P0627,"Chicken breast strips, 200 g",P0570,Product P0570,130,1085,1256,0.0041724171133292,0.0348236351381712,0.040311968418012,0.119815668202765,2.97221080747894,0.0027686078334389,1.09032619294917,0.0767783916510842,183.668066823997,7.66612794841027e-42,2.89402961651059e-41,0.692307692307692,0.592352848766158,0.43477027898944,502.192307692308,65285.0,130,2.43283652054253,0.0143232258455733,1.25976343605538,0.782735032102063,0.0460950127117604,0.47275299341526,0.347995725148565,0.5,0.5,0.514920384933628,37.486078474848,32.12296924978284,37.486078474847986
P0166,Product P0166,P0152,"Stella Artois draught beer, 0.4 L",138,995,2832,0.0044291812433803,0.0319350386750971,0.0908945020380653,0.138693467336683,1.52587300911336,0.0015264618054409,1.05549588153107,0.0302011874343462,28.4186649362037,9.77186369766213e-08,1.26466231247324e-07,0.346153846153846,1.57435750836383,0.134462227965319,404.05615942029,55759.75,138,1.76200714180985,0.0122334302265866,1.25928919873502,0.908385141030025,0.0267385013195726,0.783170130161572,0.262647200922801,0.5,0.5,0.103206579006698,37.4831824381459,32.11883205449413,37.48318243814589
P0612,"Sour cream, 50 g",P0165,"Honey lemonade, 500 ml",431,2147,3686,0.0138331675064993,0.0689090734024457,0.118304072921013,0.2007452258966,1.69685811265881,0.0056809434617769,1.10314752647936,0.0694427561043666,150.24828816742,1.52999544260467e-34,4.58578304363104e-34,0.730769230769231,0.709700221015579,0.427425359011269,346.987122969838,149551.45,431,1.37190026538331,0.0328108936797575,1.28242567111428,0.796815870439359,0.0880981532628372,0.507539541210113,0.274796639585198,0.5,0.5,0.504850708319468,37.4571937643576,32.081705377653776,37.45719376435764
P0056,Product P0056,P0152,"Stella Artois draught beer, 0.4 L",138,937,2832,0.0044291812433803,0.0300734987322271,0.0908945020380653,0.147278548559232,1.62032405983756,0.0016956655515721,1.06612246757238,0.034538451039883,37.167328629503,1.08415039044695e-09,1.4991230367270301e-09,0.461538461538462,1.08859652430902,0.22098019228063,465.877898550725,64291.15,138,2.18460207327272,0.0141051797705695,1.19125053247806,0.859305617831215,0.0320397919570293,0.661919737350664,0.317987428445079,0.5,0.5,0.221820250028278,37.4571416553382,32.08163093619746,37.45714165533822
P0063,Product P0063,P0015,Product P0015,105,1031,1453,0.0033700292069197,0.0330904772603267,0.0466347851205187,0.10184287099903,2.18383918218636,0.001826861910349,1.06146818200944,0.0484369340829457,73.0985775276114,1.2333337835382e-17,2.26908458320434e-17,0.5,0.849212076558441,0.270385428658106,380.161904761905,39917.0,105,1.59867315846118,0.0087576044432526,1.42230076322572,0.883725151642937,0.0219501311149186,0.722247912401115,0.233455081530335,0.5,0.5,0.289553425453723,37.4485967554646,32.069423936378,37.4485967554646
P0576,Product P0576,P0152,"Stella Artois draught beer, 0.4 L",145,1175,2832,0.0046538498571749,0.0377122316012453,0.0908945020380653,0.123404255319149,1.3576646832552,0.0012260153450355,1.03708636903425,0.0223885701168052,15.6173861754126,7.75383665944262e-05,9.27569714413586e-05,0.461538461538462,1.13918374830817,0.215754472659715,401.114137931034,58161.55,145,1.74189636221837,0.0127603739936985,1.23167813398468,0.888467967935536,0.0178315860984464,0.733964985042146,0.261760028798305,0.5,0.5,0.214655936895491,37.4176913677329,32.02527338247551,37.41769136773286
P0072,"French fries, 180 g",P0152,"Stella Artois draught beer, 0.4 L",786,5580,2832,0.0252270757775139,0.179092980710595,0.0908945020380653,0.140860215053763,1.54971105947391,0.0089485084773115,1.0581578386791,0.0811873633552877,205.367874937156,1.40772173019786e-46,6.04655278600736e-46,0.538461538461538,1.02483658655057,0.26592839246294,345.746170483461,271756.49,786,1.36341748508134,0.0596221119900482,1.29655489514285,0.805594850926525,0.0985437899302836,0.529227910680135,0.349801714800896,0.5,0.5,0.283442955458636,37.3858978628126,31.979854089732356,37.38589786281265
P0063,Product P0063,P0082,"Tripe soup, 300/100 g",109,1031,2454,0.0034984112719453,0.0330904772603267,0.078762396893154,0.105722599418041,1.3422978932632,0.0008921259685835,1.03014747158694,0.0185155431559167,10.6814090672393,0.0010821759870155,0.0012467307305532,0.730769230769231,0.580449266987726,0.462380695181724,540.481651376147,58912.5,109,2.69457103007632,0.0129251289366216,1.25171772706191,0.777735952031118,0.0070623551859159,0.460402824082116,0.375020643150054,0.5,0.5,0.552773481096004,37.3774512593218,31.967787513316793,37.37745125932175
P0570,Product P0570,P0627,"Chicken breast strips, 200 g",130,1256,1085,0.0041724171133292,0.040311968418012,0.0348236351381712,0.103503184713376,2.97221080747894,0.0027686078334389,1.07660880485476,0.0767783916510842,183.668066823997,7.66612794841027e-42,2.89402961651059e-41,0.692307692307692,0.592352848766158,0.43477027898944,502.192307692308,65285.0,130,2.43283652054253,0.0143232258455733,1.25976343605538,0.782735032102063,0.040236410084603,0.47275299341526,0.347995725148565,0.5,0.5,0.514920384933628,37.3689064223048,31.955580603292628,37.36890642230484
P0063,Product P0063,P0156,Product P0156,120,1031,1346,0.0038514619507654,0.0330904772603267,0.0432005648810861,0.11639185257032,2.69422061703823,0.0024219346409346,1.08283229155609,0.0665982499145026,138.191479963904,6.61779107861506e-32,1.8704689292147702e-31,0.615384615384615,0.442141870942372,0.426715725951768,393.990833333333,47278.9,120,1.69320358099616,0.0103727711178721,1.32803392640538,0.825153872756034,0.0384642939361341,0.577548247253463,0.249226145272049,0.5,0.5,0.503877821556218,37.3435519447951,31.919359921135857,37.343551944795095
P0140,Product P0140,P0567,"Fried Romanian cheese doughnuts, 180 g",210,931,2807,0.0067400584138395,0.0298809256346888,0.0900921141316558,0.225563909774436,2.50370314814468,0.0040480226511996,1.17492960019893,0.0830407542461047,214.851408236545,1.2008315020131899e-48,5.57492412211229e-48,0.615384615384615,0.481293525035078,0.415437322167491,388.695238095238,81626.0,210,1.65700447469189,0.0179083653652565,1.28856653977271,0.800631406665383,0.0895959703772104,0.516965779201785,0.266303589086137,0.5,0.5,0.488415450397769,37.3414612772803,31.916373253257625,37.34146127728033
P0007,Product P0007,P0152,"Stella Artois draught beer, 0.4 L",257,2157,2832,0.0082485476778894,0.0692300285650095,0.0908945020380653,0.119146963375058,1.31082695546493,0.0019559187053918,1.03207397847573,0.0268044199438605,22.3855856621103,2.23041714433383e-06,2.77783687724681e-06,0.5,1.11484215635291,0.23642426386197,396.877782101167,101997.59,257,1.7129378999241,0.0223777976146771,1.20201062925033,0.867067386957638,0.026637921986728,0.681095097952154,0.285596696530846,0.5,0.5,0.242993633386059,37.2965306632551,31.85218666179307,37.29653066325515
P0056,Product P0056,P0082,"Tripe soup, 300/100 g",149,937,2454,0.0047822319222004,0.0300734987322271,0.078762396893154,0.159018143009605,2.01896018001233,0.002413571079087,1.09543100775522,0.0524630350769503,85.7555936318142,2.0360748390029502e-20,4.0388320897313004e-20,0.692307692307692,0.681878522379022,0.411627643195313,461.338322147651,68739.41,149,2.15357088576633,0.0150811073588338,1.28342910713652,0.797439340294569,0.0463688827374584,0.509079816256057,0.317080178574415,0.5,0.5,0.483192488763387,37.2825024389925,31.832146341417822,37.28250243899247
P0570,Product P0570,P0537,Product P0537,163,1256,1610,0.0052315691497897,0.040311968418012,0.0516737811727702,0.129777070063694,2.51146842979784,0.0031484973151138,1.08975089738975,0.0723114858708553,162.918425959628,2.60640717548034e-37,8.80368491779894e-37,0.653846153846154,0.519175846907441,0.430395306229477,454.065950920245,74012.75,163,2.10385912961638,0.0162380536677944,1.27540419408927,0.792453181471512,0.0475629968441847,0.496761568715954,0.314474396431582,0.5,0.5,0.508922421576707,37.2652034556015,31.807433508002113,37.26520345560148
P0148,Product P0148,P0070,"Caru' cu Flori potatoes, 180 g",120,461,4003,0.0038514619507654,0.0147960329941907,0.128478351574285,0.260303687635575,2.02605096069488,0.0019504920218331,1.17821548364884,0.0482785690267389,72.6213658210387,1.5706936456006102e-17,2.8703965952265804e-17,0.5,0.801542343039728,0.277539965647632,367.13875,44056.65,120,1.50965076485905,0.0096658244305641,1.18698927824342,0.856231772655079,0.0789340969044944,0.654325838495194,0.225489914199025,0.5,0.5,0.299362092399406,37.1686179159683,31.669454165669038,37.168617915968326
P0056,Product P0056,P0149,"Beck's draught beer, 0.4 L",202,937,5044,0.0064832942837885,0.0300734987322271,0.161889783997176,0.215581643543223,1.33165687309203,0.0016147020699889,1.06844798965258,0.0256667406240378,20.5256575092697,5.88372689220844e-06,7.26147742013508e-06,0.692307692307692,0.643784140267183,0.421167034860893,476.344554455446,96221.6,202,2.2561490047715,0.0211105722297989,1.24822495157794,0.775565768604357,0.0565550805509979,0.455041411097303,0.346318533287695,0.5,0.5,0.496270723714031,37.1210077358602,31.601439622657466,37.121007735860225
P0697,Product P0697,P0567,"Fried Romanian cheese doughnuts, 180 g",131,811,2807,0.0042045126295856,0.0260294636839234,0.0900921141316558,0.161528976572133,1.79293135841039,0.0018594632165878,1.08519896388122,0.0407887098243587,51.8364881825222,6.03203513017706e-13,9.37457311541762e-13,0.692307692307692,0.705207670975658,0.40599611653845,401.698091603053,52622.45,131,1.74588809498868,0.0115451211748088,1.32271712309571,0.821850357119549,0.0400383587051317,0.56938695018955,0.25878741296931,0.5,0.5,0.475471825713664,37.1189726944165,31.59853242059496,37.11897269441647
P0156,Product P0156,P0572,"Medium Capricciosa pizza, 550 g",141,1346,1605,0.0045254677921494,0.0432005648810861,0.0515133035914883,0.104754829123328,2.03354904111872,0.0023000639781062,1.05947144677664,0.0511810775792833,81.615845691717,1.65283624015507e-19,3.2029206714195e-19,0.538461538461538,0.706666996633934,0.315504746692558,390.117021276596,55006.5,141,1.66672335957821,0.0120681706743437,1.37744990968883,0.855857749495654,0.0258694047208946,0.653401818617965,0.250897407183163,0.5,0.5,0.351410728597753,37.117479896418,31.596399852025687,37.117479896417976
P0020,Product P0020,P0082,"Tripe soup, 300/100 g",103,572,2454,0.003305838174407,0.0183586352986488,0.078762396893154,0.18006993006993,2.28624238434752,0.0018598680545981,1.12355630911965,0.0514328064091274,82.4206581999758,1.09998120143418e-19,2.1353727593677801e-19,0.615384615384615,0.655412192732821,0.371741018995827,412.575242718447,42495.25,103,1.82024104905913,0.0093232605210094,1.32818679677207,0.825248856455317,0.0516705558977971,0.577782903380869,0.2612916151628,0.5,0.5,0.428509060201465,37.099992090844,31.571417272634246,37.09999209084397
P0572,"Medium Capricciosa pizza, 550 g",P0082,"Tripe soup, 300/100 g",167,1605,2454,0.0053599512148152,0.0515133035914883,0.078762396893154,0.10404984423676,1.32105990093103,0.0013026399520649,1.02822416758448,0.0218778066766157,14.9129374070822,0.0001125882163403,0.0001340979738288,0.653846153846154,0.562250526645619,0.418528361933126,362.102395209581,60471.1,167,1.47522374877351,0.0132670785391782,1.35171403575548,0.839867151949437,0.0122237689949296,0.613897232847927,0.231623371390013,0.5,0.5,0.49265317809718,37.0814192456292,31.54488463661313,37.08141924562919
P0537,Product P0537,P0570,Product P0570,163,1610,1256,0.0052315691497897,0.0516737811727702,0.040311968418012,0.101242236024845,2.51146842979784,0.0031484973151138,1.06779387066137,0.0723114858708553,162.918425959628,2.60640717548034e-37,8.80368491779894e-37,0.653846153846154,0.519175846907441,0.430395306229477,454.065950920245,74012.75,163,2.10385912961638,0.0162380536677944,1.27540419408927,0.792453181471512,0.0373147563617195,0.496761568715954,0.314474396431582,0.5,0.5,0.508922421576707,37.0602386459522,31.51462663707454,37.060238645952175
P0097,Product P0097,P0165,"Honey lemonade, 500 ml",141,697,3686,0.0045254677921494,0.0223705748306962,0.118304072921013,0.202295552367288,1.70996270350179,0.0018789376760937,1.10529147693175,0.039339370399738,48.2181389788426,3.813443488415e-12,5.778426174806619e-12,0.538461538461538,0.70007810580306,0.316727529531467,479.01390070922,67540.96,141,2.2743958579502,0.0148181729939011,1.30391055798393,0.810165181216533,0.0543944570921093,0.540518858652352,0.330640041470903,0.5,0.5,0.353087129129515,37.0419384356024,31.48848347943205,37.04193843560243
P0088,Product P0088,P0082,"Tripe soup, 300/100 g",116,433,2454,0.0037230798857399,0.0138973585390121,0.078762396893154,0.267898383371824,3.40134879002279,0.0026284906167238,1.25834663137307,0.0833554400359524,216.482867204428,5.29160584378395e-49,2.4671546904138002e-48,0.269230769230769,1.79443770966902,0.0963452390794776,328.611810344828,38118.97,116,1.24629212027773,0.0083631250105021,1.25846294442542,0.907789124532538,0.103471866076898,0.781697678317463,0.190615986215819,0.5,0.5,0.0509492701828212,37.0252033140318,31.464576162902585,37.02520331403181
P0569,Product P0569,P0149,"Beck's draught beer, 0.4 L",188,998,5044,0.0060339570561992,0.0320313252238662,0.161889783997176,0.188376753507014,1.16361112391317,0.0008484127345642,1.03263456243311,0.0130806337121712,5.3310554952667,0.0209486948691461,0.0228779040062446,0.615384615384615,0.627437275993956,0.378131080356857,381.163617021277,71658.76,188,1.60552056407527,0.0157215991926742,1.14856214136553,0.828512452750428,0.0399436488156767,0.585845580174924,0.254008614142354,0.5,0.5,0.437269652779934,36.9686533904584,31.383790557797763,36.96865339045843
P0098,Product P0098,P0535,"Grilled minced-meat rolls with mustard, 40/20/30 g",118,413,5898,0.0037872709182527,0.0132554482138845,0.189299354880123,0.285714285714286,1.50932519498135,0.0012780231227175,1.13498090316783,0.0285255684623928,25.3527019039906,4.77483114236409e-07,6.07857733526164e-07,0.423076923076923,0.874678192196786,0.225679759245054,410.140508474576,48396.58,118,1.80359793345949,0.0106179849198646,1.37101353539574,0.851858605295452,0.0772031796188077,0.643521979255675,0.262991649775622,0.5,0.5,0.228263222817496,36.9569684011771,31.36709771596722,36.95696840117705
P0088,Product P0088,P0018,"Hot pepper, 1 pc.",161,433,2461,0.005167378117277,0.0138973585390121,0.0789870655069487,0.371824480369515,4.70740972566964,0.0040696665479825,1.46617132586578,0.128890461841927,517.603487699736,1.4058441220127698e-114,1.8704584598974802e-113,0.269230769230769,1.69452922730719,0.0999175538726031,257.387577639751,41439.4,161,0.759424552948501,0.0090916119339059,1.24878308251605,0.900806580145971,0.169879955057843,0.764447383397904,0.13503772275684,0.5,0.5,0.0558468122714567,36.9457693469663,31.35109906709472,36.9457693469663
P0118,Product P0118,P0058,Product P0058,144,936,2522,0.0046217543409185,0.0300414032159707,0.0809448919985878,0.153846153846154,1.90062831696456,0.0021900562021157,1.08615603672894,0.0470384555717878,68.9384861394557,1.01582991399072e-16,1.80794524659687e-16,0.5,0.827818743300344,0.273550099993608,375.564583333333,54081.3,144,1.56724724321928,0.0118651860905599,1.38840327069796,0.862663455341469,0.0413315804128195,0.670215235973669,0.238544305011083,0.5,0.5,0.293892099943482,36.9407434273863,31.343919181980358,36.94074342738625
P0050,Product P0050,P0567,"Fried Romanian cheese doughnuts, 180 g",171,1560,2807,0.0054883332798408,0.0500690053599512,0.0900921141316558,0.109615384615385,1.21670343372338,0.0009775107344935,1.02192678326466,0.0156548503540582,7.63578119916512,0.0057221596957549,0.0064492523017237,0.692307692307692,0.478574613314848,0.468226416220953,452.822865497076,77432.71,171,2.09536176919599,0.0169883770110253,1.2699692584341,0.78907626608187,0.0115777091830662,0.488418938413195,0.31559549261179,0.5,0.5,0.560787798558491,36.9197207897459,31.31388684249419,36.91972078974593
P0148,Product P0148,P0149,"Beck's draught beer, 0.4 L",184,461,5044,0.0059055749911737,0.0147960329941907,0.161889783997176,0.399132321041215,2.46545712265685,0.0035102484057291,1.39483324757149,0.0789299522832735,194.106158557323,4.0373307058631103e-44,1.61345340662881e-43,0.576923076923077,0.907177546489455,0.302500980039861,329.421739130435,60613.6,184,1.25182855138526,0.0132983423774718,1.14273582461044,0.824309653605823,0.148079625313759,0.575462613634594,0.205262749820934,0.5,0.5,0.333582933965841,36.9119291150442,31.302755878634496,36.911929115044146
P0127,Product P0127,P0072,"French fries, 180 g",156,363,5580,0.0050069005359951,0.0116506724010656,0.179092980710595,0.429752066115702,2.39960306881128,0.0029203468884056,1.43956158455099,0.0709769680665444,156.960553482856,5.2211902240089496e-36,1.6704746435172302e-35,0.538461538461538,0.720802461348592,0.312913045254216,385.058012820513,60069.05,156,1.6321414898049,0.0131788706361191,1.28797083753864,0.800261276056762,0.153481674367306,0.516051375826167,0.2499518459414,0.5,0.5,0.347857579558401,36.8682737182815,31.240391026116388,36.86827371828147
P0576,Product P0576,P0567,"Fried Romanian cheese doughnuts, 180 g",159,1175,2807,0.0051031870847642,0.0377122316012453,0.0900921141316558,0.13531914893617,1.50200880776781,0.0017056124111854,1.05230488769223,0.0312712070461797,30.4680685711259,3.39407316379661e-08,4.46674767394704e-08,0.538461538461538,0.735999462655238,0.310173793278688,398.943710691824,63432.05,159,1.72705997030672,0.0139166972198468,1.36235073862834,0.846476107032878,0.0274485937086021,0.630224579727211,0.263281608249957,0.5,0.5,0.344102142924612,36.8601170629615,31.228738661373605,36.86011706296152
P0165,"Honey lemonade, 500 ml",P0612,"Sour cream, 50 g",431,3686,2147,0.0138331675064993,0.118304072921013,0.0689090734024457,0.116928920238741,1.69685811265881,0.0056809434617769,1.05437823515778,0.0694427561043666,150.24828816742,1.52999544260467e-34,4.58578304363104e-34,0.730769230769231,0.709700221015579,0.427425359011269,346.987122969838,149551.45,431,1.37190026538331,0.0328108936797575,1.28242567111428,0.796815870439359,0.0579956597433697,0.507539541210113,0.274796639585198,0.5,0.5,0.504850708319468,36.8551438939683,31.221634134240418,36.85514389396829
P0631,Product P0631,P0018,"Hot pepper, 1 pc.",107,509,2461,0.0034342202394325,0.0163366177744969,0.0789870655069487,0.210216110019646,2.661399162894,0.0021438387411163,1.1661581683009,0.0627013561269243,122.492501094261,1.8009464004835398e-28,4.6014813183314695e-28,0.538461538461538,0.72683096998361,0.311820640132861,371.688130841121,39770.63,107,1.54074897257359,0.0087254915449296,1.3578655833532,0.843689323373508,0.0694740488368516,0.623339863019414,0.226506009498029,0.5,0.5,0.346359923173254,36.8499976588184,31.21428236974061,36.849997658818424
P0614,Product P0614,P0152,"Stella Artois draught beer, 0.4 L",100,845,2832,0.0032095516256379,0.0271207112366402,0.0908945020380653,0.118343195266272,1.30198408718617,0.0007444280828653,1.03113308158099,0.0159428801874175,7.91934383108204,0.0048909007642327,0.0055295054236041,0.384615384615385,1.26913217168381,0.169498890110919,384.2995,38429.95,100,1.62695652286759,0.0084313525784497,1.25261284202642,0.903569167672672,0.0096593201417236,0.771272323840583,0.235878819307129,0.5,0.5,0.151240847384612,36.8486177396348,31.212311056621182,36.848617739634825
P0094,Product P0094,P0572,"Medium Capricciosa pizza, 550 g",101,1003,1605,0.0032416471418942,0.0321918028051481,0.0515133035914883,0.100697906281157,1.95479418442492,0.0015833410308353,1.05469196950969,0.0405818504106321,51.3120452587703,7.87907038717917e-13,1.2141335864989399e-12,0.576923076923077,0.676873022723961,0.344046966648617,438.89801980198,44328.7,101,2.00017568587125,0.0097255109372852,1.15411572164138,0.832518514112004,0.0168005406889099,0.595742508304159,0.283735656311299,0.5,0.5,0.390541301246865,36.830987118556,31.187124455080006,36.830987118556
P0154,Product P0154,P0095,Product P0095,114,499,3929,0.0036588888532272,0.0160156626119331,0.126103283371313,0.228456913827655,1.81166507104308,0.0016392612124952,1.13266093921484,0.0393358340765535,48.2094704487147,3.83033916203957e-12,5.7959778443622294e-12,0.423076923076923,1.16222718514385,0.195667192598347,401.928070175439,45819.8,114,1.74746015977369,0.0100526513532818,1.39482104171512,0.866651040676434,0.0623031922667407,0.680066519293455,0.254742410323451,0.5,0.5,0.187116846629404,36.813410903967,31.162015577095676,36.81341090396697
P0140,Product P0140,P0159,Product P0159,156,931,1626,0.0050069005359951,0.0298809256346888,0.0521873094328722,0.167561761546724,3.21077601753461,0.0034474954237569,1.13859821279741,0.0910438134055423,258.259623967749,4.11037425270758e-58,2.3980846575956998e-57,0.576923076923077,0.679937394670934,0.343419390956581,461.915384615385,72058.8,156,2.15751551232378,0.0158093661110669,1.27962448273988,0.795075394244058,0.0721460953856534,0.503239714956638,0.31961181215995,0.5,0.5,0.389680912803084,36.7967615780757,31.138230825822383,36.79676157807567
P0166,Product P0166,P0150,Product P0150,120,995,1131,0.0038514619507654,0.0319350386750971,0.0363000288859646,0.120603015075377,3.32239446569719,0.002692219124385,1.0958645385811,0.0818653311279657,208.812109054624,2.49478636066024e-47,1.08872476779213e-46,0.192307692307692,2.24940973725689,0.0591823462897714,438.289583333333,52594.75,120,1.99601659602059,0.0115390439234352,1.24097415026557,0.895173626229768,0.0498133290011906,0.750531236082073,0.288384573063045,0.5,0.5,0.0,36.7745827629262,31.10654680418024,36.774582762926165
P0074,Product P0074,P0149,"Beck's draught beer, 0.4 L",152,805,5044,0.0048785184709696,0.0258368905863851,0.161889783997176,0.188819875776398,1.16634830879564,0.000695789834781,1.03319865831895,0.0119064372618767,4.41691752637976,0.0355842634269199,0.0385143168638588,0.576923076923077,0.680118771044717,0.343382317289592,432.380921052632,65721.9,152,1.95562674664605,0.0144190796768046,1.31866179950311,0.819330642900523,0.0367849274821652,0.5631620254365,0.291767407073869,0.5,0.5,0.38963008585894,36.7305880584401,31.043697226342974,36.73058805844008
P0140,Product P0140,P0572,"Medium Capricciosa pizza, 550 g",121,931,1605,0.0038835574670218,0.0298809256346888,0.0515133035914883,0.129967776584318,2.52299440189258,0.0023442922732074,1.09017421525472,0.0622912273149312,120.895297941476,4.0284137226837096e-28,1.01972143189047e-27,0.538461538461538,0.733626748065875,0.310598310196975,454.42520661157,54985.45,121,2.10631489414822,0.0120635524020905,1.32263583508575,0.821799850039202,0.0406870258273212,0.569262173033362,0.302930501338642,0.5,0.5,0.34468414355867,36.7044354395732,31.00633634224743,36.7044354395732
P0150,Product P0150,P0166,Product P0166,120,1131,995,0.0038514619507654,0.0363000288859646,0.0319350386750971,0.106100795755968,3.32239446569719,0.002692219124385,1.08296881430115,0.0818653311279657,208.812109054624,2.49478636066024e-47,1.08872476779213e-46,0.192307692307692,2.24940973725689,0.0591823462897714,438.289583333333,52594.75,120,1.99601659602059,0.0115390439234352,1.24097415026557,0.895173626229768,0.0446048798855446,0.750531236082073,0.288384573063045,0.5,0.5,0.0,36.6704137806133,30.95773397230464,36.670413780613245
P0569,Product P0569,P0156,Product P0156,107,998,1346,0.0034342202394325,0.0320313252238662,0.0432005648810861,0.107214428857715,2.48178303114401,0.0020504488958717,1.07170127525104,0.0572763951691683,102.213200665458,4.98565675538737e-24,1.1169099630652201e-23,0.346153846153846,1.02545225786212,0.170902002162822,384.461682242991,41137.4,107,1.62806515220777,0.0090253545362593,1.23437797190143,0.890415489322387,0.0292850477232733,0.738776314039921,0.237694064150192,0.5,0.5,0.153164474144072,36.6467532597084,30.923933228154922,36.64675325970845
P0056,Product P0056,P0018,"Hot pepper, 1 pc.",138,937,2461,0.0044291812433803,0.0300734987322271,0.0789870655069487,0.147278548559232,1.86459071006094,0.0020537638289947,1.08008650765956,0.0445839204587044,61.931577843775,3.556010574263e-15,5.9963022202796406e-15,0.538461538461538,0.732558944597582,0.310789736845926,492.106521739131,67910.7,138,2.36389310219839,0.0148992922329935,1.2973389209379,0.806081993542587,0.0373518736019715,0.530431390862961,0.341466191664276,0.5,0.5,0.344946584055775,36.6344549631419,30.90636423305988,36.63445496314191
P0576,Product P0576,P0009,"Borsec sparkling mineral water, 750 ml",160,1175,3139,0.0051352826010206,0.0377122316012453,0.100747825528774,0.136170212765957,1.35159455850555,0.0013358572713576,1.0410062118263,0.023297422237308,16.9110812416217,3.91722357148888e-05,4.75912128785564e-05,0.615384615384615,0.693045314875191,0.363477935278998,504.8934375,80782.95,160,2.45130063659636,0.0177234041100047,1.27025543135031,0.789254075312039,0.0239169394167779,0.488858214053997,0.359821270773737,0.5,0.5,0.417180607187478,36.623734556765,30.891049366807167,36.623734556765015
P0083,Product P0083,P0072,"French fries, 180 g",177,614,5580,0.005680906377379,0.0197066469814167,0.179092980710595,0.288273615635179,1.60963101117299,0.0021515842296657,1.15340253968809,0.0403726900989025,50.7844800750966,1.03085621181201e-12,1.58403398181254e-12,0.769230769230769,0.709477552780173,0.449980035116429,317.286892655367,56159.78,177,1.16887836773507,0.0123211949510257,1.29849199606691,0.806798439402416,0.0878704519070673,0.532201362049929,0.192671523301302,0.5,0.5,0.535772528460609,36.6125920297721,30.875131471102936,36.61259202977205
P0084,Product P0084,P0149,"Beck's draught beer, 0.4 L",143,661,5044,0.0045896588246621,0.0212151362454665,0.161889783997176,0.216338880484115,1.33633435750269,0.0011551450004129,1.06948041076808,0.0217625448336342,14.7562155988629,0.000122343550898,0.000145241364559,0.423076923076923,1.23069361147213,0.189661601620725,244.450489510489,34956.42,143,0.670990485123594,0.007669276225974,1.27788487751843,0.921799087811421,0.0506741883725003,0.816309130102555,0.12053512023876,0.5,0.5,0.178883352023432,36.5392022945106,30.770288992158036,36.53920229451062
P0027,Product P0027,P0567,"Fried Romanian cheese doughnuts, 180 g",149,1375,2807,0.0047822319222004,0.0441313348525211,0.0900921141316558,0.108363636363636,1.20280934028565,0.0008063466658848,1.02049212322102,0.0137121970773369,5.85827463206352,0.0155039847679773,0.0170512574413944,0.692307692307692,0.53889713231204,0.449872624863216,394.561744966443,58789.7,149,1.69710616228648,0.01289818718685,1.30574697038379,0.811306208394823,0.008550334864421,0.543337753062047,0.25684771531915,0.5,0.5,0.535625272055077,36.5309687854631,30.7585268363759,36.53096878546313
P0166,Product P0166,P0535,"Grilled minced-meat rolls with mustard, 40/20/30 g",345,995,5898,0.0110729531084508,0.0319350386750971,0.189299354880123,0.346733668341709,1.83166851551757,0.005027670889183,1.24099560291427,0.0729921306461167,165.999857852446,5.532190370216091e-38,1.89204379119303e-37,0.423076923076923,1.6448857732963,0.159960376114711,366.89231884058,126577.85,345,1.50796623510641,0.027770592518911,1.33848830805565,0.83164954529456,0.135783785409888,0.593595730919451,0.276617221896087,0.5,0.5,0.138163815693741,36.5015729214459,30.71653274492275,36.50157292144593
P0078,Product P0078,P0535,"Grilled minced-meat rolls with mustard, 40/20/30 g",108,412,5898,0.0034663157556889,0.0132233526976281,0.189299354880123,0.262135922330097,1.38476923228871,0.0009631436206755,1.09871271641246,0.0215231584936346,14.4333665749977,0.0001452066263052,0.0001718385928413,0.5,1.00864556298239,0.248923956129727,307.688425925926,33230.35,108,1.1032661179548,0.0072905844830734,1.41317120768354,0.878052639847577,0.0645370826996089,0.708234037803643,0.17064154300218,0.5,0.5,0.260130356357433,36.469556833683,30.670795476689953,36.469556833682965
P0056,Product P0056,P0612,"Sour cream, 50 g",133,937,2147,0.0042687036620984,0.0300734987322271,0.0689090734024457,0.141942369263607,2.05985020919712,0.002196366730491,1.08511467440536,0.0507702396182437,80.3108200629608,3.19912484241307e-19,6.14479789273355e-19,0.538461538461538,0.727867832783037,0.311633522104669,485.566240601504,64580.31,133,2.31918569509565,0.0141686201318395,1.2942947285242,0.804190530448433,0.0386100172687349,0.5257585532271,0.334101537584845,0.5,0.5,0.346103389672797,36.4304360583416,30.614908654773664,36.43043605834156
P0088,Product P0088,P0072,"French fries, 180 g",103,433,5580,0.003305838174407,0.0138973585390121,0.179092980710595,0.237875288683603,1.32822228844355,0.0008169188096515,1.07712951318883,0.0181997506070028,10.3201618416488,0.0013158474982367,0.0015127393262131,0.269230769230769,1.78657070697612,0.0966172394465913,355.440776699029,36610.4,103,1.42968691565468,0.0080321517576285,1.25604969812334,0.90604833529631,0.053828612573978,0.777397078700009,0.211391020432694,0.5,0.5,0.0513221749583541,36.3655559837172,30.522222833881656,36.36555598371716
P0140,Product P0140,P0576,Product P0576,114,931,1175,0.0036588888532272,0.0298809256346888,0.0377122316012453,0.122448979591837,3.24693009118541,0.0025320124652322,1.09656048026835,0.0780661380568318,189.880787784402,3.37561210627295e-43,1.3059548964339698e-42,0.538461538461538,0.713333040309391,0.314277216275654,408.551754385965,46574.9,114,1.79273768535532,0.0102183167869341,1.33050899779861,0.826691721078171,0.0480980961908528,0.58134748369648,0.260572778981454,0.5,0.5,0.349727819271443,36.2976453700902,30.425207671557374,36.29764537009016
P0166,Product P0166,P0159,Product P0159,127,995,1626,0.0040761305645601,0.0319350386750971,0.0521873094328722,0.127638190954774,2.44577067378714,0.0024095268194721,1.08649035381831,0.0616172167873824,118.293202523848,1.49561844244389e-27,3.71690141390954e-27,0.269230769230769,1.72257502822038,0.098888282761762,414.088976377953,52589.3,127,1.83058847993199,0.0115378482187426,1.22881578080947,0.886403216569963,0.0395617250668826,0.72886404074164,0.268795040282911,0.5,0.5,0.0544357108210299,36.288773230039,30.41253318576996,36.28877323003897
P0614,Product P0614,P0149,"Beck's draught beer, 0.4 L",165,845,5044,0.0052957601823025,0.0271207112366402,0.161889783997176,0.195266272189349,1.20616797038135,0.000905194098353,1.04147519488586,0.0151286929456859,7.13113160157863,0.0075756902092325,0.0085031666854657,0.615384615384615,0.704448743070023,0.361046125843712,399.295939393939,65883.83,165,1.72946770044054,0.0144546063668739,1.30367388479744,0.810018127897692,0.0415910765968854,0.540155565133762,0.265091640048382,0.5,0.5,0.413846665541637,36.075232290997,30.107474701424223,36.07523229099695
P0056,Product P0056,P0007,Product P0007,128,937,2157,0.0041082260808165,0.0300734987322271,0.0692300285650095,0.136606189967983,1.97322163228208,0.0020262369045346,1.07803641932582,0.046736952719581,68.0575670465561,1.58791281484134e-16,2.8123585730388003e-16,0.461538461538462,0.768511100913583,0.260975722063627,456.584375,58442.8,128,2.12107432392098,0.0128220789376989,1.32393215607908,0.822605299558763,0.0342348662521417,0.571252026729384,0.306828380651661,0.5,0.5,0.276652985051086,36.0128353231746,30.018336175963707,36.0128353231746
P0166,Product P0166,P0072,"French fries, 180 g",352,995,5580,0.0112976217222454,0.0319350386750971,0.179092980710595,0.353768844221106,1.9753361791034,0.0055782804568141,1.27029935333275,0.0827423982418012,213.310308272238,2.60421349078559e-48,1.18878532152597e-47,0.423076923076923,1.51899967618649,0.167954338016199,380.0546875,133779.25,352,1.59794025330381,0.0293505462388208,1.30390206467996,0.810159904030067,0.143391467051812,0.540505821424396,0.291748994194777,0.5,0.5,0.149123310344894,36.0041587568687,30.005941081240913,36.004158756868634
P0027,Product P0027,P0070,"Caru' cu Flori potatoes, 180 g",207,1375,4003,0.0066437718650704,0.0441313348525211,0.128478351574285,0.150545454545455,1.17175736379534,0.0009738507104457,1.02597796796692,0.0141698637200314,6.25585942411369,0.0123783180793027,0.0137382960574967,0.807692307692308,0.661051185417699,0.486253713782577,419.607246376812,86858.7,207,1.86830972434799,0.0190563954469312,1.23204573780172,0.765513057871483,0.0283434451813436,0.430206305828698,0.294576081611637,0.5,0.5,0.58550271134342,35.9175437658678,29.882205379811104,35.91754376586778
P0029,Product P0029,P0165,"Honey lemonade, 500 ml",171,906,3686,0.0054883332798408,0.0290785377282794,0.118304072921013,0.188741721854305,1.59539496142555,0.002048223831998,1.08682518358308,0.0377432954862735,44.3849023266926,2.6975947513975698e-11,3.9825113312242796e-11,0.5,0.842307588072552,0.271398762745751,376.226900584795,64334.8,171,1.57177464599741,0.0141147563778784,1.34529138488773,0.835876534592827,0.0505891012877179,0.604038458953834,0.245457833138315,0.5,0.5,0.290942677698134,35.9111346445787,29.873049492255248,35.911134644578674
P0573,Product P0573,P0535,"Grilled minced-meat rolls with mustard, 40/20/30 g",117,458,5898,0.0037551754019963,0.0146997464454216,0.189299354880123,0.255458515283843,1.34949490686651,0.0009725228829766,1.08885893098212,0.0206279363874459,13.2576698939978,0.0002714668694427,0.0003188055485059,0.461538461538462,0.952075687182207,0.236434716424692,500.216923076923,58525.38,117,2.41933338171316,0.0128401966062342,1.11132334761689,0.801650341215508,0.0623007364632534,0.519483045189694,0.342192632059383,0.5,0.5,0.243007963552584,35.9096079097725,29.87086844253206,35.90960790977244
P0697,Product P0697,P0018,"Hot pepper, 1 pc.",107,811,2461,0.0034342202394325,0.0260294636839234,0.0789870655069487,0.13193588162762,1.67034793330832,0.0013782292863197,1.06099643447992,0.0320926145597274,32.0897131254129,1.47214754250673e-08,1.96827569715054e-08,0.615384615384615,0.555484973145892,0.395622346733463,331.008878504673,35417.95,107,1.26267776178458,0.0077705337648345,1.34085726465364,0.833121460787347,0.0234803071199493,0.597232081072282,0.190876004652022,0.5,0.5,0.461249682039341,35.8442646772785,29.777520967540678,35.844264677278474
P0594,Product P0594,P0007,Product P0007,150,850,2157,0.0048143274384568,0.0272811888179221,0.0692300285650095,0.176470588235294,2.54904687883498,0.0029256499573046,1.13022067959963,0.0707503549440039,155.959875663557,8.638444616553719e-36,2.73175161642322e-35,0.576923076923077,0.794278071820881,0.321534931504569,363.517333333333,54527.6,150,1.48489584289189,0.0119631022381418,1.32222697208728,0.821545809174806,0.0629743378354872,0.568634568024378,0.229071761834382,0.5,0.5,0.359677940651939,35.8103927604043,29.72913251486333,35.810392760404326
P0166,Product P0166,P0572,"Medium Capricciosa pizza, 550 g",129,995,1605,0.0041403215970728,0.0319350386750971,0.0515133035914883,0.12964824120603,2.51679143380454,0.0024952422545966,1.08977397566567,0.0642024230773712,128.427631326433,9.04871319138883e-30,2.41964364995226e-29,0.307692307692308,1.60045391522692,0.118322538188668,406.467829457364,52434.35,129,1.77849259738525,0.0115038529082613,1.20987481432621,0.872740197362436,0.0418684490745905,0.695109710260781,0.262530683520046,0.5,0.5,0.0810795228662979,35.8009720857713,29.71567440824475,35.80097208577132
P0482,Product P0482,P0082,"Tripe soup, 300/100 g",126,713,2454,0.0040440350483037,0.0228841030907982,0.078762396893154,0.17671809256662,2.24368606768467,0.0022416282381224,1.11898196084358,0.0556516840925155,96.4966544732738,8.93947634401357e-23,1.90860444057119e-22,0.615384615384615,0.548278130643844,0.39746386854196,399.85873015873,50382.2,126,1.73331476990219,0.0110536207275308,1.27167486971935,0.790136021958176,0.0535618594953979,0.491037053013969,0.255905376257659,0.5,0.5,0.463774356119466,35.6478293365352,29.49689905219311,35.64782933653518
P0078,Product P0078,P0072,"French fries, 180 g",124,412,5580,0.0039798440157909,0.0132233526976281,0.179092980710595,0.300970873786408,1.68052858683927,0.0016116343661852,1.17435309703901,0.0367959508692183,42.1847709055258,8.30442002686686e-11,1.20480349059997e-10,0.538461538461538,1.0877907093016,0.257909730157609,336.534032258064,41730.22,124,1.30044606148916,0.0091554164914675,1.34755427047446,0.837282544460776,0.0873360498508553,0.607511990024913,0.19927376878969,0.5,0.5,0.272449597255578,35.6069321458649,29.43847449409278,35.606932145864945
P0087,Product P0087,P0082,"Tripe soup, 300/100 g",140,654,2454,0.004493372275893,0.0209904676316719,0.078762396893154,0.214067278287462,2.71788679282903,0.0028401127333144,1.17215835103478,0.073550524029973,168.549386832451,1.53462632121342e-38,5.33209336447083e-38,0.615384615384615,1.03727139229942,0.302063150599708,351.348214285714,49188.75,140,1.4017113821791,0.0107917833393803,1.3228910325819,0.821958413158772,0.0778405014996708,0.569653901381156,0.215902324424015,0.5,0.5,0.332982682242528,35.5977613685221,29.42537338360302,35.597761368522114
P0050,Product P0050,P0152,"Stella Artois draught beer, 0.4 L",211,1560,2832,0.0067721539300959,0.0500690053599512,0.0908945020380653,0.13525641025641,1.48805931297986,0.0022211566203619,1.05130064997822,0.035430128088533,39.1111944217556,4.00341915173743e-10,5.67975330890187e-10,0.5,1.12166101952541,0.235664413588484,398.907582938389,84169.5,211,1.72681301178207,0.0184663974543767,1.15487766880523,0.833068142809356,0.0330413140912157,0.597100359626067,0.276150702226246,0.5,0.5,0.241951900249152,35.5453665213621,29.35052360194585,35.5453665213621
P0159,Product P0159,P0152,"Stella Artois draught beer, 0.4 L",211,1626,2832,0.0067721539300959,0.0521873094328722,0.0908945020380653,0.129766297662977,1.4276583814567,0.0020286144264886,1.04466822592658,0.0317307141743801,31.370058483359,2.13244185533021e-08,2.83153506381621e-08,0.538461538461538,1.10391576102744,0.255933031367464,382.542180094787,80716.4,211,1.61494400922194,0.0177088033490333,1.1574226392411,0.834903950922876,0.0293161108033368,0.601635702277789,0.26075801341638,0.5,0.5,0.269739599374114,35.5315925236913,29.330846462416076,35.53159252369125
P0688,Product P0688,P0149,"Beck's draught beer, 0.4 L",327,1468,5044,0.0104952338158359,0.0471162178643643,0.161889783997176,0.22275204359673,1.37594873559542,0.0028675994830101,1.07830481778453,0.0367411737231611,42.0592657171298,8.854862401425959e-11,1.28125396285885e-10,0.769230769230769,0.721966786765946,0.446716379864372,219.942201834862,71921.1,327,0.503459155590759,0.0157791553704843,1.31883888311453,0.819440671134635,0.0735524201961609,0.563433848912706,0.123691351476146,0.5,0.5,0.531298149833479,35.526533910035,29.32361987147864,35.52653391003505
P0087,Product P0087,P0070,"Caru' cu Flori potatoes, 180 g",144,654,4003,0.0046217543409185,0.0209904676316719,0.128478351574285,0.220183486238532,1.71377888601897,0.0019249336608279,1.11759834915768,0.0401288932535312,50.1729917939317,1.4077204221236499e-12,2.16008858022067e-12,0.653846153846154,0.936279030857493,0.33768178213271,291.318402777778,41949.85,144,0.991365532373709,0.0092036022936038,1.34576855459024,0.836173016798709,0.0613734596655151,0.604770914804698,0.162816260253172,0.5,0.5,0.381814814116285,35.3973608356306,29.139086908043645,35.39736083563055
P0579,Product P0579,P0149,"Beck's draught beer, 0.4 L",123,601,5044,0.0039477484995346,0.0192894052700838,0.161889783997176,0.204658901830283,1.26418663844689,0.0008249908469267,1.05377456028807,0.0162839210751959,8.26177972851608,0.0040488416029401,0.0045822470838254,0.653846153846154,0.554192718856378,0.420698247980002,401.950406504065,49439.9,123,1.74761284424032,0.0108468844831517,1.25856259224153,0.781988905889564,0.0423837446750486,0.470909697261272,0.257012126867539,0.5,0.5,0.495628030218994,35.3623916782671,29.089130968953043,35.36239167826713
P0572,"Medium Capricciosa pizza, 550 g",P0152,"Stella Artois draught beer, 0.4 L",199,1605,2832,0.0063870077350194,0.0515133035914883,0.0908945020380653,0.12398753894081,1.36408183290212,0.0017047316567354,1.03777690201202,0.0268290165541355,22.4266879994185,2.18319228529887e-06,2.7221288951555e-06,0.5,1.11911873501315,0.235947137712837,391.181407035176,77845.1,199,1.67399918250108,0.01707885346207,1.15929084913451,0.836251579497154,0.0240597481907965,0.604965003039994,0.265964052393248,0.5,0.5,0.242339506991188,35.3231711423926,29.0331016319895,35.32317114239265
P0094,Product P0094,P0159,Product P0159,138,1003,1626,0.0044291812433803,0.0321918028051481,0.0521873094328722,0.137587238285145,2.63641179781688,0.002749177669186,1.09902442617206,0.070031236903759,152.805585150719,4.22437201311314e-35,1.29825066656519e-34,0.576923076923077,0.674282643549067,0.344579261539821,445.299275362319,61451.3,138,2.0439327556795,0.0134821298675665,1.2578251080691,0.781530681209551,0.0483781839410052,0.469777658504044,0.299566308215205,0.5,0.5,0.39127106241972,35.2671536374023,28.953076624860408,35.26715363740229
P0153,Product P0153,P0149,"Beck's draught beer, 0.4 L",155,616,5044,0.0049748050197387,0.0197708380139295,0.161889783997176,0.251623376623377,1.55428817316704,0.0017741083242205,1.11990432333566,0.0345974026766927,37.2943143338696,1.0158032342483101e-09,1.40818466145477e-09,0.461538461538462,0.96555534100266,0.234813262140472,411.445483870968,63774.05,155,1.81251835523921,0.0139917304317513,1.1262480264706,0.81241622130006,0.07045817661945,0.546080027069883,0.273612317032682,0.5,0.5,0.24078499579592,35.2108603723995,28.872657674856427,35.210860372399495
P0156,Product P0156,P0567,"Fried Romanian cheese doughnuts, 180 g",230,1346,2807,0.0073819687389671,0.0432005648810861,0.0900921141316558,0.170876671619614,1.8966884423414,0.0034899385171483,1.09743370464049,0.059954323153611,111.994486584811,3.58305216489673e-26,8.66764947206727e-26,0.538461538461538,0.820401946381666,0.295792662456671,375.160782608696,86286.98,230,1.5644869821533,0.0189309627337439,1.29723511822657,0.806017497291735,0.0590513073610501,0.530272053623296,0.258248871764194,0.5,0.5,0.324386021148742,35.1953048664582,28.85043552351174,35.195304866458216
P0140,Product P0140,P0152,"Stella Artois draught beer, 0.4 L",113,931,2832,0.0036267933369708,0.0298809256346888,0.0908945020380653,0.121374865735768,1.33533781487617,0.0009107814809693,1.03469097628675,0.0186092425646342,10.7897908873974,0.0010206141100466,0.0011770507336795,0.461538461538462,1.11036818660772,0.218700445006402,462.133185840708,52221.05,113,2.15900433640384,0.0114570558787314,1.14419403172291,0.825361527690693,0.0129935085130765,0.57806125636104,0.307449348711283,0.5,0.5,0.218694781285023,35.1570300845582,28.795757263654597,35.157030084558215
P0084,Product P0084,P0070,"Caru' cu Flori potatoes, 180 g",129,661,4003,0.0041403215970728,0.0212151362454665,0.128478351574285,0.195158850226929,1.51900182276303,0.0014146358638314,1.08284926618308,0.0293375647821161,26.8166026827438,2.23707119950854e-07,2.8747287145628e-07,0.538461538461538,1.01044012309892,0.267832666228102,295.505891472868,38120.26,129,1.01998995354002,0.008363408030512,1.37694583840171,0.855544552395459,0.045930310326703,0.652628068814568,0.163823358906942,0.5,0.5,0.28605366068851,35.1081713678494,28.725959096927657,35.10817136784936
P0160,Product P0160,P0152,"Stella Artois draught beer, 0.4 L",108,735,2832,0.0034663157556889,0.0235902044484386,0.0908945020380653,0.146938775510204,1.61658595641646,0.0013220958693719,1.06569783253911,0.0303043576340792,28.6131584324228,8.8379565046661e-08,1.14515564686351e-07,0.461538461538462,1.1791288033024,0.211799532381479,399.932685185185,43192.73,108,1.73382030435942,0.0094762843942233,1.16643185686846,0.841402727719514,0.0279332762153804,0.617690854977436,0.251493504631909,0.5,0.5,0.20923382613751,35.0346909778696,28.620987111242297,35.0346909778696
P0166,Product P0166,P0567,"Fried Romanian cheese doughnuts, 180 g",200,995,2807,0.0064191032512758,0.0319350386750971,0.0900921141316558,0.201005025125628,2.23110565295304,0.0035420081021601,1.13881553011195,0.0703592939610618,154.240555196404,2.05191002971273e-35,6.35975523413805e-35,0.384615384615385,1.45447027033753,0.15669995650935,346.4935,69298.7,200,1.36852600629514,0.0152038129877404,1.17687982921274,0.848939346663737,0.0735063386887751,0.636309984665218,0.224481324412156,0.5,0.5,0.133693873046304,35.022891685786,28.604130979694318,35.02289168578602
P0621,Product P0621,P0149,"Beck's draught beer, 0.4 L",134,633,5044,0.0043007991783547,0.0203164617902879,0.161889783997176,0.211690363349131,1.30762027178209,0.0010117715675382,1.06317388122202,0.0194695197345414,11.8104409246995,0.0005889948204282,0.0006828834740566,0.461538461538462,0.665756328206163,0.277074415821363,425.301119402985,56990.35,134,1.90723133857462,0.012503418152229,1.28879664169842,0.800774377030334,0.0472497938309482,0.517318985830146,0.280606678316243,0.5,0.5,0.298723836814289,34.8907475276896,28.41535361098519,34.890747527689626
P0159,Product P0159,P0149,"Beck's draught beer, 0.4 L",307,1626,5044,0.0098533234907083,0.0521873094328722,0.161889783997176,0.188806888068881,1.16626808318044,0.0014047312392269,1.03318211616421,0.017147043059858,9.16081496704977,0.0024725243201621,0.0028157870911241,0.769230769230769,0.567745322568825,0.490660541707341,354.009120521173,108680.8,307,1.41990054191513,0.0238440628548302,1.20620633825021,0.74945813624208,0.0512128263468323,0.390542808157218,0.255058880793486,0.5,0.5,0.591544347226249,34.8517337782132,28.359619683161736,34.851733778213216
P0090,Product P0090,P0599,Product P0599,104,471,2260,0.0033379336906634,0.0151169881567545,0.0725358667394165,0.220806794055202,3.04410499220262,0.0022414098522237,1.19028775685486,0.0708225162450049,156.278178148235,7.36003391122533e-36,2.34789385881486e-35,0.307692307692308,1.23967337356966,0.13738266986757,355.952403846154,37019.05,104,1.43318424591771,0.0081218076700401,1.36926038992257,0.850769314767609,0.0786007381474048,0.640830899640842,0.212059265982578,0.5,0.5,0.107210421882252,34.701922294239,28.14560327748431,34.70192229423901
P0088,Product P0088,P0612,"Sour cream, 50 g",106,433,2147,0.0034021247231761,0.0138973585390121,0.0689090734024457,0.244803695150115,3.5525611223997,0.0024444706235112,1.2329124502041,0.0824372276426259,211.739747294186,5.73204426801295e-48,2.60569179016755e-47,0.269230769230769,1.80539332185147,0.095968991989004,281.018301886792,29787.94,106,0.920957121168989,0.0065353357140903,1.22234459220135,0.881735240713164,0.0950740592340961,0.717331860529212,0.146915640346289,0.5,0.5,0.0504334461113067,34.690765663305,28.129665233292872,34.69076566330501
P0150,Product P0150,P0535,"Grilled minced-meat rolls with mustard, 40/20/30 g",403,1131,5898,0.0129344930513207,0.0363000288859646,0.189299354880123,0.35632183908046,1.8823193523618,0.0060629210010777,1.25948135938267,0.0827470795610107,213.334445882776,2.57282841517632e-48,1.17939319367957e-47,0.230769230769231,1.9916437361947,0.0771379385777947,335.117642679901,135052.41,403,1.29076404566224,0.0296298716308335,1.31733036659013,0.818503377118667,0.147796588398846,0.561118274917516,0.256172228363521,0.5,0.5,0.0246166068920361,34.547907902518,27.925582717882886,34.54790790251802
P0078,Product P0078,P0018,"Hot pepper, 1 pc.",105,412,2461,0.0033700292069197,0.0132233526976281,0.0789870655069487,0.254854368932039,3.2265329430376,0.0023255553811707,1.23601735834247,0.0754806461951404,177.51164693927,1.6933597465236699e-40,6.137725858662189e-40,0.461538461538462,1.18440976468034,0.211287492393169,330.338380952381,34685.53,105,1.2580944409149,0.0076098442178664,1.32872362216609,0.825582404826378,0.0938476210182538,0.578606930762895,0.18987780209233,0.5,0.5,0.208531833861062,34.3319654160802,27.617093451543134,34.331965416080195
P0154,Product P0154,P0070,"Caru' cu Flori potatoes, 180 g",112,499,4003,0.0035946978207144,0.0160156626119331,0.128478351574285,0.224448897795591,1.74697834339676,0.0015370318889633,1.12374496786675,0.0365899875657547,41.7138387607644,1.05658468970765e-10,1.51476201901583e-10,0.346153846153846,1.2234469290142,0.155683430819425,378.885714285714,42435.2,112,1.58994950179275,0.0093100858298548,1.34433262643541,0.835280824472596,0.0592642311249379,0.602566764011183,0.23398850595303,0.5,0.5,0.132300245205844,34.2393924738414,27.484846391202083,34.239392473841455
P0150,Product P0150,P0095,Product P0095,184,1131,3929,0.0059055749911737,0.0363000288859646,0.126103283371313,0.162687886825818,1.29011618473709,0.00132802216218,1.04369291077829,0.0213888612533285,14.2538098486954,0.0001597371256655,0.000188403463893,0.230769230769231,2.05202003533689,0.075611964566857,425.495,78291.08,184,1.90855664838893,0.0171766994031378,1.16737321066575,0.842081770947055,0.0342691656047441,0.619368423395152,0.294012274033281,0.5,0.5,0.0225245398773616,34.1782426594372,27.397489513481656,34.17824265943716
P0140,Product P0140,P0149,"Beck's draught beer, 0.4 L",184,931,5044,0.0059055749911737,0.0298809256346888,0.161889783997176,0.197636949516649,1.22081174387197,0.0010681583945382,1.04455235756175,0.0170320068730882,9.03831101539826,0.0026437978185691,0.0030045660625613,0.576923076923077,0.685028519297439,0.342381787795272,420.222010869565,77320.85,184,1.87251207068013,0.0169638354464532,1.23162300538727,0.765250399454409,0.0447685795205794,0.429557411255777,0.28914124881495,0.5,0.5,0.388258388348187,34.151928675308,27.359898107582854,34.151928675308
P0631,Product P0631,P0149,"Beck's draught beer, 0.4 L",104,509,5044,0.0033379336906634,0.0163366177744969,0.161889783997176,0.204322200392927,1.26210681951674,0.0006932021679056,1.05332864184059,0.0148455159820062,6.86667081506127,0.0087818100544109,0.0098165520177893,0.615384615384615,0.730112818776149,0.355690454810876,314.244711538462,32681.45,104,1.14808292686461,0.0071701583719202,1.30143377646363,0.808626270332699,0.0401912280239299,0.53671699716299,0.175606299017483,0.5,0.5,0.406504192715145,34.1153324112395,27.307617730342155,34.11533241123951
P0685,Product P0685,P0688,Product P0688,129,1242,1468,0.0041403215970728,0.0398626311904227,0.0471162178643643,0.103864734299517,2.20443700720031,0.0022621451812581,1.06332583774704,0.0545714669497316,92.7869482222072,5.82379573110402e-22,1.2010890628798601e-21,0.730769230769231,1.00853169096697,0.363832561893717,176.871317829457,22816.4,129,0.209039465521758,0.0050058122108132,1.38050428583023,0.857755540095591,0.0269790127253855,0.658090288283473,0.0582907629225998,0.5,0.5,0.417666790200991,34.0438691806391,27.205527400912967,34.04386918063908
P0083,Product P0083,P0599,Product P0599,136,614,2260,0.0043649902108675,0.0197066469814167,0.0725358667394165,0.221498371335505,3.05363927243377,0.0029355514915427,1.19134514188703,0.081429232417879,206.593339680183,7.605554333197661e-47,3.2797074219441302e-46,0.423076923076923,0.949355552980661,0.21703425136067,236.171544117647,32119.33,136,0.614398088822814,0.0070468318541548,1.182357748982,0.852890830506487,0.0853415674948285,0.646072079667213,0.112070146679005,0.5,0.5,0.216410477134814,34.0337806481691,27.1911152116701,34.03378064816907
P0087,Product P0087,P0018,"Hot pepper, 1 pc.",223,654,2461,0.0071573001251725,0.0209904676316719,0.0789870655069487,0.340978593272171,4.31689151994354,0.0054993246833281,1.39754630895233,0.142230910370671,630.294640013754,4.31260683328056e-139,7.58879686307917e-138,0.615384615384615,0.914936062528633,0.321360398097059,243.827713004484,54373.58,223,0.666733371063496,0.011929310965342,1.26019095323257,0.783000663459374,0.16596448600118,0.473409232602557,0.132108227628731,0.5,0.5,0.359438660308897,34.0240255277383,27.177179325340468,34.02402552773833
P0087,Product P0087,P0072,"French fries, 180 g",172,654,5580,0.0055204287960971,0.0209904676316719,0.179092980710595,0.262996941896024,1.46849385638968,0.0017611833814318,1.11384479380762,0.032041570500674,31.987715416343,1.55150626626347e-08,2.07184006914742e-08,0.653846153846154,0.948170254401167,0.335620643200476,308.623720930233,53083.28,172,1.10965951506401,0.0116462251369198,1.27630160634989,0.793010775059738,0.0744041198088911,0.498139097208385,0.183746677121458,0.5,0.5,0.37898905119904,33.9156883947651,27.022411992521544,33.915688394765084
P0482,Product P0482,P0018,"Hot pepper, 1 pc.",100,713,2461,0.0032095516256379,0.0228841030907982,0.0789870655069487,0.140252454417952,1.77563824555065,0.0014020034757372,1.07125974273009,0.0347614792008636,37.6488861116826,8.46950279234745e-10,1.17860045235345e-09,0.461538461538462,0.726978683917903,0.267251973539936,416.049,41604.9,100,1.84398661560199,0.0091279218653977,1.28468388791042,0.798218979424608,0.0275895521993607,0.511005905684128,0.263549229665757,0.5,0.5,0.285257547511046,33.8954692260954,26.99352746585053,33.89546922609537
P0110,Product P0110,P0567,"Fried Romanian cheese doughnuts, 180 g",124,614,2807,0.0039798440157909,0.0197066469814167,0.0900921141316558,0.201954397394137,2.2416434483823,0.0022044305267889,1.14017028963911,0.0553949169351251,95.6082711908249,1.4002018872395e-22,2.96050437786492e-22,0.538461538461538,0.675633471349519,0.321348043989521,428.839516129032,53176.1,124,1.93141876104065,0.0116665894139051,1.22479208832703,0.761006112049804,0.0623567293731817,0.419071948450318,0.281097992180598,0.5,0.5,0.359421723178454,33.8447506318665,26.921072331237845,33.84475063186649
P0685,Product P0685,P0015,Product P0015,188,1242,1453,0.0060339570561992,0.0398626311904227,0.0466347851205187,0.151368760064412,3.2458337627852,0.0041749718162954,1.1234151773058,0.101209024720975,319.149460103642,2.21905467503005e-71,1.65821140442314e-70,0.807692307692308,1.0245971381944,0.398939765573627,107.680319148936,20243.9,188,-0.263929521706999,0.004441417656356,1.3654327203228,0.848391049927323,0.0728382247467873,0.634955423937359,0.0006927455594454,0.5,0.5,0.465797769018294,33.8277055750548,26.89672225007825,33.82770557505477
P0578,Product P0578,P0149,"Beck's draught beer, 0.4 L",119,615,5044,0.0038193664345091,0.0197387424976731,0.161889783997176,0.19349593495935,1.19523252290413,0.0006238656751849,1.03918907830995,0.0121758739255895,4.61908463062609,0.0316181070567337,0.0343921782641042,0.576923076923077,0.735160544799536,0.332489739149601,442.983613445378,52715.05,119,2.0281035829185,0.0115654371848157,1.22845289246983,0.763280697552307,0.0360910305844374,0.424691285552337,0.292258390920295,0.5,0.5,0.374696670697146,33.8077808481128,26.868258354446922,33.80778084811284
P0015,Product P0015,P0612,"Sour cream, 50 g",154,1453,2147,0.0049427095034823,0.0466347851205187,0.0689090734024457,0.105987611837577,1.53807919050927,0.0017291496725052,1.0414743004975,0.0323752919527069,32.6575064457698,1.09914106430433e-08,1.47317309724327e-08,0.5,0.831213343197533,0.273043008264092,329.688636363636,50772.05,154,1.25365298110139,0.0111391520072412,1.32764615199625,0.82491293496891,0.0171569608600838,0.576953013244906,0.199357483429498,0.5,0.5,0.293196891589257,33.8013180665823,26.85902580940332,33.801318066582326
P0569,Product P0569,P0152,"Stella Artois draught beer, 0.4 L",114,998,2832,0.0036588888532272,0.0320313252238662,0.0908945020380653,0.114228456913828,1.25671470058762,0.0007474174973845,1.02634308480318,0.0147662156332733,6.79350730446618,0.009148998737528,0.0102060916386944,0.5,1.10404588774985,0.237637402734938,385.41649122807,43937.48,114,1.63459194105721,0.0096396790859364,1.13837925429551,0.821167052411506,0.008577296408626,0.56769885383368,0.240208415445511,0.5,0.5,0.244656812314509,33.7762594369014,26.823227767002045,33.77625943690143
P0069,Product P0069,P0149,"Beck's draught beer, 0.4 L",102,475,5044,0.0032737426581506,0.01524537022178,0.161889783997176,0.214736842105263,1.32643849910263,0.0008056729659897,1.06729853244328,0.0178511212142135,9.92856840373171,0.0016273305295876,0.0018635781253219,0.5,0.683033987109103,0.297082532990813,361.053921568627,36827.5,102,1.46805669633093,0.0080797824895129,1.10734391869181,0.798779790027616,0.0452991758749816,0.512391381774266,0.216068908253507,0.5,0.5,0.326154397004647,33.7367332881016,26.766761840145087,33.73673328810156
P0116,Product P0116,P0070,"Caru' cu Flori potatoes, 180 g",147,418,4003,0.0047180408896877,0.0134159257951664,0.128478351574285,0.351674641148325,2.73722877698186,0.0029943848586818,1.34426586362343,0.0777814753292238,188.498538427099,6.76198719075963e-43,2.5976507130699797e-42,0.5,1.17429601261945,0.229959489001515,340.591700680272,50066.98,147,1.32818307007062,0.0109844629232719,1.26583436140734,0.786507110108337,0.12949216452929,0.482071868379089,0.207743058717242,0.5,0.5,0.234130610722557,33.727447939738,26.75349705676856,33.727447939737985
P0116,Product P0116,P0599,Product P0599,130,418,2260,0.0041724171133292,0.0134159257951664,0.0725358667394165,0.311004784688995,4.2876000338739,0.0031992813076651,1.34611113785737,0.107213652174477,358.142462042656,7.14595659185784e-80,5.86183356520068e-79,0.384615384615385,1.38120183284696,0.16152153895982,338.016769230769,43942.18,130,1.31058160827531,0.0096407102441117,1.29664692689456,0.805652033468956,0.134802881527814,0.529369179487975,0.201849584708361,0.5,0.5,0.140304125600318,33.7234741704862,26.747820243551683,33.72347417048618
P0015,Product P0015,P0685,Product P0685,188,1453,1242,0.0060339570561992,0.0466347851205187,0.0398626311904227,0.129387474191328,3.2458337627852,0.0041749718162954,1.102829720854,0.101209024720975,319.149460103642,2.21905467503005e-71,1.65821140442314e-70,0.807692307692308,1.0245971381944,0.398939765573627,107.680319148936,20243.9,188,-0.263929521706999,0.004441417656356,1.3654327203228,0.848391049927323,0.0649436807156399,0.634955423937359,0.0006927455594454,0.5,0.5,0.465797769018294,33.6698146944318,26.671163849188318,33.66981469443182
P0576,Product P0576,P0149,"Beck's draught beer, 0.4 L",216,1175,5044,0.0069326315113778,0.0377122316012453,0.161889783997176,0.183829787234043,1.13552432213542,0.0008274064834007,1.02688165151545,0.0117913907545243,4.33197256636266,0.0374028760928049,0.0404025126903467,0.653846153846154,0.685680293004931,0.387882658745801,383.555324074074,82847.95,216,1.62186955865667,0.0181764555210656,1.21416500232832,0.75440313226624,0.0399158861652678,0.402759363480075,0.262903762621947,0.5,0.5,0.45063878969989,33.6179681423447,26.59709734620671,33.617968142344694
P0086,Product P0086,P0072,"French fries, 180 g",112,361,5580,0.0035946978207144,0.0115864813685528,0.179092980710595,0.310249307479224,1.73233650056097,0.0015196403364725,1.19015033720271,0.0370347505395961,42.7340920947958,6.27097859360268e-11,9.146574392540809e-11,0.461538461538462,1.16618753189585,0.213064868457868,258.857142857143,28992.0,112,0.769470061552091,0.0063607101740807,1.34627214441579,0.836485914750011,0.0901398002882748,0.605543925564226,0.128485011617308,0.5,0.5,0.21096856594888,33.593060408885,26.56151486983568,33.59306040888497
P0094,Product P0094,P0149,"Beck's draught beer, 0.4 L",187,1003,5044,0.0060018615399428,0.0321918028051481,0.161889783997176,0.186440677966102,1.15165190392344,0.0007903375373377,1.03017714050347,0.0121558413382077,4.60389786097649,0.0318993514152145,0.034629047158208,0.653846153846154,0.648219921329199,0.396698368576241,357.597860962567,66870.8,187,1.44443209897257,0.0146711430018253,1.22720953666725,0.762508157156079,0.0387506491179013,0.422782733463812,0.231958243716385,0.5,0.5,0.462724877415023,33.4970813001122,26.42440185730314,33.4970813001122
P0087,Product P0087,P0535,"Grilled minced-meat rolls with mustard, 40/20/30 g",144,654,5898,0.0046217543409185,0.0209904676316719,0.189299354880123,0.220183486238532,1.16314969154526,0.0006482723596109,1.03960435668314,0.0115437831911138,4.15194849333377,0.041586643077739,0.0448330312231356,0.538461538461538,0.921200410099126,0.280273487154709,334.000902777778,48096.13,144,1.28313034546167,0.0105520675850204,1.28490251504204,0.798354820099124,0.0472488728979877,0.511341498494966,0.201183130407577,0.5,0.5,0.303109672723755,33.2265667632482,26.037952518925948,33.22656676324816
P0084,Product P0084,P0072,"French fries, 180 g",177,661,5580,0.005680906377379,0.0212151362454665,0.179092980710595,0.267776096822995,1.49517918435736,0.0018814243909971,1.1211147515502,0.0340513212641408,36.1263071941794,1.8493331815771102e-09,2.5351409023087404e-09,0.5,1.11614889074572,0.236278270487765,301.550960451977,53374.52,177,1.06131223833574,0.0117101218405311,1.29922541610979,0.807254138896763,0.0774354651586669,0.533327162365256,0.178203665331718,0.5,0.5,0.242793480617828,33.2072606632911,26.010372376130135,33.207260663291095
P0029,Product P0029,P0567,"Fried Romanian cheese doughnuts, 180 g",123,906,2807,0.0039477484995346,0.0290785377282794,0.0900921141316558,0.135761589403974,1.50691978662615,0.0013280015597368,1.05284360740322,0.0276043896546267,23.7417065398663,1.10169078080122e-06,1.38313537612673e-06,0.423076923076923,0.892740576817917,0.223526101917359,388.537804878049,47790.15,123,1.6559283082727,0.0104849369938551,1.29628698337563,0.805428387986177,0.0234023984123868,0.528816665916733,0.245130864606676,0.5,0.5,0.225310619808607,33.200104776802,26.00014968114569,33.20010477680198
P0685,Product P0685,P0031,Product P0031,224,1242,2093,0.0071893956414288,0.0398626311904227,0.0671759155246012,0.180354267310789,2.68480549765994,0.0045115868959927,1.13808203626566,0.0921240425098244,264.424449214621,1.8626124520334701e-59,1.0925323576174801e-58,0.538461538461538,1.21857080426472,0.24270649258814,138.466294642857,31016.45,224,-0.0534857945187058,0.0068048651034377,1.38736735486922,0.86201980464781,0.0790216767217429,0.668625104400405,0.0323089269699303,0.5,0.5,0.251606390485758,33.1151780666991,25.878825809570206,33.115178066699144
P0150,Product P0150,P0072,"French fries, 180 g",342,1131,5580,0.0109766665596816,0.0363000288859646,0.179092980710595,0.302387267904509,1.68843729500014,0.0044755861866135,1.17673743829698,0.0624078540983343,121.348422067674,3.2058259701845397e-28,8.13385147318916e-28,0.230769230769231,1.98956036236566,0.0771916946967485,334.146812865497,114278.21,342,1.28412774321182,0.0250721086169543,1.3005512859973,0.808077948176554,0.114800501084751,0.535362373635979,0.242465321144405,0.5,0.5,0.0246903050038611,33.0994669673413,25.85638138191616,33.099466967341314
P0153,Product P0153,P0152,"Stella Artois draught beer, 0.4 L",102,616,2832,0.0032737426581506,0.0197708380139295,0.0908945020380653,0.165584415584416,1.82172091679507,0.0014766821819992,1.08951164736294,0.0369007112254142,42.4253181679475,7.34332738418047e-11,1.06820935681879e-10,0.346153846153846,1.2488622590667,0.153923987455552,448.727941176471,45770.25,102,2.0673700904281,0.0100417803133699,1.10083539744045,0.794084884361186,0.0379397483018769,0.500792671779491,0.292587871061878,0.5,0.5,0.129888098341372,32.9252868062786,25.607552580398053,32.925286806278635
P0150,Product P0150,P0567,"Fried Romanian cheese doughnuts, 180 g",141,1131,2807,0.0045254677921494,0.0363000288859646,0.0900921141316558,0.124668435013263,1.38378853926192,0.0012551214467727,1.03950082718899,0.0234379292347254,17.1156781658813,3.51707710965157e-05,4.277738156778e-05,0.192307692307692,2.04587373614537,0.063137118924392,370.585106382979,52252.5,141,1.53320902704881,0.0114639558626916,1.1755994286487,0.848015732891692,0.0185211687286113,0.634028207553969,0.233376810777061,0.5,0.5,0.0054218809233474,32.7727425504263,25.389632214894707,32.772742550426294
P0482,Product P0482,P0612,"Sour cream, 50 g",106,713,2147,0.0034021247231761,0.0228841030907982,0.0689090734024457,0.148667601683029,2.15744595511791,0.0018252023835432,1.09368670620108,0.0481877654367131,72.3484464071262,1.80364740830844e-17,3.2851073830793104e-17,0.423076923076923,0.754976371518713,0.241072717526563,411.345754716981,43602.65,106,1.81183663654952,0.0095662189387376,1.25346222353054,0.778819868630296,0.0385767266987624,0.463080627468514,0.260985343989415,0.5,0.5,0.249366531293384,32.7465192760677,25.352170394382377,32.74651927606766
P0031,Product P0031,P0685,Product P0685,224,2093,1242,0.0071893956414288,0.0671759155246012,0.0398626311904227,0.107023411371237,2.68480549765994,0.0045115868959927,1.07521001226241,0.0921240425098244,264.424449214621,1.8626124520334701e-59,1.0925323576174801e-58,0.538461538461538,1.21857080426472,0.24270649258814,138.466294642857,31016.45,224,-0.0534857945187058,0.0068048651034377,1.38736735486922,0.86201980464781,0.0526850158730983,0.668625104400405,0.0323089269699303,0.5,0.5,0.251606390485758,32.5884448497263,25.126349785323214,32.588444849726244
P0150,Product P0150,P0070,"Caru' cu Flori potatoes, 180 g",244,1131,4003,0.0078313059665564,0.0363000288859646,0.128478351574285,0.215738284703802,1.67918004909227,0.0031675380931888,1.11126379297574,0.0506108196203958,79.8072553869311,4.1277420001697204e-19,7.873018395428611e-19,0.230769230769231,1.93968830843876,0.0785012581458984,366.577581967213,89444.93,244,1.50581478790838,0.0196238022996324,1.30318874246464,0.809716692018093,0.0714212197738885,0.539410871289433,0.25326646755306,0.5,0.5,0.026485679286747,32.5468279651951,25.066897093135854,32.54682796519509
P0140,Product P0140,P0094,Product P0094,107,931,1003,0.0034342202394325,0.0298809256346888,0.0321918028051481,0.114930182599356,3.5701691916731,0.0024722993737653,1.09348231988884,0.082266726440011,210.864789495651,8.89600571970397e-48,3.9614458123253203e-47,0.461538461538462,0.876808629541386,0.245916634372702,402.813551401869,43101.05,107,1.75351304478564,0.0094561702279443,1.23976180156684,0.77030731784604,0.048570204322673,0.442050469489334,0.25376803674084,0.5,0.5,0.256007403669321,32.4478482477501,24.925497496785926,32.447848247750144
P0084,Product P0084,P0018,"Hot pepper, 1 pc.",182,661,2461,0.0058413839586609,0.0212151362454665,0.0789870655069487,0.275340393343419,3.48589217204425,0.0041656626023014,1.27095939394553,0.107178259976244,357.906048925206,8.04524785282348e-80,6.55027269211225e-79,0.461538461538462,1.23698751774501,0.206321429099307,252.016813186813,45867.06,182,0.722711612358072,0.0100630199778274,1.28883385036754,0.800797496076326,0.12068506196175,0.51737610116512,0.133444959231231,0.5,0.5,0.20172350217559,32.4473574689179,24.924796384168456,32.447357468917915
P0094,Product P0094,P0140,Product P0140,107,1003,931,0.0034342202394325,0.0321918028051481,0.0298809256346888,0.106679960119641,3.5701691916731,0.0024722993737653,1.08597034775492,0.082266726440011,210.864789495651,8.89600571970397e-48,3.9614458123253203e-47,0.461538461538462,0.876808629541386,0.245916634372702,402.813551401869,43101.05,107,1.75351304478564,0.0094561702279443,1.23976180156684,0.77030731784604,0.0456071499768569,0.442050469489334,0.25376803674084,0.5,0.5,0.256007403669321,32.3885871608338,24.84083880119118,32.38858716083382
P0048,Product P0048,P0165,"Honey lemonade, 500 ml",202,1234,3686,0.0064832942837885,0.0396058670603717,0.118304072921013,0.163695299837925,1.38368270674179,0.0017977588989784,1.05427594381344,0.0285409003852759,25.3799623690535,4.70782893737732e-07,6.00028197509189e-07,0.5,0.819791935369254,0.274756685246297,347.048415841584,70103.78,202,1.3723192451354,0.0153804438013079,1.24815220742523,0.77552057012099,0.039317461811694,0.454929748768382,0.225431177122761,0.5,0.5,0.295546294044725,32.349030694504,24.784329563577128,32.34903069450399
P0083,Product P0083,P0612,"Sour cream, 50 g",212,614,2147,0.0068042494463523,0.0197066469814167,0.0689090734024457,0.345276872964169,5.01061552442693,0.0054462826629938,1.42211400231567,0.154696870431007,745.621959465803,3.5921040352902895e-164,7.837971005003419e-163,0.692307692307692,0.525644288409893,0.453780542140168,214.745754716981,45526.1,212,0.467937796202951,0.0099882149370936,1.15747100783209,0.719177172905998,0.175891184797154,0.315734039450971,0.103068509053054,0.5,0.5,0.540982915614266,32.3037038221662,24.719576888808913,32.30370382216624
P0084,Product P0084,P0535,"Grilled minced-meat rolls with mustard, 40/20/30 g",151,661,5898,0.0048464229547132,0.0212151362454665,0.189299354880123,0.228441754916793,1.20677513698584,0.0008304113497524,1.05073162043968,0.0147103130530026,6.74216636332593,0.0094160213773808,0.0104825299211455,0.461538461538462,1.15321438569015,0.214348587212569,281.306490066225,42477.28,151,0.922927089430134,0.0093193179864541,1.30219526315919,0.80909940861885,0.0522264228576342,0.537885879811202,0.155041426761418,0.5,0.5,0.212728507889948,32.0303596675046,24.32908523929223,32.030359667504555
P0150,Product P0150,P0165,"Honey lemonade, 500 ml",185,1131,3686,0.0059376705074301,0.0363000288859646,0.118304072921013,0.163572060123784,1.38264098678154,0.00164322924307,1.05412060626462,0.0272028546603923,23.0560336142701,1.57347941980496e-06,1.96639867927515e-06,0.192307692307692,2.1927097361398,0.0602333779769799,309.776756756757,57308.7,185,1.11754132335568,0.0125732626639536,1.33419821447413,0.828983960279833,0.0374068166010126,0.587010434057512,0.187307994924566,0.5,0.5,0.0014409345823887,31.2489142574857,23.212734653550992,31.248914257485694
P0044,Product P0044,P0535,"Grilled minced-meat rolls with mustard, 40/20/30 g",107,420,5898,0.0034342202394325,0.0134801168276792,0.189299354880123,0.254761904761905,1.34581496552504,0.0008824428202441,1.08784112124712,0.0195335868673882,11.888296572577,0.0005648775870416,0.0006556185611302,0.346153846153846,1.10563136008085,0.164394325006897,275.501869158878,29478.7,107,0.883248435788046,0.006467489894063,1.11510307596259,0.804376838885632,0.0608204205662825,0.526218826060291,0.142258714549913,0.5,0.5,0.144242633652375,31.0283855600535,22.897693657219257,31.02838556005348
P0150,Product P0150,P0007,Product P0007,141,1131,2157,0.0045254677921494,0.0363000288859646,0.0692300285650095,0.124668435013263,1.80078554923886,0.0020124157554634,1.06333417948785,0.0423862371155766,55.9764511175549,7.33442843549284e-14,1.1767443269298099e-13,0.230769230769231,2.03225901467653,0.0761047224700388,409.293262411347,57710.35,141,1.7978064125955,0.0126613828088701,1.25830684379172,0.781830000443238,0.0282408436448352,0.470517123199196,0.268098955691747,0.5,0.5,0.0232000969629199,30.5691394203448,22.24162774334966,30.56913942034476
P0084,Product P0084,P0612,"Sour cream, 50 g",114,661,2147,0.0036588888532272,0.0212151362454665,0.0689090734024457,0.172465960665658,2.5028048143735,0.0021969734724454,1.12513912702191,0.0601899559901609,112.876539300952,2.2963777633071898e-26,5.61737251069091e-26,0.461538461538462,1.25704486901175,0.20448794256383,315.595438596491,35977.88,114,1.15731609332905,0.0078933798067693,1.23937802347082,0.770068863107861,0.0544849571784079,0.441461369824395,0.178749797553522,0.5,0.5,0.199209844226485,30.4860209333914,22.122887047701926,30.486020933391348
P0688,Product P0688,P0031,Product P0031,289,1468,2093,0.0092756041980935,0.0471162178643643,0.0671759155246012,0.196866485013624,2.93061111971786,0.0061105291269982,1.16148070908387,0.115203843344498,413.5133834685,6.300296375365309e-92,6.36446606066995e-91,0.615384615384615,1.47216440658784,0.248925441101221,120.645328719723,34866.5,289,-0.175304591252966,0.0076495481955224,1.27897629809125,0.794672654477818,0.100249334712754,0.502244751035345,0.0202806475865226,0.5,0.5,0.260132392211161,30.056818588804,21.509740841148634,30.056818588804042
P0031,Product P0031,P0688,Product P0688,289,2093,1468,0.0092756041980935,0.0671759155246012,0.0471162178643643,0.138079311992355,2.93061111971786,0.0061105291269982,1.10553534146889,0.115203843344498,413.5133834685,6.300296375365309e-92,6.36446606066995e-91,0.615384615384615,1.47216440658784,0.248925441101221,120.645328719723,34866.5,289,-0.175304591252966,0.0076495481955224,1.27897629809125,0.794672654477818,0.0791360145656659,0.502244751035345,0.0202806475865226,0.5,0.5,0.260132392211161,29.6345521858623,20.906503122660403,29.634552185862283
P0084,Product P0084,P0165,"Honey lemonade, 500 ml",108,661,3686,0.0034663157556889,0.0212151362454665,0.118304072921013,0.16338880484115,1.38109196756259,0.000956478730276,1.05388970668935,0.0205517835021608,13.1599629601141,0.000285994538035,0.0003351450494052,0.307692307692308,1.50488199254579,0.1228370472573,290.735185185185,31399.4,108,0.987378831222361,0.0068888825551887,1.27528446093911,0.792378787082491,0.0286954083529998,0.496577778240746,0.155782051681235,0.5,0.5,0.08726878653805,29.4937926308801,20.705418044114452,29.493792630880115
P0150,Product P0150,P0152,"Stella Artois draught beer, 0.4 L",144,1131,2832,0.0046217543409185,0.0363000288859646,0.0908945020380653,0.127320954907162,1.4007552938003,0.0013222812913614,1.04174095055213,0.024593678728593,18.8452813338073,1.41761358622664e-05,1.73972600964371e-05,0.230769230769231,1.86462543958603,0.0805582564408769,382.932986111111,55142.35,144,1.61761544234574,0.0120979755335169,1.06239722408563,0.766357603321273,0.0202511935998543,0.432292745566894,0.245167688192021,0.5,0.5,0.0293057655079545,29.2472902022549,20.35327171750704,29.24729020225493
P0084,Product P0084,P0082,"Tripe soup, 300/100 g",101,661,2454,0.0032416471418942,0.0212151362454665,0.078762396893154,0.152798789712557,1.93999669562923,0.0015706921607865,1.08738938509576,0.0404649726216193,51.0169082867756,9.15737479031592e-13,1.40912495010362e-12,0.384615384615385,1.43431410982102,0.157997434703964,342.731485148515,34615.88,101,1.34280999715843,0.0075945633312899,1.21610880571632,0.755610885217117,0.0353686370807793,0.405743103137023,0.199864523272938,0.5,0.5,0.135472678788573,29.1742520577005,20.248931511000766,29.174252057700535
P0083,Product P0083,P0152,"Stella Artois draught beer, 0.4 L",108,614,2832,0.0034663157556889,0.0197066469814167,0.0908945020380653,0.175895765472313,1.93516397062883,0.0016750898914731,1.10314382559017,0.0419254536940552,54.7660194468133,1.35768024961851e-13,2.1529493493223699e-13,0.346153846153846,1.39936118342363,0.144269169871258,177.130833333333,19130.13,108,0.210813435942464,0.0041970616902072,1.08673953685923,0.78391687028239,0.0447254610476976,0.475672710932139,0.0562079993699603,0.5,0.5,0.116651617735527,27.6986396043512,18.14091372050172,27.698639604351204
P0552,Product P0552,P0149,"Beck's draught beer, 0.4 L",118,282,5044,0.0037872709182527,0.0090509355842988,0.161889783997176,0.418439716312057,2.58471971473726,0.0023220169115382,1.44114073727315,0.0665629691933353,138.04510363507,7.12402083743781e-32,2.00834799318983e-31,0.423076923076923,0.840040317420889,0.229928072266337,444.316779661017,52429.38,118,2.03721670871294,0.0115027625133398,0.951781180249013,0.591374897345091,0.146018294566546,0.0,0.293159673168796,0.5,0.5,0.234087539271206,26.1244347474189,15.892049639169855,26.124434747418896
